id,name,name_local,country,region,municipality,population_current,population_scale,purpose,theme,start_year,end_year,status_current,actor_type,lead_actor,component_types,components,latest_source_year,elapsed_years,follow_up,follow_up_note,single_outlet,self_reported,source_count,source_urls,unknown_fields,image_url,image_credit,last_verified,url
ar-0001,経済破綻で職を失った人に空き地を貸し、農薬を使わない野菜を売る市まで用意した,Programa de Agricultura Urbana,アルゼンチン,サンタフェ州,ロサリオ市,1030069,25万超,商いを起こす,農林水産・食,2002,,継続中,混合,ロサリオ市。技術の起点は農業技師アントニオ・ラトゥーカと NGO の CEPAR（Centro de Estudios de Producciones Agroecológicas de Rosario）で、国の ProHuerta（INTA）が加わった,hybrid,空き地を耕す人に一時的に貸した｜農薬を使わない作り方を教えた｜売る市を街なかに常設した｜共同の畑から区画制に変えた｜市街の外周を条例で農地に留めた,2026,24,濃い,1987年に NGO の共同菜園から始まり、2001年の経済破綻を受けて2002年に市の制度になった。2021年6月に WRI の大賞（25万ドル）を受け、2023年4月には河岸段丘の500平方メートルで若者向けの講座が始まっている。,,,6,https://www.wri.org/insights/rosario-urban-farming-tackles-climate-change｜https://www.rosario3.com/informaciongeneral/Rosario-recibio-un-premio-internacional-por-sus-politicas-de-produccion-sustentable-de-alimentos-20210630-0007.html｜https://latinta.com.ar/2021/07/12/rosario-agricultura-urbana/｜https://www.infobae.com/america/soluciones/2022/11/16/el-programa-de-agricultura-urbana-de-rosario-produce-alimentos-agroecologicos-y-da-trabajo-a-360-personas/｜https://historiaregional.org/ojs/index.php/historiaregional/article/view/991｜https://rosalux-ba.org/2026/07/17/la-agricultura-urbana-de-rosario-apuesta-al-futuro/,funding_scale,https://rosalux-ba.org/wp-content/uploads/2026/07/foto-1-para-mandar.jpg,Fundación Rosa Luxemburgo,2026-08-19,https://yusu0326.github.io/terroir-site/p/ar-0001.html
at-0001,気候対策の事業を、区ごとに住民の陪審が選ぶ仕組みを作った,Wiener Klimateam,オーストリア,ウィーン,ウィーン,2040914,25万超,住民が決める,自然・緑地・水辺,2022,,継続中,行政,ウィーン市（Stadt Wien）,hybrid,区ごとに気候の案を住民から集める｜案を専門家との作業会で練り直す｜抽選で選ばれた住民の陪審が決める｜区民1人あたりの実施予算を割り当てる｜選ばれた案を市の部局が施工する,2026,4,濃い,2023年の論文は抄録で、ウィーンの参加型予算の現行の形態は、過程の正統性を高める一方で実施の実効性と弱い立場の人々の力づけには効きにくいかもしれないと論じている。2026年7月に4巡目が終わった。,,,8,https://www.meinbezirk.at/wien/c-politik/wiener-klimateam-auf-schiene_a5106709｜https://www.meinbezirk.at/wien/c-politik/margareten-simmering-und-ottakring-werden-klimafit_a5421238｜https://www.meinbezirk.at/ottakring/c-lokales/ottakringer-klima-ideen-stehen-vor-der-umsetzung_a5709811｜https://www.meinbezirk.at/wien/c-politik/19-klimafitte-projekte-fuer-margareten-ottakring-und-simmering_a5775346｜https://www.meinbezirk.at/wien/c-politik/drei-neue-bezirke-stossen-zum-wiener-klimateam-dazu_a5784652｜https://www.meinbezirk.at/ottakring/c-politik/diese-ottakringer-klima-ideen-werden-bis-2024-umgesetzt_a5901775｜https://www.meinbezirk.at/josefstadt/c-lokales/15-projekte-machen-die-josefstadt-und-penzing-lebenswerter_a8776227｜https://www.cogitatiopress.com/urbanplanning/article/view/6067,,https://media04.meinbezirk.at/article/2022/11/15/2/31718992_XXL.jpg,MeinBezirk,2026-08-19,https://yusu0326.github.io/terroir-site/p/at-0001.html
at-0002,街区に通り抜けの車を入れないようにし、舗装を剥がして緑と居場所に変えた,Supergrätzl,オーストリア,ウィーン,ウィーン（10区 Favoriten）,2040914,25万超,歩けるようにする,交通・道路・駅,2022,,継続中,行政,ウィーン市（Stadt Wien）と10区,hybrid,通り抜けの車を街区に入れない｜一方通行の向きを入れ替える｜交差点で車を幹線に戻す｜車道の舗装を剥がして木を植える｜学校の周りを歩行者専用にする,2026,4,濃い,2022年5月には最終段階までに90の駐車枠がなくなることに反発が出たと報じられ、区長は住んでいる人には十分な駐車の場所があると述べた。市の都市開発部門は2026年5月に開いたと書き、7月19日まで意見を集める調査を始めた。,,,6,https://www.meinbezirk.at/favoriten/c-lokales/mehr-gruen-weniger-verkehr-wien-plant-jetzt-erstes-supergraetzl_a4826068｜https://www.meinbezirk.at/favoriten/c-lokales/das-ist-der-fahrplan-fuer-die-umsetzung-des-supergraetzels_a5365705｜https://www.meinbezirk.at/favoriten/c-politik/das-supergraetzel-in-innerfavoriten-auf-dem-pruefstand_a5510281｜https://www.meinbezirk.at/favoriten/c-lokales/baubeginn-fuer-oesterreichs-erstes-supergraetzl_a6335369｜https://www.meinbezirk.at/favoriten/c-lokales/das-supergraetzl-im-zehnten-wird-zu-einem-vorzeigeprojekt_a6667461｜https://wienerbezirksblatt.at/evaluierung-supergraeztls/,,https://wienerbezirksblatt.at/wp-content/uploads/2026/06/10_Supergraetzl-1.jpg,Wiener Bezirksblatt,2026-08-19,https://yusu0326.github.io/terroir-site/p/at-0002.html
at-0003,駐車場と倉庫だった都心の一角を、住まいと公園のある街区に組み替える,NikolaiQuartier,オーストリア,ケルンテン州,フィラッハ,66051,5万〜25万,住む人を増やす・戻す,住まいと暮らし（住宅・医療・福祉・子育て）,2021,,継続中,混合,フィラッハ市と Vereinigte Kärntner Brauerei・KABEG・Schinagl & Partner,hard,駐車場と倉庫の跡地を組み替える｜住戸の半分を協同組合住宅にする｜囲われていた緑地を公園に開く｜住民に聞き取りと作業会を開く｜助成付き住戸と若者の居場所を入れる,2026,5,濃い,2021年1月の時点で市は日程を示せていなかった。2023年5月には市が6月5日に住民へ開かれた討議の場を設けると告知し、2026年8月には最初の建築段階を月内に市役所へ提出する予定で、着工は2027年になりうると報じられた。,true,,4,https://www.meinbezirk.at/villach/c-lokales/neues-stadtviertel-in-villach-geplant_a4455888｜https://www.meinbezirk.at/villach/c-lokales/stadt-villach-laedt-zur-diskussion-ueber-neues-stadtviertel_a6076671｜https://www.meinbezirk.at/villach/c-lokales/villach-gewinnt-impuls-award-fuer-geplantes-nikolaiquartier_a6914535｜https://www.meinbezirk.at/villach/c-lokales/drei-quartiere-die-die-stadt-veraendern_a8832550,,https://media04.meinbezirk.at/article/2023/05/31/4/34532694_XXL.jpg,MeinBezirk,2026-08-19,https://yusu0326.github.io/terroir-site/p/at-0003.html
at-0004,幹線道路の完成に北側の建設の順番を縛られながら、市と開発会社が街区を作り続けている,Seestadt Aspern,オーストリア,ウィーン,ウィーン（ドナウシュタット区）,2040914,25万超,住む人を増やす・戻す,住まいと暮らし（住宅・医療・福祉・子育て）,2008,,継続中,混合,ウィーン市と Wien 3420 aspern Development AG,hard,幹線道路と接続してから北を建てる｜街区の中に働く場を作る｜街区の緑化の取り組みを続ける,2026,18,濃い,MeinBezirk は2026年2月3日に、ORF の報道として、Seestadt と南東環状線をつなぐ3.3キロの Stadtstraße の工事が8割まで進み、2月2日に最後のトンネルの貫通に至ったと伝えている。同記事によれば、市は2026年末までの完成を目指しているが、通行の開放は2027年になる見込みだと関係機関の担当者が話している。,true,,4,https://www.meinbezirk.at/donaustadt/c-politik/notwendigkeit-der-begruenungsoffensive-stoesst-auf-kritik_a5888908｜https://www.meinbezirk.at/donaustadt/c-wirtschaft/seestadt-bauten-muessen-auf-fertige-stadtstrasse-warten_a7002554｜https://www.meinbezirk.at/donaustadt/c-lokales/in-der-seestadt-steckt-viel-geschichte_a6965684｜https://www.meinbezirk.at/donaustadt/c-lokales/letzter-tunneldurchstich-geschafft-baustelle-fast-fertig_a8025742,,https://media04.meinbezirk.at/article/2026/02/03/3/49289533_XXL.webp,MeinBezirk（ドナウシュタット版）,2026-08-19,https://yusu0326.github.io/terroir-site/p/at-0004.html
au-0001,空き地を探す地図と持ち運べる畑で、遊休都市用地を市民農園に変え続けるしくみをつくった,3000acres,オーストラリア,ビクトリア州,メルボルン（最初の畑はフィッツロイ。以後、複数の自治体にまたがって展開）,5350705,25万超,空間をひらく,農林水産・食,2014,,継続中,NPO,Kate Dundas ら（2013年の共同創業者。出典間で創業者の人数の記述が食い違う。discrepancies参照）,hybrid,空き地・遊休地の地図をつくった｜移動できる高床式の畑を設計した｜開発業者や鉄道会社と用地契約を仲介した｜リース・保険・許可のひな型を提供した｜遺産保護区でも畑を共同設計した,2019,5,薄い,2014年にフィッツロイの空き駐車場で始まり、2019年の記事では開発業者・自治体・VicTrackとの連携が伝えられている。,,,3,https://greeningthewest.org.au/2015/05/3000acres-growing-on-vacant-melbourne/｜https://assemblepapers.com.au/2016/11/25/keys-to-the-city-3000-acres/｜https://thefifthestate.com.au/environment/how-can-melbourne-house-7-million-people-without-destroying-its-foodbowl/,funding_scale,https://greeningthewest.org.au/wp-content/uploads/2015/05/3000acresjewellstation.jpg,Greening the West,2026-09-02,https://yusu0326.github.io/terroir-site/p/au-0001.html
bd-0001,増水すると浮き、水が引くと地面に降りる校舎を、竹と使い終えたドラム缶で建てた,Arcadia Education Project,バングラデシュ,ダッカ管区,ケラニガンジ・南カナルチョル,,不明,誇りをつくる,学校・公共施設,2012,,判定不能,NPO,Maleka Welfare Trust（設計は Saif Ul Haque Sthapati）,hard,増水すると浮く校舎を竹で組む｜使い終えたドラム缶を浮きにする｜敷地の土を盛らずに水を受け入れる｜地元の果実を煮た液で竹に防水を施す｜継ぎ手の多くを縄で結ぶ,2020,8,薄い,ボストン建築協会は2020年6月4日の頁で、この校舎が乾季には地面に載りモンスーンの期間は浮くこと、審査団の評が、海面の上がる時代に地元で手に入る材料で安く確かなものを建てられる例だとしていることを載せている。2020年より後に、この学校の現在を書いた出典は見つけられなかった。,,,5,https://www.metalocus.es/en/news/amphibious-modules-arcadia-education-project-saif-ul-haque｜https://www.prothomalo.com/bangladesh/%E0%A6%86%E0%A6%97%E0%A6%BE-%E0%A6%96%E0%A6%BE%E0%A6%A8-%E0%A6%85%E0%A7%8D%E0%A6%AF%E0%A6%BE%E0%A6%93%E0%A7%9F%E0%A6%BE%E0%A6%B0%E0%A7%8D%E0%A6%A1-%E0%A6%AA%E0%A7%87%E0%A6%B2%E0%A7%87-%E2%80%98%E0%A6%86%E0%A6%B0%E0%A7%8D%E0%A6%95%E0%A7%87%E0%A6%A1%E0%A6%BF%E0%A7%9F%E0%A6%BE-%E0%A6%8F%E0%A6%A1%E0%A7%81%E0%A6%95%E0%A7%87%E0%A6%B6%E0%A6%A8｜https://www.thedailystar.net/city/bangladeshi-project-wins-aga-khan-award-for-architecture-2019-1792831｜https://www.thedailystar.net/country/news/think-about-reasons-while-going-change-bangladeshi-award-winning-architect-1799854｜https://www.architects.org/architecture-in-dialogue-the-digital-collection/arcadia-education-project,population_current｜population_scale｜status_current,https://www.metalocus.es/sites/default/files/styles/mopis_fullslider_desktop/public/lead-images/metalocus_aga-khan-14_01_2p.jpg?itok=JGLndF0U,METALOCUS,2026-08-20,https://yusu0326.github.io/terroir-site/p/bd-0001.html
bd-0002,獲れた魚を売った金の4割を漁民に、36%を村の組織に分け、その取り分で湿地を守った,Tanguar Haor,バングラデシュ,シレット管区,スナムガンジ県 タヒルプル郡・ダルマパシャ郡（タングアール・ハオル沿岸88村）,,不明,お金を地域で回す,自然・緑地・水辺,2006,,判定不能,行政,バングラデシュ環境森林省（Ministry of Environment and Forests）。ダウン・トゥ・アース（2018年3月27日）によれば、資金はスイス開発協力庁（SDC）、技術支援はIUCNバングラデシュ事務所が担った,hybrid,漁獲収入を漁民・村組織・政府で配分する｜村ごとの住民組織を協同組合に変える｜許可制で漁業権を住民に戻す｜村組織の取り分を地域の開発に使う｜村・ユニオン・ハオル圏の3層で代表を選挙で選ぶ,2024,18,濃い,2018年3月にダウン・トゥ・アースが仕組みの評価を伝え、2020〜2021年にはThe Daily Starで元関係者による検証が続き、2024年1月には同紙が資源の減少と私物化への批判を報じた。開始から3年以上あとの評価・検証記事が複数年にわたって続いている。,,,6,https://www.thedailystar.net/frontpage/rampant-felling-trees-threatens-tanguar-haor-1343464｜https://www.thedailystar.net/environment/bangladesh-tanguar-haor-accusations-fly-unique-biodiversity-comes-under-threat-1445431｜https://www.downtoearth.org.in/news/water/unique-programme-in-bangladesh-shows-the-way-to-wetland-management-60040｜https://www.thedailystar.net/weekend-read/news/tanguar-haor-paradise-lost-3517926｜https://www.thedailystar.net/opinion/environment/news/providing-permanent-support-the-people-tanguar-haor-1945997｜https://www.thedailystar.net/views/opinion/news/new-vision-possible-tanguar-haor-2126766,population_current｜population_scale,https://cf-images.assettype.com/down-to-earth%2Fimport%2Flibrary%2Flarge%2F2018-03-27%2F0.13227500_1522155339_life_on_the_flow_(3825779765).jpg?w=1200&ar=40%3A21&auto=format%2Ccompress&ogImage=true&mode=crop&enlarge=true&overlay=false&overlay_position=bottom&overlay_width=100,Down To Earth,2026-09-03,https://yusu0326.github.io/terroir-site/p/bd-0002.html
be-0001,車と商用車の代わりにカーゴバイクを使えるようにして、街の空気を変えようとした,Cairgo Bike,ベルギー,ブリュッセル首都圏,ブリュッセル,1255795,25万超,歩けるようにする,交通・道路・駅,2020,,判定不能,混合,Brussel Mobiliteit（ブリュッセル首都圏の交通部局）を調整役とする共同事業体,soft,事業者に購入の補助を出す｜半年の試用の期間を置く｜情報を一つのサイトにまとめる｜組織の導入に伴走する,2023,3,濃い,BRUZZ は2023年9月29日に、Brussel Mobiliteit が報道発表で事業を「本当の成功」と評したと伝えている。同じ報道発表によれば、補助の総額は2021年から2023年で95万ユーロ、うち40万ユーロが欧州の資金、残りの55万ユーロがブリュッセル首都圏の資金だった。,true,,4,https://www.bruzz.be/mobiliteit/brussels-project-rond-cargofiets-krijgt-europese-steun-2020-07-09｜https://www.bruzz.be/mobiliteit/brussels-gewest-wil-meer-bakfietsen-de-stad-2021-04-30｜https://www.bruzz.be/mobiliteit/brussel-gelooft-leveringen-met-de-fiets-milieuvriendelijker-en-sneller-2022-05-11｜https://www.bruzz.be/mobiliteit/brussel-mobiliteit-maakt-positieve-balans-op-na-drie-jaar-cairgo-bike-project-2023-09-29,end_year,https://wmimages.bruzz.be/styles/cb5048ca7f89e231c928e0a37d7e49dbae1ead4e/bulk_image_upload/1624435831/20210623_Een%20vrouw%20vervoert%20haar%20kinderen%20door%20Brussel%20met%20een%20bakfiets%20mobiliteit%20fietsbeleid%20fietsveiligheid_(c)_ProVelo.jpg?style=W3sicmVzaXplIjp7ImZpdCI6Imluc2lkZSIsIndpZHRoIjoxMjAwLCJoZWlnaHQiOjYzMCwid2l0aG91dEVubGFyZ2VtZW50Ijp0cnVlfX0seyJqcGVnIjp7InF1YWxpdHkiOjc1fX1d&sign=b4c2423df9a318a2c1b35ce613d9d178900c7f429874f4dd6ca60185e712fada,BRUZZ,2026-08-19,https://yusu0326.github.io/terroir-site/p/be-0001.html
be-0002,欧州文化首都の年に生まれた行進を、市内の団体と学校が作る形で2年に一度続けた,Zinneke Parade,ベルギー,ブリュッセル首都圏,ブリュッセル,1255795,25万超,誇りをつくる,文化・アート・祭り,2000,,継続中,NPO,vzw Zinneke と、市内の150を超える団体・学校・アーティスト・地区の組織,soft,2年に一度の行進をする｜加わる集団が設営物と振付を作る｜学校や地域の団体を巻き込む｜弱い立場の人との創作を軸に置く,2026,26,濃い,"BRUZZ は2026年5月30日に、ブリュッセル政府が urban.brussels を通じて36万ユーロを出すと決め、VGC の11万2,550ユーロと合わせて2026年の回を行えるようになったと伝えている。VRT は同じ日に、14回目には14の集団と約1,600人が参加したと書いている。",,,5,https://www.bruzz.be/culture/events-festivals/zinneke-parade-trekt-na-vier-jaar-opnieuw-door-brussel-2022-04-19｜https://www.vrt.be/vrtnws/nl/2022/05/14/bekijk-kleurrijke-zinnekeparade-trekt-door-de-straten-van-een/｜https://www.vrt.be/vrtnws/nl/2025/10/06/toekomst-van-zinneke-parade-onzeker-door-onduidelijkheid-werking/｜https://www.bruzz.be/actua/samenleving/brussels-gewest-steunt-zinneke-parade-na-lange-periode-van-onzekerheid-2026-05-30｜https://www.vrt.be/vrtnws/nl/2026/05/30/brussel-zinneke-parade-editie-14/,,https://images.vrt.be/vrtnws_share/2025/10/06/9447212e-9f87-4248-8477-e0c79510d5d7.jpg,VRT NWS,2026-08-19,https://yusu0326.github.io/terroir-site/p/be-0002.html
be-0003,老朽した公営住宅の塔を壊しながら跡地に建て直し、5ヘクタールの公園を開いた,Nieuw Gent,ベルギー,東フランデレン州,ヘント,273790,25万超,住む人を増やす・戻す,住まいと暮らし（住宅・医療・福祉・子育て）,2021,,継続中,混合,社会住宅会社 Thuispunt Gent（旧 WoninGent）とヘント市,hard,老朽した6棟の塔を壊す｜古い塔に代えて新しい塔を建てる｜入居者を段階的に住み替えさせる｜壊した材で公園の壁を作る｜5ヘクタールの公園を敷く,2026,5,濃い,VRT は2026年6月2日に、最初の新しい塔が開かれ、92戸を持つと伝えている。同紙は2026年5月4日に、Thuispunt がヘント全体で解体を待つ240戸を一時的な緊急住宅として貸し出す計画（Nieuw Gent の塔もその対象に入る）について、20ほどの団体でつくる Wooncoalitie が市場価格の75%で貸すのは弱い立場の人を食い物にすると批判したこと、Thuispunt が対象を弱い立場の集団と一時的に住まいを見つけられない人に限ると強調したことを伝えている。,true,,6,https://www.vrt.be/vrtnws/nl/2021/09/07/stad-gent-investeert-23-miljoen-in-sociale-huisvesting/｜https://www.vrt.be/vrtnws/nl/2023/06/21/thuispunt-gent-belooft-versnelling-in-bouw-nieuwe-sociale-woning/｜https://www.vrt.be/vrtnws/nl/2024/10/24/wijkpark-nieuw-gent-sociale-woningen-thuispunt-gent-nieuwbouw-ur/｜https://www.vrt.be/vrtnws/nl/2026/04/08/gent-thuispunt-leegstaande-sociale-woningen-leegstandbeheer-tijd/｜https://www.vrt.be/vrtnws/nl/2026/05/01/gent-kritiek-project-leegstand-sociale-woningen-thuispunt-kwetsb/｜https://www.vrt.be/vrtnws/nl/2026/06/02/gent-woontorens-sociale-woning-92-appartementen/,塔1棟あたりの建設費と、5ヘクタールの公園の造成費（参照した6本のどこにも書かれていない）,https://images.vrt.be/vrtnws_share/2024/10/24/bfdc6db3-6d16-4202-a3e9-d8e4a3f479ce.png,VRT NWS,2026-08-19,https://yusu0326.github.io/terroir-site/p/be-0003.html
be-0004,市民運動が環状道路を覆って公園にすることを求め、政府や市との協定の当事者になった,Ringland,ベルギー,アントワープ州,アントワープ,,不明,住民が決める,自然・緑地・水辺,2014,,継続中,混合,市民運動 Ringland・Ademloos・stRaten-generaal と、フランデレン政府・アントワープ市・港湾公社,hard,環状道路の脇に公園を作る｜市民運動が全面の覆いを求める｜政府と市と港湾と協定を結ぶ｜自転車と歩行の道でつなぐ,2026,12,濃い,VRT は2026年8月9日に、最初の Ringpark である Ringpark West が左岸で正式に開かれ、Toekomstverbond の計画のうち実際に形になった最初の部分だと Ringland の代表が話したと伝えている。同記事によれば、この最初の公園にはまだ覆いは無い。同代表は、騒音を減らし緑を増やす対策は既にたくさん取られていると述べている。,true,,4,https://www.vrt.be/vrtnws/nl/2022/10/19/ringland-reageert-positief-op-overkapping-2-8-kilometer-noordeli/｜https://www.vrt.be/vrtnws/nl/2023/10/10/ringland-wil-volledige-overkapping-tegen-2037/｜https://www.vrt.be/vrtnws/nl/2025/09/29/ringpark-het-schijn-antwerpen-eerste-deel-oosterweel/｜https://www.vrt.be/vrtnws/nl/2026/08/06/ringparken-opening-eerste-linkeroever-antwerpen-oosterweel-leefb/,population_current｜population_scale,https://images.vrt.be/vrtnws_share/2020/04/30/cad14123-8b05-11ea-aae0-02b7b76bf47f.jpg,VRT NWS,2026-08-19,https://yusu0326.github.io/terroir-site/p/be-0004.html
be-0005,川の曲がりに市立図書館を建て、実験室とラジオスタジオを同じ建物に入れた,De Krook,ベルギー,東フランデレン州,ヘント,273790,25万超,誇りをつくる,学校・公共施設,2017,,継続中,混合,ヘント市・ヘント大学・imec（フランデレン政府と東フランデレン州の支援）,hard,川の曲がりに図書館を建てる｜市と大学と研究所が力を合わせる｜実験室とラジオ局を同居させる｜子どもの区画を地下に置く,2026,9,濃い,VRT は2026年4月18日に、図書館のわきに架けた歩行者と自転車の橋が8年にわたって半分のまま使われていないと伝えている。同記事によれば、2020年に裁判官がこの橋は違法に建てられたもので取り壊すべきだと判断したが、6年たっても実行されておらず、建てられていない2本目の部分の許可も取り消された。橋の工事には200万ユーロを超える費用がかかっている。,true,,3,https://www.vrt.be/vrtnws/nl/2017/03/10/de_krook_bibliotheekenbalkonopgentopentdedeuren-1-2914118/｜https://www.vrt.be/vrtnws/nl/2024/01/08/bibiliotheek-van-de-toekomst-de-krook-gent/｜https://www.vrt.be/vrtnws/nl/2026/04/15/steve-bikobrug-gent-krook-bibliotheek-voetgangers-fietsers-recht/,,https://images.vrt.be/vrtnws_share/2017/03/10/f14bce67-05a1-11e7-8699-00163edf48dd.jpg,VRT NWS,2026-08-19,https://yusu0326.github.io/terroir-site/p/be-0005.html
bg-0001,村の名を冠したヨーグルトを中国企業が商品化し、ヨーグルト祭りで中国人観光客を呼ぶまちになった,Momchilovtsi,ブルガリア,スモリャン州,スモリャン市,909,5万人未満,商いを起こす,農林水産・食,2008,,継続中,混合,上海のブライト・デアリー・アンド・フード（BNRは「国有企業」と表現）と、モムチロフツィ村長シイカ・スルコバ氏。 観光振興ではブルガリア観光省（2015年は観光相ニコリナ・アンゲルコワ、2024年は観光相エフティム・ミロシェフ）、 スモリャン「対中国友好協会」代表モムチル・カライヴァノフ氏、ソフィアの孔子学院も加わる,hybrid,乳酸菌を輸入し新ブランドを商品化｜ヨーグルト祭りを繰り返し開催｜孔子学院と中国語講座を運営｜中国・寧波の観光展示会に出展｜スポーツ施設改修へ寄付を受けた｜家庭製食品の合法化を求め署名,2026,18,濃い,2015年の第1回ヨーグルト祭りから2026年の寄付まで、BTAとBNRが継続して報じている。,,,8,https://www.bta.bg/en/news//166829-Chinese-Company-with-Seven-year-History-of-Momchilovtsi-Village-Yoghurt-Product｜https://www.bta.bg/en/news/culture/513942-yogurt-festival-to-take-place-in-momchilovtsi-on-september-1-2-and-3｜https://www.bta.bg/en/news/bulgaria/701348-miss-rhodope-2024-to-be-chosen-at-yogurt-festival-in-momchilovtsi｜https://www.bta.bg/en/news/economy/731726-tourism-minister-miloshev-yogurt-fest-in-momchilovtsi-serves-as-bridge-between-｜https://www.bta.bg/en/news/bulgaria/1194526-momchilovtsi-yogurt-festival-showcases-rhodope-dairy-products-bulgarian-chinese｜https://bnrnews.bg/en/post/112586/yogurt-festival-opens-in-momchilovtsi-village｜https://bnrnews.bg/en/post/120154/momchilovtsi-or-musiliyan-why-the-chinese-love-the-picturesque-rhodope-village｜https://bnrnews.bg/en/post/384039/yogurt-festival-in-momchilovtsi-culture-flavor-and-rhodope-traditions,,https://www.bta.bg/upload/13806866/aug28-Momchilovtzi.jpg?l=750,BTA,2026-09-03,https://yusu0326.github.io/terroir-site/p/bg-0001.html
br-0001,港の歴史地区の古い建物にIT企業を入れた,Porto Digital,ブラジル,ペルナンブコ州,Recife,1488920,25万超,商いを起こす,空き家・空き店舗・遊休不動産,2000,,継続中,混合,Núcleo de Gestão do Porto Digital (NGPD),hybrid,港の歴史地区にIT企業を集めた｜古い建物を修復して事務所にした｜州と市と大学が共同で運営した｜企業に税の優遇を与えて誘致した,2026,26,濃い,"2000年に始まり、20年目の2020年12月時点で344社・雇用1万1,600人だった。2023年の売上は54億レアル、2024年は62億レアルで、2018年から2024年で226%増えたと報じられている。2025年10月時点で475社が入り、2万1千人以上が働いている。",,,5,https://www.diariodepernambuco.com.br/noticia/economia/2020/12/porto-digital-completa-20-anos-com-historia-consolidada-mas-mira-no-f.html｜https://www.diariodepernambuco.com.br/noticia/economia/2024/04/porto-digital-cresce-14-em-2023-e-passa-de-18-mil-colaboradores.html｜https://www.diariodepernambuco.com.br/noticia/economia/2024/04/o-ecossistema-bilionario-do-porto-digital.html｜https://agenciabrasil.ebc.com.br/economia/noticia/2025-10/porto-digital-reune-475-empresas-de-tecnologia-em-recife｜https://www.diariodepernambuco.com.br/economia/2026/01/11703517-porto-digital-recife-se-consolida-como-polo-tecnologico-no-pais.html,,https://midias.diariodepernambuco.com.br/static/app/noticia_127983242361/2024/04/15/950737/20240415073734845646a.png,Diario de Pernambuco,2026-08-16,https://yusu0326.github.io/terroir-site/p/br-0001.html
br-0002,都心の高架道路を条例で公園にした,Minhocão,ブラジル,サンパウロ州,São Paulo,11451999,25万超,歩けるようにする,交通・道路・駅,2018,,継続中,行政,Prefeitura de São Paulo,soft,週末と祝日は車を通さない｜平日も夜20時から閉じる｜条例で市の公園として位置づけた,2025,7,濃い,"2018年2月に公園化の条例が認可され、2019年2月には3,800万レアルで線形公園に変える構想が示されたが、予定されていた2020年12月の完成を伝える記録は確認できなかった。2024年の基本計画は2029年までの高架の廃止を定めており、2025年6月時点で撤去の費用と影響が議論されている。",true,,4,https://agenciabrasil.ebc.com.br/geral/noticia/2018-02/doria-sanciona-lei-que-institui-o-parque-muncipal-do-minhocao｜https://agenciabrasil.ebc.com.br/geral/noticia/2019-02/prefeitura-quer-transformar-o-minhocao-em-parque-linear｜https://agenciabrasil.ebc.com.br/geral/noticia/2021-12/minhocao-de-sao-paulo-faz-50-anos-e-ganha-galeria-de-arte-urbana｜https://agenciabrasil.ebc.com.br/geral/noticia/2025-06/especialistas-debatem-impactos-da-desativacao-do-minhocao-em-sao-paulo,funding_scale,https://imagens.ebc.com.br/8xqukeJlQ-xnzcKuKTu28EpKoGE=/1600x800/https://agenciabrasil.ebc.com.br/sites/default/files/atoms/image/1107475-rvrsa_abr_01172012763820180208.jpg?itok=ZLlm4k1q,Agência Brasil,2026-08-16,https://yusu0326.github.io/terroir-site/p/br-0002.html
br-0003,150年の鉄の市場を直しながら、売り手を仮設に移して続けさせた,Mercado de São José,ブラジル,ペルナンブコ州,レシフェ,1488920,25万超,誇りをつくる,商店街・市場,2018,,継続中,行政,レシフェ市（都市サービス公社 Csurb ／インフラ局 SEINFRA ／都市化公社 URB）,hard,鋳鉄の構造と建具を修復した｜売り手を仮設の上屋に移した｜移らない売り手に月3千レアルを払った｜工事に合わせて発掘調査を入れた,2025,7,濃い,2018年7月に880万レアルの再整備が発表され、2024年1月に工芸品売り場が第1期工事に入って約100人の売り手が仮設に移った。2024年10月に始まった発掘調査で30体以上の人骨が出て、敷地が墓地だったことが分かった。2025年9月、市長は全体の完成を2027年と述べている。,true,,5,https://www.diariodepernambuco.com.br/noticia/vidaurbana/2018/07/mercado-de-sao-jose-sera-requalificado-e-transformado-em-polo-de-atrac.html｜https://www.diariodepernambuco.com.br/noticia/vidaurbana/2024/01/comerciantes-de-artesanato-do-mercado-de-sao-jose-passam-a-trabalhar-e.html｜https://www.diariodepernambuco.com.br/noticia/vidaurbana/2025/04/mercado-de-sao-jose-era-um-cemiterio-aponta-pesquisa-arqueologica.html｜https://www.diariodepernambuco.com.br/vida-urbana/2025/06/7792668-mercado-de-sao-jose-150-anos-de-ferro-memoria-e-resistencia-popular.html｜https://www.diariodepernambuco.com.br/vida-urbana/2025/09/11696699-mercado-de-sao-jose-deve-ter-obra-finalizada-ate-2027-diz-prefeitura-do-recife.html,,https://www.diariodepernambuco.com.br/_midias/jpg/2025/06/23/600x400/1_mercado_de_sao_jose-664814.jpeg,Diario de Pernambuco,2026-08-17,https://yusu0326.github.io/terroir-site/p/br-0003.html
br-0004,住民組織が自分たちで数え、9年続けて数字を出し続けた,Redes da Maré,ブラジル,リオデジャネイロ州,リオデジャネイロ（マレ地区）,6211223,25万超,住民が決める,デジタル・情報発信,2013,,継続中,NPO,Redes da Maré（創設者・理事 Eliana Sousa Silva）,soft,地区の全戸調査を自分たちで行った｜警察活動の記録を毎年集計した｜学校と保健所の閉鎖日数を数えた｜結果を番号付きの年次報告で出した,2026,13,濃い,2013年に始めた全戸調査が2019年10月8日に「マレ国勢調査」として刊行された。治安についての年次報告は2026年3月に第9号を数え、2016年から2025年の10年で警察活動231回・死者160人を集計している。2025年の警察活動は16回・死者12人だった。,true,,3,https://agenciabrasil.ebc.com.br/educacao/noticia/2019-10/rj-pesquisa-aponta-que-mare-precisa-reforcar-educacao-para-jovens｜https://agenciabrasil.ebc.com.br/direitos-humanos/noticia/2025-03/complexo-da-mare-teve-42-operacoes-policiais-e-20-mortos-em-2024｜https://agenciabrasil.ebc.com.br/direitos-humanos/noticia/2026-03/operacoes-policiais-na-mare-deixaram-160-mortes-em-dez-anos,funding_scale,https://imagens.ebc.com.br/On1caa76h0BzyFn39_2QfcSwee0=/1600x800/https://agenciabrasil.ebc.com.br/sites/default/files/thumbnails/image/909324-mare_ocupacao_7_0.jpg?itok=gnYRUDMf,Agência Brasil,2026-08-17,https://yusu0326.github.io/terroir-site/p/br-0004.html
br-0005,地区の中だけで使える通貨を作り、買い物を地区に戻した,Banco Palmas,ブラジル,セアラ州,フォルタレザ（コンジュント・パルメイラス地区）,2428708,25万超,お金を地域で回す,商店街・市場,1998,,継続中,住民組織,コンジュント・パルメイラス住民協会（のちの Instituto Palmas。調整役 Joaquim de Melo Neto）,soft,地区の中だけで使える紙の通貨を出した｜住民協会が小口の融資を行った｜地区の生産と消費を2年ごとに調べた｜紙の通貨を携帯の決済に移した,2020,22,濃い,"1998年1月に資本2,000レアルで住民協会が銀行を始め、2000年代初めから紙の地域通貨を出した。1997年から2009年で地区内での買い物は20%から93%に反転したとされる。2017年の論文は、15年たって通貨の流通そのものは目立って減った一方、地区内での消費は高いままだという「逆説」を指摘している。",,,4,https://www.scielo.br/j/cebape/a/xkJX7X738ByCfDLXW8KFKjc/?format=html&lang=pt｜https://www.scielo.br/j/rbeur/a/ry9rxsg4Z8wnrXnGnWVMVtv/?format=html&lang=pt｜https://www.scielo.br/j/ccrh/a/zVQwwSVg3DJ4nkWyBGwyvGK/?format=html&lang=pt｜https://www.scielo.br/j/rac/a/n3TkXYtmk8kqRBXvrdxSp9c/?format=html&lang=pt,funding_scale,https://bancopalmas.com/files/2024/08/correspondente-bancario-banco-palmas.jpg,Instituto Banco Palmas,2026-08-17,https://yusu0326.github.io/terroir-site/p/br-0005.html
br-0006,ファヴェーラの使われていない斜面を菜園にし、収穫の半分を地区に配る規定をつけた,Hortas Cariocas,ブラジル,リオデジャネイロ州,リオデジャネイロ市,6211223,25万超,お金を地域で回す,農林水産・食,,,継続中,混合,リオデジャネイロ市（Prefeitura do Rio）と各地区の住民。菜園は住民が維持し、市が支える,hybrid,使われていない土地を畑にした｜収穫の半分を学校と困窮世帯に配る｜残り半分の販売益を参加者で分ける｜受益世帯を住民組織が指名する,2026,,濃い,開始年は出典から確認できず、報道は2014年から2026年にわたる。2014年に市内30か所と報じられ、2026年には84か所になった。2023年の論文は2007年から2019年の生産効率を測り、2012年と2016年に山があったとしている。,,,3,https://agenciabrasil.ebc.com.br/geral/noticia/2014-09/hortas-comunitarias-se-multiplicam-pelas-comunidades-do-rio-sabado｜https://www.scielo.br/j/csc/a/wchdxTNXCzPGv67zTbFnByw/?lang=pt｜https://agenciabrasil.ebc.com.br/saude/noticia/2026-03/horta-comunitaria-reune-memoria-cuidado-e-cidadania-em-favela-do-rio,start_year｜elapsed_years｜funding_scale,https://imagens.ebc.com.br/UgLnbZWpmvCFyi6qFG-wfTIQyZ8=/1600x800/https://agenciabrasil.ebc.com.br/sites/default/files/thumbnails/image/2026/03/26/_rbr7289.jpg?itok=NppHXKMw,Agência Brasil,2026-08-17,https://yusu0326.github.io/terroir-site/p/br-0006.html
br-0007,手押し車で資源ごみを集めていた人たちに電動三輪車と予約制の回収路を渡した,Re-ciclo,ブラジル,セアラ州,フォルタレザ（2025年11月の再開時点で27地区）,2428708,25万超,お金を地域で回す,エネルギー・資源循環,2020,,継続中,混合,フォルタレザ市。設計は科学技術革新財団（Citinova）の革新研究室（LABIFOR）、2025年の再開時の実施は保全・公共サービス局（SCSP）。回収は市内の廃品回収者（catadores）の団体が担う,hybrid,電動三輪車で戸口から集める｜予約はウェブとアプリで受ける｜回収者の団体に材料を渡す｜エコポイントで選別と洗浄をする｜日額の食費と交通費を出す｜回収量を記録して交渉に使う,2025,5,濃い,2020年に回収者の研修と自転車の配布から始まり、2022年9月に5地区で本格運用に入った。2024年9月に WRI の大賞を受けたが、2025年に資金の交付が止まって約5か月動かず、2025年11月7日に27地区で再開している。,,,6,https://www.conceituado.com/noticias/educacao/com-expectativa-de-coletar-350-toneladas-de-residuos-re-ciclo-facilita-descarte-de-reciclaveis-em-fortaleza/｜https://www.wri.org/insights/e-tricycles-power-recycling-revolution-in-fortaleza-brazil｜https://www.wri.org/news/release-re-ciclo-wins-grand-prize-2023-2024-wri-ross-center-prize-cities｜https://portalterradaluz.com.br/noticias/sustentabilidade-prefeitura-de-fortaleza-vence-premio-wri-ross-center-for-cities-com-o-projeto-re-ciclo/｜https://diariodonordeste.verdesmares.com.br/ceara/projeto-de-coleta-seletiva-por-aplicativo-feita-por-catadores-de-fortaleza-e-suspenso-1.3692438｜https://portalterradaluz.com.br/noticias/meio-ambiente-programa-re-ciclo-e-retomado-em-fortaleza-com-bonificacoes-e-atendimento-a-27-bairros/,,https://files.wri.org/d8/s3fs-public/styles/1222x722/s3/2024-09/fortaleza-eco-point.jpg?VersionId=m441P0cDFzW6R4sAXxPVdShHa_E9Ah0t&h=a1e1a043&itok=6eGWk0jd,World Resources Institute,2026-08-19,https://yusu0326.github.io/terroir-site/p/br-0007.html
br-0008,施設を建てる代わりに、すでに地域でやっている文化の活動そのものに国が金を出した,Programa Cultura Viva,ブラジル,全国（ブラジル全土）,全国の市町村（出典に出る例はサルバドール市とアラゴアス州パン・ジ・アスーカル市）,,不明,住民が決める,文化・アート・祭り,2004,,継続中,混合,文化省（MinC）と、各地の非営利団体・文化の集まり。Perfil Brasil（2026年3月31日）によれば、2004年から2010年まで文化省にいたセリオ・トゥリーノ氏が Cultura Viva の考え方をまとめた。Nonada（2024年7月10日）によれば、実際の担い手である ponto de cultura は非営利団体や文化の集まりが作った地域に根ざした場である,soft,すでにある活動に直接お金を出す｜何に使うかを先に決めない｜担い手が3年分の計画を出す｜公募で選び全国に散らす｜州と市に資金と事務を移す,2026,22,濃い,2004年に始まり、2013年の論文が会計報告の詰まりを指摘し、2023年に立て直しの式が開かれ、2024年7月に20年を迎えた。同月、全国委員会が未払いの賞金の支払いを求める文書を出している。,,,6,http://www.scielo.br/scielo.php?script=sci_arttext&pid=S0011-52582013000200004&lng=en&tlng=en｜https://educacaoeterritorio.org.br/reportagens/historiador-celio-turino-lanca-livro-sobre-pontos-de-cultura-da-america-latina/｜https://www.brasildefato.com.br/2023/09/06/lei-aldir-blanc-2-tornara-a-cultura-viva-e-os-pontos-de-cultura-do-tamanho-do-brasil/｜https://www.nonada.com.br/2024/07/20-anos-de-cultura-viva-pontos-de-cultura-lancam-manifesto-com-desafios-e-propostas/｜https://observatoriodadiversidade.org.br/revista/index.php/odc/article/view/44｜https://brasil.perfil.com/perfil-poder/celio-turino-a-jornada-do-historiador-que-transformou-o-fazer-cultural-em-politica-de-estado.phtml,population_current｜population_scale｜funding_scale,https://www.nonada.com.br/wp-content/uploads/2022/11/AL_Pao-de-Acucar-Arte-em-Movimento.jpg,Nonada Jornalismo,2026-08-19,https://yusu0326.github.io/terroir-site/p/br-0008.html
br-0009,住民の総会で予算の使い道を決める仕組みを作り、30年後に総会が5年止まった,Orçamento Participativo de Porto Alegre,ブラジル,リオグランデ・ド・スル州,ポルトアレグレ,1332845,25万超,住民が決める,デジタル・情報発信,1989,,縮小,行政,ポルトアレグレ市。Brasil de Fato（2020年6月23日）によれば、1989年の最初の回を実施した班を統括したのはルシアーノ・フェドッジ氏で、当時の市政は労働者党のオリビオ・ドゥトラ氏だった,soft,地域ごとに総会を開く｜住民が事業を選んで順位を付ける｜評議会が投資計画に関わる｜前年までの積み残しを持ち越す｜地域フォーラムを常設にする,2023,34,濃い,1989年に始まり、2016年を最後に新規の要望の登録が止まった。2017年と2018年は総会が中止され、2020年と2021年は感染症で止まり、2022年に再開した。2021年の世界の調査は、ポルトアレグレの仕組みは事実上消滅したと評している。,,,6,http://www.scielo.br/scielo.php?script=sci_arttext&pid=S0104-62762008000100002｜https://www.brasildefato.com.br/2020/06/23/pandemia-pode-enterrar-de-vez-o-orcamento-participativo-em-porto-alegre/｜http://www.scielo.br/scielo.php?script=sci_arttext&pid=S2236-99962021000100399&tlng=pt｜https://www.jornaldocomercio.com/_conteudo/colunas/pensar_a_cidade/2021/12/824553-atlas-mundial-ve-extincao-do-op-em-porto-alegre.html｜https://www.brasildefato.com.br/2022/03/30/orcamento-participativo-saiu-das-maos-da-comunidade-diz-ex-prefeito-de-porto-alegre-raul-pont/｜https://www.jornaldocomercio.com/colunas/pensar-a-cidade/2023/08/1121196-demandas-do-op-e-emendas-de-vereadores-terao-atendimento-prioritario-em-porto-alegre.html,,https://www.jornaldocomercio.com/_midias/jpg/2016/11/09/pb091116_op2_04-1372373.jpg,Jornal do Comércio,2026-08-19,https://yusu0326.github.io/terroir-site/p/br-0009.html
ca-0001,鉄道で栄え衰退した村が、駅舎の保存と貨物鉄道インフラへの投資で人口回復をめざした,McAdam,カナダ,ニューブランズウィック州,マッカダム村,1173,5万人未満,住む人を増やす・戻す,交通・道路・駅,1996,,継続中,混合,McAdam Historical Restoration Commission（駅舎保存の主体）／McAdam村（自治体、住民主体の人口回復策を主導）／New Brunswick Southern Railway（J.D. Irving Limited傘下、鉄道貨物インフラ整備の主体）,hybrid,鉄道駅の所有権を1995年に村へ移譲｜保存委員会が1996年から改修を主導｜空き地を1ドルで売り移住者を誘致｜貨物ターミナルを連邦資金で増強｜産業・観光・退職者誘致を柱に据える｜駅舎を観光・飲食の拠点として再生,2022,26,濃い,開始年1996年から3年以上あとの出典が2007年・2011年・2015年・2019年・2022年と5回ある。,,,4,https://spacing.ca/national/2015/08/27/mcadam-new-brunswick-struggle-small-communities/｜https://globalnews.ca/news/4916316/saving-mcadam/｜https://nationaltrustcanada.ca/online-stories/the-mcadam-train-station-a-place-for-people｜https://www.trains.com/trn/news-reviews/news-wire/canada-to-fund-expansion-at-port-saint-john-short-line-new-brunswick-southern/,,https://nationaltrustcanada.ca/wp-content/uploads/2021/04/McAdam-Station.png,National Trust for Canada,2026-09-02,https://yusu0326.github.io/terroir-site/p/ca-0001.html
ch-0001,国境をまたぐ鉄道を通し、車で越えていた通勤を電車に移した,Léman Express,スイス,ジュネーヴ州・ヴォー州（フランス側はアン県・オート＝サヴォワ県）,ジュネーヴ（Grand Genève・越境圏）,,不明,歩けるようにする,交通・道路・駅,2019,,継続中,行政,フランスとスイスの当局、運行は Lémanis,hard,国境をまたぐ新線を敷く｜45の駅を1つの網につなぐ｜越境の共通運賃を作る｜運行間隔を詰めて本数を増やす｜車の越境通勤を電車に移す,2025,6,濃い,2020年12月の Léman Bleu は、ストとコロナで初年度の利用が見込みを大きく下回ったと報じている。同記事は別に、年初は技術的な不具合で最大1割の列車が一部または全部運休したとも書いている。2022年6月の Radio Lac は、1日5万人の目標が2021年に2年前倒しで達成されたと報じている。,,,3,https://www.lemanbleu.ch/fr/News/Une-premiere-annee-mouvementee-pour-le-Leman-Express.html｜https://www.radiolac.ch/actualite/geneve/les-effets-du-leman-express-sur-la-mobilite-dans-le-grand-geneve/｜https://nosalpes.eu/fr/2025/06/16/leman-express-cinq-ans-de-transport-transfrontalier-entre-la-france-et-la-suisse/,population_current｜population_scale,https://nosalpes.eu/wp-content/uploads/2025/06/Leman_Express-en-Gare_de_Russin-c-CC-BY-SA-4_0-Guilhem-Vellut-WikiCommons.jpg,Nos Alpes,2026-08-19,https://yusu0326.github.io/terroir-site/p/ch-0001.html
ch-0002,学生が住宅協同組合を作り、空いている住戸を借りながら自前の建物も建てた,La Ciguë,スイス,ジュネーヴ州,ジュネーヴ,,不明,住む人を増やす・戻す,住まいと暮らし（住宅・医療・福祉・子育て）,1986,,継続中,NPO,学生が作った非営利の住宅協同組合 La Ciguë,hybrid,学生が非営利の住宅協同組合を作る｜空いている住戸を借りて共同住居にする｜協同組合みずから建物を建てる｜入居者が運営の委員会を持つ｜入居時に社会持分を1か月分払う,2026,40,濃い,Le Courrier は2026年4月14日に、協同組合が40年を迎える4月18日の3日前に、PAV（プレイユ＝アカシア＝ヴェルネ）の最初の街区でこれまでで最大の建物をレ・ヴェルネに開くこと、借り受けた建物を減らして所有する建物を増やす方向にあることを書いている。,,,4,https://basta.media/logement-etudiant-une-cooperative-contre-le-racket-locatif｜https://www.espazium.ch/fr/actualites/world-habitat-award-2024-la-cigue-recompensee｜https://lecourrier.ch/2025/05/26/a-la-cigue-des-logements-sous-tension/｜https://lecourrier.ch/2026/04/14/a-40-ans-la-cigue-change-dechelle/,population_current｜population_scale,https://lecourrier.ch/content/uploads/2025/05/henri-bordier_6e03f72eaa6bf86a4dbc571fbf78e63f.jpg,Le Courrier,2026-08-20,https://yusu0326.github.io/terroir-site/p/ch-0002.html
cl-0001,"5,000人以上の都市を対象から外した農村向け住宅補助をつくり、既存の家の改修まで入れた",Programa de Habitabilidad Rural,チリ,全国（チリ全土）,"人口5,000人未満の農村・都市の集落（出典に出る例はビオビオ州とマウレ州サンラファエル）",,5万人未満,住む人を増やす・戻す,住まいと暮らし（住宅・医療・福祉・子育て）,2015,,継続中,行政,住宅都市計画省（MINVU）。地方では住宅都市計画公社（SERVIU）と農村管理事業体（Entidad de Gestión Rural）が実務を担う,hybrid,"人口5,000人以下の集落に限った｜農村管理事業体が申請を代行する｜既存住宅の改修と増築も対象にした｜60歳以上は自己貯蓄を免除した｜太陽光や太陽熱の設備に加点した｜個人でも共同でも申請できる",2025,10,濃い,"2015年の政令第10号で始まった。2018年にチリ大学住宅研究所の寄稿が選定の加点方式を取り上げ、2024年に World Habitat Awards で2位、2025年10月には8,659戸の引き渡しと完了が発表されている。",,,5,https://invi.uchilefau.cl/habitabilidad-rural/｜https://www.diarioconcepcion.cl/economia/2020/10/22/minvu-anuncia-inversion-por-4-mil-millones-para-subsidio-rural-en-biobio.html｜https://www.cnnchile.com/pais/world-habitat-awards-programa-minvu-premio-internacional_20240104/｜https://colegioarquitectos.com/?p=31362｜https://www.diarioconcepcion.cl/economia/2025/10/26/minvu-cumple-meta-del-programa-de-habitabilidad-rural-y-la-supera-en-5.html,population_current,https://assets.diarioconcepcion.cl/2025/10/Minvu-cumple-meta-del-Programa-de-Habitabilidad-Rural-y-la-supera-en-5-1.jpeg,Diario Concepción,2026-08-19,https://yusu0326.github.io/terroir-site/p/cl-0001.html
cl-0002,荒れた地区と国が「地区の契約」を結び、住民が決めた事業を国が実行する形にした,Programa Quiero Mi Barrio,チリ,全国（チリ全土）,全国の地区（出典に出る例はサンティアゴのウニダ・ベシナル・ポルターレス、サンタ・アドリアナ、ラス・ビニータスと、バルパライソのプエルタス・ネグラス）,,不明,住民が決める,住まいと暮らし（住宅・医療・福祉・子育て）,2006,,継続中,行政,住宅都市計画省（MINVU）。Bitácora Urbano Territorial（2021年）によれば、MINVU が2006年から全国570地区に入っている。規則は2007年の政令第14号で定められた（同）,hybrid,荒れた地区を国が選んで入る｜地区の契約を住民と結ぶ｜物理と社会の両方を同時にやる｜3つの段階に分けて進める｜公募で対象の市町村を選ぶ,2025,19,濃い,2006年に始まり、2007年の政令第14号で規則化された。2021年の論文は全国570地区に入ったとし、2025年4月にはビオビオ州で5つの市町村を選ぶ公募が開かれている。,,,6,http://revistas.unne.edu.ar/index.php/crn/article/view/935｜http://revistainvi.uchile.cl/index.php/INVI/article/view/1520｜https://www.revistareder.com/ojs/index.php/reder/article/view/35｜http://revistainvi.uchile.cl/index.php/INVI/article/view/1766｜http://www.scielo.org.co/scielo.php?script=sci_arttext&pid=S0124-79132021000200283｜https://www.diarioconcepcion.cl/ciudad/2025/04/04/cinco-comunas-del-biobio-podran-adjudicarse-el-programa-quiero-mi-barrio-2025-conoce-quienes-pueden-postular.html,population_current｜population_scale｜funding_scale,https://assets.diarioconcepcion.cl/2025/04/Quiero-Mi-Barrio.jpeg,Diario Concepción,2026-08-19,https://yusu0326.github.io/terroir-site/p/cl-0002.html
co-0001,斜面の集落に、地下鉄と同じ運賃でつながるロープウェイを通した,Metrocable de Medellín,コロンビア,アンティオキア県,メデジン（北東部コムーナ1ほか）,2370000,25万超,歩けるようにする,交通・道路・駅,2004,,継続中,行政,Metro de Medellín（市などが出資する公共交通事業者）,hard,斜面の集落に索道を通した｜既存の地下鉄と乗り継げるようにした｜同じ運賃カードで乗れるようにした｜路線を段階的に5本まで増やした,2025,21,濃い,"2004年にK線が動き始め、2019年には5本目の路線が開業して、それまでに全線で1億4,450万人を運んだと報じられた。2024年6月にはポプラル駅で車両が落下する事故が起き、K線が止まった。2025年10月には定期の保守で運休している。",true,,4,https://www.elcolombiano.com/antioquia/en-medellin-ya-opera-la-quinta-linea-de-metrocable-MC10308747｜https://www.elcolombiano.com/medellin/accidente-metrocable-medellin-hipotesis-causas-que-paso-metrocable-NI24863385｜https://www.elcolombiano.com/medellin/metrocable-medellin-cuanto-tiempo-estara-suspendida-linea-k-CI24863144｜https://www.elcolombiano.com/medellin/metrocable-santo-domingo-mantenimiento-octubre-2025-GD30116167,funding_scale,https://estaticos.elcolombiano.com/binrepository/1280x871/0c76/1280d720/none/11101/MWQN/comuna-nororiental-de-medellin-m_49046045_20251020101155.jpg,El Colombiano,2026-08-17,https://yusu0326.github.io/terroir-site/p/co-0001.html
co-0002,丘の斜面の貧しい地区に図書館と広場をまとめた施設を建て、市の図書館網につないだ,Parques Biblioteca,コロンビア,アンティオキア県,メデジン市,2370000,25万超,誇りをつくる,学校・公共施設,2006,,継続中,行政,メデジン市。最初の1館は2006年12月31日に当時の市長セルヒオ・ファハルドが開いた,hard,丘の斜面の地区に建てた｜図書館と広場を1つにした｜市の図書館網に組み入れた｜講座や上映を常時開いた｜相談の窓口を後から足した,2026,20,濃い,最初の1館が開いたのは2006年12月31日である。2017年には4館が10年を迎え、2020年には市内26館が公開を再開し、2026年時点で市は年平均447万人の来館を挙げている。,true,,5,https://www.elcolombiano.com/cultura/10-anos-de-cultura-en-cada-rincon-de-medellin-BA5736157｜https://www.elcolombiano.com/antioquia/parques-biblioteca-en-medellin-mas-cultura-que-edificios-AA6938673｜https://www.elcolombiano.com/cultura/26-bibliotecas-publicas-de-medellin-abren-al-publico-GN13786426｜https://www.elcolombiano.com/generacion/edicion-del-mes/bibliotecas-de-medellin-una-red-de-cultura-a-piel-de-barrio-AA24246251｜https://www.elcolombiano.com/medellin/parques-biblioteca-refugio-para-mujeres-victimas-DL34845897,funding_scale,https://estaticos.elcolombiano.com/binrepository/1280x853/0c67/1280d720/none/11101/WPAA/bibliotecas_44872076_20240413162840.jpg,El Colombiano,2026-08-18,https://yusu0326.github.io/terroir-site/p/co-0002.html
co-0003,市が技術系の企業と起業を集める法人と拠点をつくり、賃料を自前の収入にした,Ruta N,コロンビア,アンティオキア県,メデジン市,2370000,25万超,商いを起こす,デジタル・情報発信,2009,,継続中,混合,メデジン市が設けた Corporación Ruta N。企業・大学・行政をつなぐ位置づけで運営される,hybrid,市街地に入居用の拠点を建てた｜技術系の企業を誘致した｜起業に種銭を配って支えた｜既存の地元企業を伴走支援した｜賃料を自前の収入源にした,2024,15,濃い,"2009年に設けられ、2022年には55社の進出と3,316人の雇用が報じられた。2023年には2009年からの累計で22,486人の雇用という数字が出て、2024年の15年目には市長が2,000社超の創業を挙げた。",,,5,https://www.elcolombiano.com/negocios/empresas/cual-es-la-funcion-de-ruta-n-en-medellin-AE13534620｜https://www.elespectador.com/economia/emprendimiento-y-liderazgo/ruta-n-la-apuesta-tecnologica-por-mas-de-900-emprendimientos-en-medellin/｜https://www.elcolombiano.com/negocios/ruta-n-atrajo-55-empresas-en-2022-y-propicio-la-creacion-de-3316-empleos-NO19609721｜https://www.semana.com/economia/emprendimiento/articulo/ruta-n-aporto-22486-empleos-en-startups-y-empresas-de-base-tecnologica-en-medellin/202318/｜https://www.elcolombiano.com/tecnologia/de-nada-sirve-el-proyecto-si-la-gente-no-entiende-la-tecnologia-los-desafios-de-ruta-n-en-sus-primeros-15-anos-MM25922871,,https://www.semana.com/resizer/v2/RBICCUDMLNANFLHZAKUXSNCOG4.jpg?auth=73da01325f8278ed45d0679fa157bc6ea9085f45ec6ca6cf5e6ffe17ee35284d&smart=true&quality=75&width=1280&height=720,Semana,2026-08-18,https://yusu0326.github.io/terroir-site/p/co-0003.html
co-0004,斜面の集落と谷底の地下鉄をロープウェイでつなぎ、同じ運賃で乗り継げるようにした,Metrocable,コロンビア,アンティオキア県,メデジン,2634570,25万超,歩けるようにする,交通・道路・駅,2004,,継続中,行政,メデジン地下鉄（Metro de Medellín）とメデジン市役所。World Resources Institute（2019年4月4日）によれば、2000年にルイス・ペレス氏が市長に選ばれたあと、市が公共交通の当局である Metro de Medellín と資金の取り決めを結び、設計と建設にあたった,hard,谷底の駅と斜面の集落を索道で結ぶ｜地下鉄と同じ運賃で乗り継げる｜駅の周りの公共空間をつくり直す｜建設の前に暮らし方を聞き取る｜大がかりな点検で長く止める,2025,21,濃い,2004年8月7日に営業を始め、2024年8月に20年を迎えた。20年目の2024年6月26日にキャビンが落ちて1人が亡くなり、労働組合が保守の外注を問題にし、会社が反論している。2025年にも技術の不具合と大がかりな点検が報じられた。,,,8,https://www.brookings.edu/articles/reducing-urban-violence-lessons-from-medellin-colombia/｜http://habitat.aq.upm.es/boletin/n54/ajdav.html｜https://www.wri.org/insights/transformaciones-urbanas-en-medellin-el-metrocable-conecta-la-ciudad-de-diversas-maneras｜https://www.elcolombiano.com/medellin/metro-medellin-accidente-metrocable-mantenimiento-sindicato-metro-OG24880916｜https://journals.vilniustech.lt/index.php/JAU/article/view/17793｜https://www.elcolombiano.com/medellin/metrocable-linea-k-metro-de-medellin-cumple-20-anos-CA25166664｜https://www.elcolombiano.com/medellin/metrocable-medellin-dano-en-dos-lineas-BF27664467｜https://www.elcolombiano.com/medellin/metrocable-santo-domingo-mantenimiento-octubre-2025-GD30116167,,https://files.wri.org/d8/s3fs-public/styles/1222x722/s3/wri-colombia-070_0.jpg?VersionId=hU6yXbPzb0OrEtzI70PGOw3fhA6FOOlm&h=10d202d3&itok=TSusXh5r,World Resources Institute,2026-08-19,https://yusu0326.github.io/terroir-site/p/co-0004.html
co-0005,無償のケアを担う人が歩いて行ける範囲に、洗濯機と講座と一時預かりをまとめた,Manzanas del Cuidado,コロンビア,ボゴタ首都区,ボゴタ,7937898,25万超,誇りをつくる,住まいと暮らし（住宅・医療・福祉・子育て）,2020,,継続中,行政,ボゴタ市の女性局（Secretaría de la Mujer）を中心とする市の行政。Cerosetenta（2024年11月26日）によれば、女性局から約130人がこの仕組みに関わっている。Frontiers in Sustainable Cities（2025年7月7日）は、市の13の機関が関わると書いている,hybrid,既にある公共施設に機能を足す｜洗濯機とプールと講座を置く｜ケアを受ける側を同時に預かる｜地区ごとに置く（複数の所も）｜移動式の車も用意されている,2026,6,濃い,2020年の政令で始まり、2021年6月に5か所目が開いた。2024年11月には24か所になり、同年8月に女性局が閉鎖の噂を否定する文書を出している。2026年の論文は、家庭の中のケアは依然として女性に偏ったままだと述べている。,,,6,https://www.elespectador.com/bogota/bogota-estrena-su-quinta-manzana-del-cuidado/｜https://www.elcolombiano.com/opinion/columnistas/las-manzanas-del-cuidado-PL22928711｜https://voices.no/index.php/voices/article/view/4129｜https://cerosetenta.uniandes.edu.co/una-vuelta-a-la-manzana-en-que-esta-el-sistema-distrital-de-cuidado-en-bogota/｜https://www.frontiersin.org/articles/10.3389/frsc.2025.1556795/full｜https://revistas.urosario.edu.co/index.php/territorios/article/view/15308,funding_scale,https://cerosetenta.uniandes.edu.co/wp-content/uploads/2024/11/cuidado-portada.jpg,Cerosetenta（070）,2026-08-19,https://yusu0326.github.io/terroir-site/p/co-0005.html
cz-0001,くじで選んだ50世帯に市営住宅を渡し、大学が対照群を置いて測った。連立が変わって打ち切られた,Rapid Re-Housing,チェコ,南モラヴィア州,ブルノ市,,25万超,住む人を増やす・戻す,住まいと暮らし（住宅・医療・福祉・子育て）,2016,2019,終了,混合,ブルノ市。事業を持ち込んだのは前の連立にいた Žít Brno で、ピラート党の支持を受け、ANO・KDU-ČSL・緑の党・TOP 09 と組んでいた。世帯への社会福祉の仕事は IQ Roma Servis が担い、調査と評価はオストラヴァ大学が担った。1年後の評価にはマサリク大学も加わった,soft,くじで50世帯を選ぶ｜市営住宅を手当の額の家賃で貸す｜社会福祉の担当者が付き添う｜100世帯を対照群に置いて比べる｜民間の基金が滞納を一度だけ埋める,2019,3,濃い,2018年12月、オストラヴァ大学とマサリク大学の調査として、48世帯が1年後に契約を更新し、市の支出が年およそ150万コルナ減ったと報じられた。2019年4月、市長は事業を続けないと述べ、副市長によれば契約が続いていたのは46世帯だった。,,,9,https://zpravy.aktualne.cz/regiony/jihomoravsky/brno-pred-rokem-schvalilo-experiment-s-byty-pro-chude-prefer/r~039519de0b1c11e79aec0025900fea04/｜https://radiozurnal.rozhlas.cz/brnensky-projekt-pro-lidi-bez-domova-uspel-bydleni-si-po-roce-udrzelo-96-rodin-8105900｜https://wave.rozhlas.cz/housing-first-v-ohrozeni-bude-uspesny-brnensky-projekt-zrusen-z-ideologickych-7640130｜https://ct24.ceskatelevize.cz/regiony/jihomoravsky-kraj/2683802-vyzkumnici-po-roce-vyhodnotili-projekt-rapid-re-housing-vetsina｜https://denikreferendum.cz/clanek/28840-rapid-rehousing-brnu-usetril-penize-vetsina-zabydlenych-rodin-nema-dluhy｜https://ct24.ceskatelevize.cz/clanek/regiony/brno-konci-se-zabydlovanim-lidi-v-nouzi-projekt-pomohl-padesati-rodinam-66980｜https://denikreferendum.cz/clanek/29401-rapid-rehousing-nepokracuje-brno-jej-chce-nahradit-dotacemi-z-ministerstva｜https://plus.rozhlas.cz/housing-first-dotacni-program-na-bydleni-pro-chude-inspirovalo-brno-s-jeho-7961586｜https://wave.rozhlas.cz/radnice-brna-stred-odmitla-pokracovani-projektu-housing-first-nejchudsi-lide-7962199,population_current,https://cdn.xsd.cz/original/6844ea918d723ef8bc19e429ccc4f8e4.jpg,Aktuálně.cz,2026-08-19,https://yusu0326.github.io/terroir-site/p/cz-0001.html
de-0001,閉鎖した空港を更地のまま市民に開き続けている,Tempelhofer Feld,ドイツ,ベルリン州,Berlin,3700577,25万超,空間をひらく,自然・緑地・水辺,2010,,継続中,住民組織,"Initiative „100 Prozent Tempelhofer Feld""",soft,空港跡地を更地のまま公園にした｜住民投票で建設計画を否決した｜市民発意の法律で建設を禁じた,2025,15,濃い,2010年5月に公園として開かれ、2014年5月25日の住民投票で約65%が建設に反対して計画は否決された。その後も建設を求める動きは続き、2018年と2019年に縁辺部への建設案が出て、2023年12月には州政府が市民工房と設計競技を進める方針を示した。2025年8月には州首相が2026年にも住民に問い直したいと述べている。,,,6,https://taz.de/Volksentscheid-Tempelhofer-Feld/!5041417/｜https://www.tagesspiegel.de/berlin/trotz-volksentscheid-bauen-auf-dem-tempelhofer-feld/23649592.html｜https://www.tagesspiegel.de/berlin/initiative-will-neuen-volksentscheid-zum-tempelhofer-feld-5047498.html｜https://taz.de/Bebauung-des-Tempelhofer-Feldes/!5978415/｜https://taz.de/10-Jahre-Volksentscheid-Tempelhofer-Feld/!6012290/｜https://www.nd-aktuell.de/artikel/1193066.volksentscheid-tempelhofer-feld-abstimmen-bis-das-ergebnis-stimmt.html,funding_scale,https://www.tagesspiegel.de/images/3214726/alternates/BASE_16_9_W1400/1662024536000/sonnenuntergang-im-park-tempelhofer-freiheit-aufgenommen-am-29-september-2015-foto-kitty-kleist-heinrich.jpeg,Der Tagesspiegel,2026-08-16,https://yusu0326.github.io/terroir-site/p/de-0001.html
de-0002,使われなくなった港の157haに都心をもう一つ足した,HafenCity,ドイツ,ハンブルク,ハンブルク（HafenCity 地区）,1869473,25万超,空間をひらく,空き家・空き店舗・遊休不動産,2001,,継続中,デベロッパー・鉄道事業者,HafenCity Hamburg GmbH,hard,旧港湾地区157haを開発した｜洪水対策を組み込んで建てた｜地下鉄の新路線をつないだ｜ローゼ公園などの公園を置いた,2026,25,濃い,"2010年にZukunftsrat Hamburgが緑地と交通の面で自らの目標を限られた範囲でしか満たしていないと指摘し、2025年も緑と社会的混合をめぐる議論が続く。2026年時点で8,000人超が住み約15,000人が働く。",,,4,https://www.haufe.de/immobilien/entwicklung-vermarktung/projekte-deals/hamburg-hafencity-gmbh-kuendigt-drei-neue-projekte-an_254_394656.html｜https://hamburg.t-online.de/region/hamburg/id_100402614/wohnen-in-hamburg-neues-hafencity-quartier-wird-ende-2024-eroeffnet.html｜https://www.entwicklungsstadt.de/modellquartier-mit-makeln-die-hafencity-in-der-nachhaltigkeitsdebatte/｜https://hafencityzeitung.com/wir-sind-noch-nicht-fertig/,funding_scale,https://www.haufe.de/image/elbtower-und-elbphilharmonie-540602-3.jpg?width=650&digest=-WPILqNyKtx4UiDL3W5uIJyrAb0vpcsULT8cB80YNnU%3D,Haufe Immobilien,2026-08-17,https://yusu0326.github.io/terroir-site/p/de-0002.html
de-0003,全戸が3千ユーロずつ出して、村に電気と熱の網を敷いた,Feldheim,ドイツ,ブランデンブルク州,トロイエンブリーツェン（フェルトハイム地区）,137,5万人未満,お金を地域で回す,エネルギー・資源循環,2010,,継続中,混合,住民が出資した Feldheim Energie GmbH & Co. KG（Beirat が率い、住民のほぼ全員が持ち分を取得している）,hard,村が自前の熱供給網を敷いた｜同じ工事で電線も引き直した｜全戸が3千ユーロずつ出資した｜出資者が供給会社の持ち分を持った,2026,16,濃い,"2010年に村が自前の電気と熱の網を持ち、ほぼ全世帯が3,000ユーロずつ出した。2022年8月時点で電気は1キロワット時12セントで、ドイツ全体の30セント超を大きく下回っていた。2026年1月時点で年3,000人を超える視察が訪れている。",,,3,https://www.t-online.de/klima/verkehr-energie/id_100037196/wie-ein-deutsches-dorf-sich-frei-von-putin-machte.html｜https://www.nd-aktuell.de/artikel/1192012.brandenburg-feldheim-deutschlands-erstes-energieautarkes-dorf.html｜https://www.zdfheute.de/wirtschaft/energiewende-vollendet-feldheim-brandenburg-energieversorgung-autarkie-100.html,,https://www.nd-aktuell.de/img/jpeg/2400/307377,nd,2026-08-17,https://yusu0326.github.io/terroir-site/p/de-0003.html
de-0004,36万筆を集めて住民投票で勝ったが、4年たっても実行されていない,Deutsche Wohnen & Co enteignen,ドイツ,ベルリン州,ベルリン,3700577,25万超,住民が決める,住まいと暮らし（住宅・医療・福祉・子育て）,2021,,継続中,住民組織,市民発意「Deutsche Wohnen & Co enteignen」,soft,36万筆の署名を集めた｜住民投票を成立させた｜州の専門委員会に適法性を確認させた｜2度目の住民投票へ法案を自分で書いた,2025,4,濃い,36万筆の署名を経て2021年9月26日の住民投票で59.1%が大手不動産会社の社会化に賛成した。2022年12月に州の専門委員会が適法と判断したが、2024年4月時点で実行の見通しは立たず、2025年9月時点でも社会化は行われていない。運動側は2度目の住民投票に向けて自ら法案を書き、2025年9月26日に公表した。,,,4,https://www.tagesspiegel.de/berlin/zwischenerfolg-fur-deutsche-wohnen-co-enteignen-expertenkommission-halt-enteignungen-von-immobilienkonzernen-in-berlin-fur-moglich-8999791.html｜https://taz.de/Deutsche-Wohnen-Enteignen/!6003284/｜https://www.nd-aktuell.de/artikel/1185536.referendum-enteignungsvolksentscheid-berlin-prozent-sind-nicht-genug.html｜https://taz.de/Gesetz-von-Deutsche-Wohnen-enteignen/!6112510/,funding_scale,https://www.tagesspiegel.de/images/8439634/alternates/BASE_16_9_W1400/1658940772000/initiative-deutsche-wohnen-co-enteignen-beendet-unterschrift-7008.jpeg,Der Tagesspiegel,2026-08-17,https://yusu0326.github.io/terroir-site/p/de-0004.html
de-0005,いつでも引っ越せる畑を空き地に作り、10年の攻防のすえ土地を確保した,Prinzessinnengärten,ドイツ,ベルリン州,ベルリン（フリードリヒスハイン＝クロイツベルク区モーリッツ広場）,3700577,25万超,空間をひらく,農林水産・食,2009,,継続中,民間（その他）,Marco Clausen と Robert Shaw ら（州有の空き地で事業を立ち上げた運営者）,hybrid,州有の空き地に畑を作った｜いつでも動かせる形にした｜用地の売却計画を止めさせた｜別の敷地に2つ目の畑を開いた,2019,10,濃い,2009年に州有の空き地で始まり、2012年には残り1年の猶予しかない状態が報じられた。2013年に借地契約を勝ち取ったが2018年末で切れることが2017年に伝えられ、2019年12月に助成が通って土地が確保された。,true,,4,https://taz.de/Galgenfrist-fuer-Gartenprojekt/!5085747/｜https://taz.de/!5460776｜https://taz.de/Friedhoefe-oeffnen-sich-fuer-Gartenprojekte/!5569212/｜https://taz.de/Prinzessinnengaerten-in-Kreuzberg/!5643928/,funding_scale,https://taz.de/picture/2390707/1200/Gaerten.jpeg,taz,2026-08-17,https://yusu0326.github.io/terroir-site/p/de-0005.html
de-0006,クラブの運営者が協同組合を作り、川沿いの市有地を落札して村を建てた,Holzmarkt,ドイツ,ベルリン州,ベルリン（フリードリヒスハイン＝クロイツベルク区・シュプレー川沿い）,3700577,25万超,空間をひらく,空き家・空き店舗・遊休不動産,2012,,継続中,民間（その他）,Holzmarkt 協同組合（旧 Bar 25 とクラブ Kater Holzig の運営者ら）。用地の買い手はスイスの年金基金財団 Abendrot で、同組合に地上権で貸している,hard,市有地の入札を協同組合が取った｜年金基金が買い組合に地上権で貸した｜川沿いに村のような建物群を建てた｜隣接地の高層計画に反対した,2019,7,濃い,2012年10月に協同組合が市有地の入札を取り、スイスの年金基金が買って地上権で貸す形になった。2018年には運営者が黒い旗を掲げて隣接地の高層計画に抗議し、2019年の取材では建築行政の遅さと住宅政策の優先順位の変化が語られている。,true,,4,https://taz.de/!5082698｜https://taz.de/!5081564/｜https://taz.de/Probleme-beim-Bauprojekt-Holzmarkt/!5499261/｜https://taz.de/Spreeufer-fuer-alle/!5602246/,,https://taz.de/picture/191368/1200/bar25_01.jpg,taz,2026-08-17,https://yusu0326.github.io/terroir-site/p/de-0006.html
de-0007,花壇と芝生を野菜畑に変えて、誰でも摘んでよいことにした,Essbare Stadt Andernach,ドイツ,ラインラント＝プファルツ州（マイエン＝コブレンツ郡）,アンダーナッハ市,30408,5万人未満,誇りをつくる,農林水産・食,2010,,継続中,行政,アンダーナッハ市。手入れは長期失業者の労働市場への統合を行なう非営利会社が、造園と農業の資格者の指導のもとで担う,soft,城壁沿いの1.6haを野菜畑にした｜摘んでよいことを明示した｜初年に100種超のトマトを植えた｜手入れを就労統合の事業にした｜他地区と歩行者区域にも広げた,2024,14,濃い,2010年に城壁沿いの1.6ヘクタールで始まった。2019年にはEUの研究事業の先行都市に選ばれ、2021年時点で手入れは就労統合の非営利会社が担い、2024年には市が催しを開いた。,,,4,"https://www.blick-aktuell.de/Berichte/Die-Essbare-Stadt-Andernachgilt-als-weltweites-Vorbild-390151.html｜https://www.gabot.de/ansicht/andernach-die-essbare-stadt-411088.html｜https://www.rhein-zeitung.de/region/aus-den-lokalredaktionen/andernach-und-mayen_artikel,-essbare-stadt-andernach-feiert-sein-einzigartiges-projekt-unter-dem-motto-andernach-schmeckt-_arid,2671121.html｜https://www.blick-aktuell.de/Andernach/Essbare-Stadthat-Vorreiterrolle-35080.html",funding_scale,https://www.gabot.de/fileadmin/_processed_/4/a/csm_Andernach_792970f8d3.jpg,GABOT,2026-08-18,https://yusu0326.github.io/terroir-site/p/de-0007.html
de-0008,住民投票を2回かけて、全国からの寄付で自分たちの配電網を買い取った,Elektrizitätswerke Schönau,ドイツ,バーデン＝ヴュルテンベルク州（レラッハ郡）,シェーナウ・イム・シュヴァルツヴァルト市,2450,5万人未満,住民が決める,エネルギー・資源循環,1997,,継続中,住民組織,チェルノブイリ後にできた親たちの市民運動「Eltern für atomfreie Zukunft」。のちに住民の出資を協同組合 Netzkauf EWS eG に移した,soft,住民投票を2回かけて決めた｜全国からの寄付で買収費を集めた｜町の配電網を買い取った｜出資持分を協同組合に移した｜電力を全国に売って収入にした,2024,27,濃い,1997年に配電網を買い取り、2007年時点の契約者は約5万件だった。2009年11月に出資持分を協同組合に移し、2014年には創業者夫妻が退いて息子2人が理事に入った。,true,,4,https://taz.de/Oekostrom/!5198703/｜https://taz.de/Genossin-Energiewende/!358094/｜https://taz.de/Generationswechsel-bei-den-Stromrebellen/!332501/｜https://taz.de/Nachruf-auf-Aktivisten-Michael-Sladek/!6035871/,funding_scale,https://taz.de/picture/423611/1200/strom_01.jpg,taz,2026-08-18,https://yusu0326.github.io/terroir-site/p/de-0008.html
de-0009,市の経済振興公社が地元の店をまとめた通販の場をつくり、のちに店側の団体に渡した,Online City Wuppertal,ドイツ,ノルトライン＝ヴェストファーレン州,ヴッパータール市,358938,25万超,商いを起こす,デジタル・情報発信,2014,,継続中,行政,ヴッパータール市経済振興公社。2019年7月からは、このために作られた団体 talMARKT が引き継いだ。売り場の仕組みは Atalanda GmbH が提供する,soft,店をまとめた通販の場をつくった｜参加する店に講習を開いた｜当日配送と店頭受取をつけた｜実店舗の展示場所を街に置いた｜運営を店側の団体に引き渡した,2022,8,濃い,"2014年の助成で始まり、2017年には参加60店の月商合計が1,000〜1,300ユーロと報じられた。2019年7月に運営が店側の団体に移り、2022年時点でおよそ60店が参加している。",,,3,https://www.onlinehaendler-news.de/online-handel/haendler/30308-online-city-wuppertal-umsaetze-haendler-keller｜https://www.wuppertaler-rundschau.de/lokales/online-city-wuppertal-will-bekanntheitsgrad-erhoehen_aid-39554553｜https://www.blickfeld-wuppertal.de/imtal/online-city-wuppertal-kauf-an-der-wupper-nicht-am-amazonas,,http://www.wuppertaler-rundschau.de/imgs/90/5/6/8/6/7/5/1/1/tok_eba19adf848720f36203dd249f72ccf9/w800_h533_x400_y266_OnlineCityWuppertal-f16d8064fdded0ec.jpg,Wuppertaler Rundschau,2026-08-18,https://yusu0326.github.io/terroir-site/p/de-0009.html
de-0010,住民請願から始まった通過交通ゼロの街区づくりが、区議会決議とポラード設置を通じて市内70地区超に広がった,Kiezblocks,ドイツ,ベルリン州,Berlin,3700577,25万超,歩けるようにする,交通・道路・駅,2019,,継続中,混合,"フリードリヒスハイン=クロイツベルク区の住民請願（1,000人超の署名）を受け、区議会（緑の党・左翼党・社会民主党）が2019年10月に最初の決議を可決した。運動の事務局的な役割を担うのはChanging Cities e.V.（自転車に優しいフリードリヒスハイン=クロイツベルクネットワークを含む）で、法的助言・広報支援・区を横断する基盤を提供している（Placemaking Europe, 2026-03-02）",hybrid,住民請願を区議会に提出｜区議会が通過交通排除を議決｜ポラード・一方通行化で遮断｜幹線道路に自転車道を新設｜独自基準RAKiを策定｜市内マップで進捗を共有,2026,7,濃い,2019年の区議会決議は2023年に道路管轄が区に移り、2025年には州の予算執行停止に直面したが、2026年時点で70超の地区が活動を続けている。,,,5,https://taz.de/Kriegt-Kreuzberg-den-Superblock/!5635074/｜https://taz.de/Verkehrsberuhigung-im-Bergmannkiez/!5930015/｜https://difu.de/en/news/kiezblocks-for-berlin-thinking-beyond-bollards｜https://changing-cities.org/kampagnen/kiezblocks/｜https://placemaking-europe.eu/2026/a-quiet-rebellion-berlins-kiezblocks/,funding_scale,https://difu.de/sites/default/files/styles/difu_hauptformat_xl/public/images/2022-04/20201017_163626_resized.jpg?itok=kljlyb1p,Deutsches Institut für Urbanistik (Difu),2026-08-30,https://yusu0326.github.io/terroir-site/p/de-0010.html
de-0011,フランス軍兵舎跡地を、建築協同組合と木材チップ地区熱供給で自動車を持たない太陽光の街区に変えた,Vauban,ドイツ,バーデン＝ヴュルテンベルク州,フライブルク・イム・ブライスガウ市（Vauban地区）,232811,5万〜25万,歩けるようにする,エネルギー・資源循環,1996,,継続中,混合,"跡地はもとフランス軍の兵舎で、1992年の同軍撤退後、連邦の不動産管理当局に引き渡され、一時はアナーキスト系グループに占拠されていた（Domus, 2023-09-27）。同記事によれば、住民は行政とともに再開発のあり方を議論し、あらゆる層の住民にとってのアクセスのしやすさと環境保護の両面での具体的な提案を求め、1994年の都市計画競技でシュトゥットガルトの設計事務所Kohlhoff & Kohlhoffの案が当選、その3年後に区画の売却が始まり、主に民間デベロッパーと協同組合に割り当てられた。WWF Jugend（2024-07-31）は、住宅の大半が住民どうしが任意に集まる建築協同組合(Baugruppen)によって計画・建設され、自動車を持たない交通計画や高いエネルギー基準もこの仕組みによって実現したと書いている。WWF Jugendの参考文献欄には、この団体の正式名称として「Verein für autofreies Wohnen e.V. Freiburg（自動車のない住まいのための協会）」が挙がっているが、同団体がいつ・誰によって組織されたかは、参照した5本のどこにも書かれていない。",hybrid,住宅建設を建築協同組合Baugruppenが担う｜大半の街路を駐車区画のない遊び道に｜街区外縁2か所に集約した有料駐車場｜木材チップ活用の地区熱供給網を整備｜パッシブハウスと太陽光発電を標準化｜旧兵舎を改修し街区施設に再利用,2024,28,濃い,2011年の州議会選挙でVauban地区の72.7%が緑の党に投票したことが報じられ、2023年と2024年には人口・車保有率などの現況データが独立媒体によって更新されている。,,,5,https://taz.de/Ehrgeizige-Ziele/!5186261/｜https://taz.de/Unter-Oekos/!291721/｜https://taz.de/Zu-Besuch-im-Freiburger-Vauban-Viertel/!5120784/｜https://www.domusweb.it/en/sustainable-cities/2023/09/26/how-freiburg-is-becoming-car-free.html｜https://wwf-jugend.de/nachhaltige-stadtteile-freiburg-vauban-machts-vor/,funding_scale,https://www.domusweb.it/content/dam/domusweb/en/sustainable-cities/2023/09/26/come-friburgo-sta-eliminando-luso-delle-auto/AdobeStock_386969845.jpeg.foto.rbig.jpeg,Domus,2026-08-30,https://yusu0326.github.io/terroir-site/p/de-0011.html
dk-0001,郊外の駅前に共用の家つきの町を1つ作った,Nærheden,デンマーク,シェラン島,Høje-Taastrup 自治体（Hedehusene）,59059,5万〜25万,住む人を増やす・戻す,住まいと暮らし（住宅・医療・福祉・子育て）,2013,,継続中,混合,Høje-Taastrup 自治体と Realdania By & Byg のパートナーシップ,hard,駅前の土地に新しい住宅地を作った｜共用の集会所を3棟置く計画にした｜緑の帯ループを町の背骨にした｜学校と保育所と体操施設を備えた,2026,13,濃い,"2018年に最初の住民が入居し、2022年にはHøje-Taastrup自治体の純転入4.2%の半分をこの地区が占めた。2023年9月に約半数が入居、2026年1月時点で約6,000人が暮らす。",,,3,https://dagensbyggeri.dk/byggeri-og-anlaeg/ny-bydel-i-hedehusene-abner-det-forste-af-flere-modesteder/｜https://bygtek.dk/artikel/byggeri/tilflyttere-flokkes-om-nrheden｜https://dagensbyggeri.dk/byggeri-og-anlaeg/beboerhus-er-indviet-til-ny-bydel-i-hedehusene/,funding_scale,https://dagensbyggeri.dk/wp-content/uploads/2024/04/117731_1_xl.jpg,Dagens Byggeri,2026-08-17,https://yusu0326.github.io/terroir-site/p/dk-0001.html
dk-0002,ごみ焼却施設の屋根を、通年で滑れる斜面にした,Amager Bakke,デンマーク,首都地域,コペンハーゲン（アマー）,667124,25万超,空間をひらく,エネルギー・資源循環,2017,,継続中,混合,Amager Ressourcecenter（ARC）と Fonden Amager Bakke,hard,焼却施設の屋根を斜面にした｜通年で滑れる人工の面を敷いた｜屋根に緑地と歩道を通した｜建築設計競技で案を選んだ,2025,8,濃い,2017年5月に発電を始め、2019年10月に完成して落成した。2021年8月、路面の摩耗による改修費950万クローネの負担をめぐる争いから閉鎖の可能性があるとDRが報じた一方、運営者は同月、開場したまま区画ごとに張り替えると述べて閉鎖を否定した。2025年1月時点で Dezeen は年間およそ1万人が滑っていると書いている。,,,7,https://www.energy-supply.dk/article/view/617657/budgetrod_danmarks_storste_skibakke_lober_tor_for_penge_kort_for_abning｜https://ing.dk/galleri/foto-amager-bakke-aabner-endelig-her-de-tekniske-detaljer-du-skal-laegge-maerke-229248｜https://www.dr.dk/nyheder/indland/koebenhavnere-staar-paa-ski-ned-ad-forbraendingsanlaeg｜https://a-r-c.dk/om-arc/presse/om-amager-bakke/｜https://www.dr.dk/nyheder/seneste/copenhill-risikerer-lukning-frem-til-2024｜https://www.dezeen.com/2021/08/25/big-copenhill-ski-slope-amager-bakke-risks-closure/｜https://www.dezeen.com/2025/01/24/amager-bakke-big-21st-century-architecture/,,https://asset.dr.dk/drdk/drupal-images/other/2019/10/04/scanpix-20191004-191157-l.jpg?im=AspectCrop%3D%281200%2C675%29%2CxPosition%3D.5%2CyPosition%3D.5%3BResize%3D%281200%2C675%29,DR,2026-08-17,https://yusu0326.github.io/terroir-site/p/dk-0002.html
dk-0003,住民60か国分の物を集めて1本の細長い広場に並べた,Superkilen,デンマーク,首都地域,コペンハーゲン（ノアブロ）,667124,25万超,誇りをつくる,文化・アート・祭り,2012,,継続中,混合,コペンハーゲン市（ミーマスゲーゼ地区の都市更新事業の一部。美術家集団 Superflex が関与）,hard,3つの広場と公園を750mに並べた｜60ほどの国の物や什器を置いた｜赤・黒・緑の3区画に塗り分けた｜地区の都市更新事業の一部にした,2026,14,濃い,"2012年の完成直後から赤の広場の舗装が雨天に滑ると指摘され、2015年11月に舗装をやり直す議案が市の委員会にかかり、2018年に総額1,350万クローネで張り替えられた。2025年11月、地区委員会は設立から13年で複数の要素が壊れ、交換や撤去されたものがあり落書きも多いとして市に申し入れた。",,,7,https://www.magasinetkbh.dk/indhold/superkilen｜https://www.kk.dk/dagsordener-og-referater/Teknik-%20og%20Milj%C3%B8udvalget/m%C3%B8de-23112015/referat/punkt-6｜https://www.magasinetkbh.dk/indhold/den-rode-plads-er-blevet-rod-igen｜https://www.tandfonline.com/doi/abs/10.1080/13574809.2019.1622409｜https://intellectdiscover.com/content/books/9781789389616.c08｜https://www.kk.dk/dagsordener-og-referater/N%C3%B8rrebro%20Lokaludvalg/m%C3%B8de-20112025/referat/punkt-8｜https://www.dr.dk/nyheder/kultur/her-er-fire-danske-byparker-du-boer-besoege-og-en-der-slet-ikke-giver-mening,,https://www.magasinetkbh.dk/sites/default/files/public/migrated/artikel/field_artikler_stort_billede/dsc_0906_.jpg,Magasinet KBH,2026-08-17,https://yusu0326.github.io/terroir-site/p/dk-0003.html
dk-0004,小さな村どうしが束を作り、施設と活動を分け合う仕組みを広げた,Landsbyklynger,デンマーク,全土,複数の自治体（束ごとに異なる）,,不明,住む人を増やす・戻す,学校・公共施設,2015,,判定不能,財団・助成機関,Realdania・DGI・Lokale og Anlægsfonden と複数の自治体,soft,近隣の村どうしで束を作る｜束として共通の目標を立てる｜施設や活動を村どうしで分け合う｜住民主導で進め自治体が関わる｜外部の大学が評価する,2021,6,濃い,2020年6月に Realdania は、Aalborg 大学の評価が束を強い戦略の道具と結論したと発表し、地元の担い手には時間と余力が要るとも書いている。2021年11月には同大学で新しい研究が始まったと報じられた。,,true,4,https://www.altinget.dk/by/artikel/realdania-klynger-en-vej-frem-for-landsbyerne｜https://www.altinget.dk/kommunal/artikel/realdania-roser-anbefalinger-om-levedygtige-landsbyer｜https://realdania.dk/nyheder/2020/06/landsbyklynger-styrker-livet-i-den-enkelte-landsby｜https://dagensbyggeri.dk/byggeri-og-anlaeg/hvad-skal-en-god-landsby-kunne/,population_current｜population_scale｜status_current,https://cdn.realdania.dk/media/opxhi2q4/haanden-under-midtfyn-pm.jpg,Realdania,2026-08-19,https://yusu0326.github.io/terroir-site/p/dk-0004.html
dk-0005,周辺地域の「その場所にしかないもの」に絞って、財団が物を作る事業を助成した,Stedet Tæller,デンマーク,周辺地域（yderområder）,複数の自治体（事業ごとに異なる）,,不明,誇りをつくる,自然・緑地・水辺,2011,2016,終了,財団・助成機関,Realdania,hard,土地に固有の場所を選んで助成する｜具体的な物を作る事業を助成する｜自治体と地元の担い手が申請する｜設計者を公開の競技で選ぶ｜終了後に外部評価を公表する,2024,13,濃い,2019年3月の Danske Landskabsarkitekter は、2011年から2016年のキャンペーンに242件の応募があり、35件が実現したと書いている。2024年5月には、同名を継ぐ Stedet Tæller X で8件が選ばれたと報じられた。,,,4,https://dagensbyggeri.dk/arkitektur/skulpturel-leg-i-jyske-aas/｜https://dagensbyggeri.dk/arkitektur/staerke-tegnestuer-konkurrerer-om-solnedgangspladsen-i-gammel-skagen/｜https://www.landskabsarkitekter.dk/Aktuelt/evaluering-af-stedet-taeller-viser-positive-resultater/｜https://dagensbyggeri.dk/arkitektur/blaendende-ideoplaeg-skal-oge-livskvaliteten-pa-helt-saerlige-steder/,population_current｜population_scale,https://dagensbyggeri.dk/wp-content/uploads/2024/05/122454_1_xl.jpg,Dagens Byggeri,2026-08-19,https://yusu0326.github.io/terroir-site/p/dk-0005.html
dk-0006,1960年代の大きな公営住宅団地を、壊しながら住戸の組み方ごと作り替えている,Gellerupparken,デンマーク,中央ユラン地域,オーフス,,不明,住む人を増やす・戻す,住まいと暮らし（住宅・医療・福祉・子育て）,2015,,継続中,混合,Brabrand Boligforening（住宅組合）とオーフス市,hard,低層の棟を壊して棟数を減らす｜残る棟の住戸を組み替える｜各階3戸だったところを4戸にする｜1階に天井の高い住戸を入れる｜跡地に新しい街区を作る,2025,10,濃い,"Dagens Byggeri は2025年5月27日に、住宅組合と施工会社のあいだで見直した協定により、Karen Blixen Kvarteret の第1期に着手できるようになったと伝えている。同記事によれば、この街区は52,000平方メートルで578戸と3,000平方メートルの事業用の床を含み、年金基金と組んで進められる。",true,,4,https://dagensbyggeri.dk/erhverv-og-politik/gellerup-nedrivning-naesten-tilendebragt/｜https://dagensbyggeri.dk/renovering/budget-13-mia-kr-omdanner-600-gellerup-boliger-til-750/｜https://dagensbyggeri.dk/byggeri-og-anlaeg/starter-nu-600-lejligheder-omdannes-til-750-i-gellerupparken/｜https://dagensbyggeri.dk/byggeri-og-anlaeg/aftale-sikrer-opstart-paa-foerste-etape-af-karen-blixen-kvarteret-i-gellerup/,population_current｜population_scale,https://dagensbyggeri.dk/wp-content/uploads/2025/05/gellerup-1-Foto-Brabrand-Boligforening.jpg,Dagens Byggeri,2026-08-19,https://yusu0326.github.io/terroir-site/p/dk-0006.html
dk-0007,離島まるごとを再生可能エネルギーに転換し、見学者を受け入れるアカデミーを開いた,Samsø Energiakademi,デンマーク,ミッドユラン地域,サムスー自治体（バレン/Ballen）,3775,5万人未満,人を呼ぶ,エネルギー・資源循環,2007,,継続中,混合,Samsø Energiakademi,hybrid,陸上風車11基を建てた｜洋上風車10基を建てた｜灯油暖房をペレット等に転換した｜配管工向け講習を開いた｜見学・研修を受け入れる拠点を開館した｜建物を複数大学の研究拠点にした,2026,19,濃い,2007年開館以来ディレクターを務めたセーレン・ヘアマンセン氏が2026年5月に退任し、モーテン・ヴェスタゴー氏が後任になったとAltingetが報じた。,,,6,https://bygtek.dk/artikel/andet/energi-akademi-paa-samsoe｜https://rgo.dk/samso-danmarks-energi-o/｜https://www.altinget.dk/artikel/danmarks-hemmelige-klima-superhelt-om-den-groenne-omstilling-vi-har-ikke-laert-en-skid｜https://www.altinget.dk/klima/artikel/184708-historien-om-samsoes-groenne-succes-det-foerste-vi-gjorde-var-at-danne-en-forening｜https://www.altinget.dk/klima/artikel/den-groenne-omstilling-lykkes-kun-hvis-den-ejes-af-folket｜https://www.altinget.dk/forsyning/artikel/generationsskifte-paa-samsoe-energiakademi-faar-ny-direktoer,,https://legacy.altinget.dk/images/article/301961/153507.jpg,Altinget,2026-08-30,https://yusu0326.github.io/terroir-site/p/dk-0007.html
dk-0008,旧電力施設を、住民運営の文化施設として開いた,Kulturhuset Elværket,デンマーク,首都地域,フレゼリクスン自治体（Frederikssund Kommune）,47455,5万人未満,空間をひらく,エネルギー・資源循環,,,継続中,混合,Elværksforeningen,hybrid,旧電力施設の建物を文化施設に転用した｜利用者代表による理事会が運営する仕組みを作った｜市議会議員2人を理事会の議席に組み込んだ｜利用者アンケートとビジョン文書を自ら作成した｜委員会が市直営への移行を勧告した,2026,,濃い,開始年は出典から確認できず、記録は2014年から2026年にわたる。2026年8月、自治体の委員会が運営の市直営化を議会に勧告し、運営協会が反発した。,,,5,https://vbn.aau.dk/da/clippings/elv%C3%A6rket-runder-100-%C3%A5r-det-gamle-elektricitetsv%C3%A6rk-i-frederikssun｜https://www.hornsherredlokalavis.dk/elvaerket-runder-30-aar/｜https://www.hornsherredlokalavis.dk/beslutning-om-fremtidig-organisering-af-kulturhuset-elvaerket/｜https://www.hornsherredlokalavis.dk/en-aktuel-konflikt-som-kan-skabe-praecedens-i-hele-kommunen/｜https://www.frederikssund.dk/Politik/Dagsordener-og-referater/fritid-og-kultur/2026-08-13_15-00/referat,start_year｜elapsed_years｜文化施設化を主導した主体（発注者・設計者）｜電力供給の停止時期と、文化施設になるまでの建物用途の詳細｜文化施設への改修・転用にかかった費用,,,2026-09-01,https://yusu0326.github.io/terroir-site/p/dk-0008.html
ec-0001,市が住民に菜園のつくり方を教え続け、余った分を売る有機農産物の直売市をひらいた,Proyecto de Agricultura Urbana Participativa,エクアドル,ピチンチャ県,キト首都特別区,,25万超,お金を地域で回す,農林水産・食,2002,,継続中,行政,キト首都特別区自治体（経済振興公社 ConQuito の事業として実施）,hybrid,住居のパティオと屋上に菜園をつくる｜技術者が菜園を訪ねて講習する｜余った分を売る有機農産物の直売市をひらく｜木箱やタイヤを栽培の容器に使う｜学校や老人ホームにも菜園を広げる,2025,23,濃い,"キト首都特別区自治体は2025年5月3日に、23年間で5,271の菜園と3,170の生産設備をつくり、147,000人を超える人が直接の受益者になったと書いている。同じ広報によれば、いま活動している受益者は5,500人で、生産している菜園はおよそ2,215である。",,true,7,https://habitat.aq.upm.es/dubai/14/bp0022.html｜https://www.elcomercio.com/actualidad/quito/quitenos-huertos-hogares/｜https://www.futurepolicy.org/global/quito-agrupar/｜https://www.elcomercio.com/tendencias/huerto-urbano-departamento-quito-agricultura/｜https://www.expreso.ec/actualidad/huertos-urbanos-toman-capital-93682.html｜https://www.quitoinforma.gob.ec/2022/06/27/agricultura-urbana-un-proyecto-que-tiene-20-anos-de-vida-y-buenos-resultados/｜https://www.quitoinforma.gob.ec/2025/05/03/huertos-urbanos-en-quito-agrupar-lleva-mas-de-147-mil-beneficiarios/,population_current,https://www.quitoinforma.gob.ec/wp-content/uploads/2025/05/agruparcumple-23-aos.jpeg,Quito Informa（キト首都特別区自治体）,2026-08-20,https://yusu0326.github.io/terroir-site/p/ec-0001.html
ee-0001,2007年に消防基準を理由に閉じられたテレビ塔の展望階を、2012年の全面改修で放送史をテーマにした体験型の公共空間として開き直した,Tallinna teletorn,エストニア,ハルユ県（Harju maakond）,タリン市（ピリタ地区）,457000,25万超,空間をひらく,デジタル・情報発信,2012,,継続中,財団・助成機関,"改修の発注者（クライアント）はTallinna Teletorni Sihtasutus（テレビ塔財団、法人名SA Tallinna Teletorn）である（Eesti Arhitektuurikeskus, 2019年）。ERR（2017年5月10日）によれば、この財団は国有会社Leviraによって管理されている。改修の設計は、2009年のコンペで1位となったKOKO Architectsが担った（Eesti Arhitektuurikeskus, 2019年。同記事は選定方式を、構造化欄では「招待コンペ」、本文では「公開コンペ」と2通りに表記しており、記述が一致しない）。",hybrid,新しい入口棟を建設した｜展望階を175mまで拡張した｜体験型の展示空間を新設した｜北欧最高所のレストランを開業した｜放送史をテーマにした企画展を継続開催｜貸し会議室を企業向けに用意した,2026,14,濃い,2007年に消防基準への不適合で閉鎖された展望階は、2012年の改修で再開放された。2015年までの来場者は50万人を超え、2026年にも放送100周年の企画展が続く。,,,6,https://eeter.err.ee/284176/teletorni-on-taasavamisest-kulastanud-ule-poole-miljoni-inimese｜https://www.err.ee/595007/pealtnagija-teletorn-ei-suuda-suletud-restoranile-uut-rentnikku-leida｜https://kultuur.err.ee/1609983072/tallinna-teletorni-uus-naitus-viib-eesti-raadioajaloo-algusaegadesse｜https://kultuur.err.ee/1609995433/teletorni-uutel-naitustel-naeb-etv-teledaame-ja-legendaarseid-spordireportereid｜https://eestiarhitektuur.ee/projekt/tallinn-tv-tower/｜https://teletorn.ee/en/about-tv-tower/history/,funding_scale,https://s.err.ee/photo/crop/2014/06/30/226397hd8b9t24.jpg,ERR（Eesti Rahvusringhääling）,2026-09-01,https://yusu0326.github.io/terroir-site/p/ee-0001.html
ee-0002,海外で学ぶ・働く若手エストニア人と国内企業をオンラインで引き合わせる「タレンド・コユ！」を、エストニア商工会議所が2010年に始めた,Talendid koju!,エストニア,全国,特定の自治体に紐づかない全国向けプロジェクト（在外エストニア人と国内雇用主全般が対象）,,不明,住む人を増やす・戻す,デジタル・情報発信,2010,2012,終了,民間（その他）,エストニア商工会議所（Eesti Kaubandus-Tööstuskoda）が、起業家4人のグループ「RAM4」と共同で発足させた（koda.ee、ページ内のdatePublishedメタデータは2018年3月28日）。後援者はトゥーマス・ヘンドリク・イルベス大統領（ERR News各記事）。,soft,求職者と雇用主が登録し出会うウェブサイトを開設｜在外の若者500人へ事前に意向調査を実施｜商工会議所が起業家4人と共同で発足｜イルベス大統領を後援者に起用｜欧州社会基金からの共同出資で運営,2018,8,濃い,2010年11月に始まり、2011年9月時点で目標25人中9人が帰国、2012年10月18日に27人の帰国実績を残して終了した。koda.ee（datePublished 2018年3月28日）でも終了と確認できる。,,,4,https://news.err.ee/98238/expats-on-the-edge｜https://news.err.ee/101532/talent-flows-steadily-home-little-by-little｜https://news.err.ee/105531/bring-talent-home-draws-to-a-close｜https://www.koda.ee/et/toimunudprojektid/talendid-koju,population_current｜population_scale,,,2026-09-03,https://yusu0326.github.io/terroir-site/p/ee-0002.html
es-0001,43年の住民運動の末に旧繊維工場を受け取り、住民が自分たちで運営している,Can Batlló,スペイン,カタルーニャ州,バルセロナ（サンツ=ムンジュイック区ラ・ボルデタ地区）,1732066,25万超,住民が決める,空き家・空き店舗・遊休不動産,2011,,継続中,住民組織,Plataforma Recuperem Can Batlló ／ Assemblea de Can Batlló（ラ・ボルデタの住民組織）,hybrid,旧繊維工場の建物を住民に開いた｜一か月後に住民運営の図書館を開いた｜市の委員会が長期の譲渡を議決した｜敷地に協同組合の拠点を置いた,2025,14,濃い,2011年6月に住民が敷地に入り、2014年には3年目が報じられた。2019年3月に市の経済委員会が30年（最長50年）の譲渡を承認し、2069年までの管理が住民側に渡った。2025年には敷地内の協同組合拠点が1年目を迎えている。,,,5,https://beteve.cat/societat/can-batllo-aniversari-autogestio-veins-sants/｜https://www.publico.es/sociedad/gestion-comunitaria-echa-fuertes-raices-barcelona.html｜https://beteve.cat/societat/can-batllo-gestio-entitats-veinals-cessio-ajuntament-50-anys/｜https://www.publico.es/public/coronavirus-apaga-flama-can-batllo.html｜https://beteve.cat/economia/bloc4bcn-celebra-primer-any-cooperacio-can-batllo/,funding_scale,https://img.beteve.cat/wp-content/uploads/2014/06/110614brindisR.jpg,betevé,2026-08-17,https://yusu0326.github.io/terroir-site/p/es-0001.html
es-0002,市営屠畜場だった建物群を、棟ごとに文化施設へ変えていった,Matadero Madrid,スペイン,マドリード州,マドリード（アルガンスエラ区）,3527924,25万超,空間をひらく,空き家・空き店舗・遊休不動産,2006,,継続中,行政,マドリード市（Ayuntamiento de Madrid）。運営は市の文化事業会社 Madrid Destino,hybrid,市営屠畜場の建物を文化施設に変えた｜棟ごとに段階的に改修して開いた｜運営を市の文化事業会社に委ねた｜一棟を10年の事業権で民間に貸した,2026,20,濃い,敷地は2006年に文化施設として開いた。2022年に一棟が有料の常設展示に貸し出されて運営方針の変化が報じられ、2024年には建物の完成から100年の催しが行われた。2026年には敷地の過去をめぐる記録の掘り起こしが報じられている。,true,,3,https://www.eldiario.es/madrid/matadero-abre-cultura-pago_1_8854659.html｜https://www.eldiario.es/guia-ocio/matadero-madrid-celebra-centenario-20-actividades-gratuitas-experiencia-inmersiva_1_11759686.html｜https://www.eldiario.es/madrid/somos/arganzuela/vecinos-academicos-artistas-recuperan-memoria-matadero-espacio-represion-murieron-838-mendigos_1_12909210.html,funding_scale,https://static.eldiario.es/clip/d553f365-4fd8-4542-9911-c7acae9034d1_facebook-watermarked-aspect-ratio-1200-675_default_0.jpg,elDiario.es,2026-08-17,https://yusu0326.github.io/terroir-site/p/es-0002.html
es-0003,市の計画づくりを、対面の会合とネット上の場を組み合わせて住民に開いた,decidim.barcelona,スペイン,カタルーニャ州,バルセロナ,1732066,25万超,住民が決める,デジタル・情報発信,2016,,継続中,行政,バルセロナ市（Ajuntament de Barcelona）,soft,市の計画案をネット上に公開した｜対面の会合を約300回組んだ｜提案への賛同を数えて示した｜参加型予算の投票に使った,2024,8,濃い,"2016年2月に市の計画づくりの場として始まり、同年4月には登録2万2,600人・提案1万300件と報じられた。2017年に機能が加えられ、2024年には参加型予算の2回目に使われている。1回目は約7万人が加わって76事業が採択されたと報じられた。",,,5,https://www.publico.es/espana/web-facilita-proceso-participativo-planes.html｜https://beteve.cat/politica/proces-participatiu-decidim-barcelona-tanca-22-600-usuaris-plataforma-digital-pam-pad/｜https://www.vilaweb.cat/noticies/barcelona-inclou-nous-canvis-en-la-plataforma-participativa-decidim-barcelona/｜https://www.eldiario.es/tecnologia/clicktivismo-radicalidad-democratica_1_1756851.html｜https://www.elnacional.cat/es/barcelona/barcelona-destinara-30-millones-euros-segunda-edicion-presupuestos-participativos_1295409_102.html,funding_scale,https://static.eldiario.es/clip/c5a434d2-9c05-485b-9941-b42c1b05dbb5_facebook-watermarked-aspect-ratio-1200-675_default_0.jpg,elDiario.es,2026-08-17,https://yusu0326.github.io/terroir-site/p/es-0003.html
es-0004,学校の校庭を、授業のない時間と休暇のあいだ、まちに開けた,Patis Escolars Oberts al Barri,スペイン,カタルーニャ州,バルセロナ,1732066,25万超,空間をひらく,学校・公共施設,,,継続中,行政,バルセロナ市（Ajuntament de Barcelona）,soft,学校の校庭を授業外に開けた｜見守りの担当をつけて開閉した｜市立保育所の園庭も加えた｜休暇期間にも開けるようにした,2023,,濃い,開始年は出典から確認できず、報道は2013年から2023年にわたる。2021年に感染症対策の中断から再開し、同年から夏休み中も開くようになった。同年11月に市立保育所4か所が加わり、2023年のイースター休暇には37か所が開いた。,true,,4,https://beteve.cat/societat/patis-oberts-barri-escoles/｜https://beteve.cat/societat/barcelona-torna-obrir-patis-caps-setmana/｜https://beteve.cat/societat/quatre-escoles-bressol-incorporen-patis-oberts-escolars/｜https://beteve.cat/politica/obren-patis-12-escoles-barcelona-setmana-santa-2023/,start_year｜elapsed_years｜funding_scale,https://img.beteve.cat/wp-content/uploads/2021/05/IMG_1703-1.jpg,betevé,2026-08-17,https://yusu0326.github.io/terroir-site/p/es-0004.html
es-0005,旧工業・港湾・鉄道の用地を、州と国が半分ずつ出資する会社が30年かけて街に変えた,Bilbao Ría 2000,スペイン,バスク州ビスカヤ県,ビルバオ（および隣接するバラカルド）,346903,25万超,空間をひらく,空き家・空き店舗・遊休不動産,1992,,継続中,行政,Bilbao Ría 2000（バスク州側の機関とスペイン国の機関が50%ずつ出資する公共会社）,hard,旧工業・港湾・鉄道用地を転換した｜州と国が半分ずつ出資する会社を作った｜用地売却の益を次の事業に回した｜30年で10億ユーロ超を投じた,2024,32,濃い,"1992年に設立され、2013年3月には取締役会が秩序ある閉鎖の計画づくりを指示した。2017年には25年、2023年には30年が報じられ、総投資は10億2,000万ユーロを超えた。2024年にはオラベアガのマスタープランの入札が伝えられている。",,,5,https://www.deia.eus/bizkaia/2013/03/22/bilbao-ria-2000-plantea-disolucion/285957.html｜https://www.deia.eus/bizkaia/2017/11/20/bilbao-ria-2000-conmemora-25-4905811.html｜https://www.elsaltodiario.com/bilbao/bilbao-la-fabula-posmoderna-estrategia-frente-espejismo-zorrotzaurre｜https://www.deia.eus/bilbao/2023/05/10/bilbao-ria-2000-cumple-30-6784775.html｜https://www.deia.eus/bilbao/2024/07/22/ria-2000-licitara-master-plan-8511325.html,,https://estaticosgn-cdn.deia.eus/clip/aa04cb1b-13ce-40ac-a12b-803090039613_16-9-aspect-ratio_default_0.jpg,Deia,2026-08-17,https://yusu0326.github.io/terroir-site/p/es-0005.html
es-0006,碁盤の目の一角で車を締め出し、8年かけて仮設から本設に切り替えた,superilla de Sant Antoni,スペイン,カタルーニャ州,バルセロナ（エシャンプラ区サン・アントニ）,1732066,25万超,歩けるようにする,交通・道路・駅,,,継続中,行政,バルセロナ市（Ajuntament de Barcelona）,hybrid,通りから車を締め出した｜仮設の什器で先に作って試した｜効果を数値で測って公表した｜8年後に本設の舗装に切り替えた,2026,,濃い,開始年は出典間で食い違い、報道は2019年から2026年にわたる。2019年に市が最初の総括を出し、2021年には商店への調査が公表された。2025年に仮設をやめて本設にする方針が示され、2026年6月に工事が始まった。,,,4,https://beteve.cat/medi-ambient/6000-vehicles-reduccio-contaminacio-superilla-sant-antoni/｜https://beteve.cat/politica/sant-antoni-encapcala-recuperacio-economica-barcelona-gracies-superilla/｜https://www.elnacional.cat/ca/barcelona/superilla-sant-antoni-diu-adeu-urbanisme-tactic-urbanitzacio-definitiva_1414897_102.html｜https://beteve.cat/societat/inici-obres-consolidacio-superilla-sant-antoni-dubtes-comerciants/,start_year｜elapsed_years,https://img.beteve.cat/wp-content/uploads/2021/09/nen-superilla-santantoni-150921.jpg,betevé,2026-08-17,https://yusu0326.github.io/terroir-site/p/es-0006.html
es-0007,回線が来ない農村で住民が自分たちの通信網を敷き、共有物として開いた,guifi.net,スペイン,カタルーニャ州（起点はオソナ郡）,オソナ郡（起点）。以後カタルーニャ州の各地へ広がった,,不明,住民が決める,デジタル・情報発信,2004,,継続中,混合,Fundació guifi.net（財団）と、ノードを建てる住民・地元の事業者・協同組合・団体,hybrid,住民がノードを建てて網を延ばした｜光ファイバーを自前で敷設した｜基盤を集団の所有物として開いた｜開かれた相互接続の規則を定めた｜地元事業者が共有基盤で商売できる,2026,22,濃い,"2004年にオソナ郡で始まり、2006年11月に稼働ノードが1,000を超えた。2011年3月には財団が規制機関CMTを相手に提訴している。2026年3月時点で稼働ノード4万超、敷設した光ファイバー4万km超と報じられている。",,,4,https://www.vilaweb.cat/noticia/2122151/20061105/xarxa-sense-fils-guifinet-supera-mil-nodes-funcionament.html｜https://www.publico.es/ciencias/guifi-net-demanda-cmt-frenar-redes-abiertas.html｜https://www.eldiario.es/alternativaseconomicas/guifinet-wifi-fibra-optica-libre_132_3739176.html｜https://www.elsaltodiario.com/derechos-digitales/comunes-digitales-soberania-tecnologica-alternativas-funcionan,population_current｜population_scale｜funding_scale,https://static.eldiario.es/clip/6193770a-f271-40e4-8942-8f10cbe6b932_facebook-aspect-ratio-1200-675_default_0.jpg,elDiario.es（Alternativas Económicas）,2026-08-18,https://yusu0326.github.io/terroir-site/p/es-0007.html
es-0008,電気を売る協同組合をつくり、組合員の出資で発電所を建てた,Som Energia,スペイン,カタルーニャ州ジローナ（起点）。組合員はスペイン全土にいる,ジローナ（起点）,,不明,お金を地域で回す,エネルギー・資源循環,2010,,継続中,住民組織,Som Energia（協同組合）,hybrid,電気を売る協同組合をつくった｜組合員の出資で発電所を建てた｜総会で組合員が議決する形にした｜各地に組合員の地域班を置いた,2026,16,濃い,"2010年にジローナで発足し、2016年3月にはトレドに地域班ができた。2019年5月には同年の売上を6,400万ユーロ超と見込み1日37人が加入していると報じられ、同年12月には組合員1,600人の出資で太陽光発電所が開かれた。2026年5月時点で発足から15年が経っている。",,,6,https://www.eldiario.es/castilla-la-mancha/democracia-energetica-toledo-som-energia_1_4122223.html｜https://www.eldiario.es/consumoclaro/ahorrar_mejor/cooperativas-renovables-som-energia-goiener_0_609639708.html｜https://eldiario.es/economia/electricidad-ejemplos-socializacion-renovable-Espana_0_873162923.html｜https://www.eldiario.es/economia/cooperativa-renovable-som-energia-facturar_1_1556005.html｜https://www.eldiario.es/ballenablanca/transicion_energetica/revolucion-energetica-ciudadanos-cooperativa-aportaciones_1_1206592.html｜https://www.elsaltodiario.com/mecambio/15-anos-demostrando-esto-no-va-luz,population_current｜population_scale,https://static.eldiario.es/clip/5d3ecb6c-73cd-4781-a73d-1b1c0cbc55c5_facebook-watermarked-aspect-ratio-1200-675_default_0.jpg,elDiario.es,2026-08-18,https://yusu0326.github.io/terroir-site/p/es-0008.html
es-0009,協同組合が建物を持ち、組合員が使用権を買って住み続ける住宅を各地で建てている,Sostre Cívic,スペイン,カタルーニャ州,バルセロナ市に本部。事業は州内の複数の自治体にある（出典に出るのはバルセロナ、マンレザ、リェイダ、タラサ、グラノリェルス、サン・クガット・ダル・バリェス、ビラフランカ、パラモス）,,不明,お金を地域で回す,住まいと暮らし（住宅・医療・福祉・子育て）,2004,,継続中,NPO,Sostre Cívic（2004年に協会として、2010年に協同組合として設立）。土地は自治体が長期の権利で貸し、資金は組合員の出資と欧州評議会開発銀行の融資による,hybrid,協同組合が建物の所有を持つ｜組合員が使用権を買って住む｜市の土地を長期で借りて建てる｜入居予定者の出資で費用を賄う｜共用の台所や屋上を住民が決める｜高齢者や障害のある人の住戸を混ぜる,2026,22,濃い,2019年に La Balma が着工し2021年に完成が近づいた。2023年に高齢者向けの Can 70 が公表され、2025年には62戸の Ca l'Ordit が工事に入った。2026年4月時点で、この協同組合が州内で持つ25件のうち14件が入居済みと伝えられている。,,,7,https://sostrecivic.coop/faq/on-i-quan-va-neixer/｜https://beteve.cat/economia/habitatge-cooperatiu-la-balma-poblenou/｜https://beteve.cat/la-familia-barris/pisos-la-balma-cooperativa-sostre-civic/｜https://beteve.cat/economia/can-70-primer-habitatge-cooperatiu-senior-barcelona/｜https://beteve.cat/economia/bloc-cooperatiu-inclusiu-mes-gran-espanya-sant-andreu/｜https://www.3cat.cat/3catinfo/les-cooperatives-dhabitatge-fan-un-salt-gracies-al-financament-del-banc-del-consell-deuropa/noticia/3380628/｜https://www.diaripublic.cat/societat/cooperativisme-habitatge-guanya-terreny-catalunya-experiencies-quallen-enmig-crisi-residencial.html,population_current｜population_scale,https://img.beteve.cat/wp-content/uploads/2025/11/habitatge-cooperatiu-inclusiu-sant-andreu111125.jpg,betevé,2026-08-19,https://yusu0326.github.io/terroir-site/p/es-0009.html
es-0010,貧困の集まる10地区で、現金の給付と就労支援を組み合わせてためした,B-MINCOME,スペイン,カタルーニャ州,バルセロナ市（Eix Besòs の10地区）,1732066,25万超,お金を地域で回す,住まいと暮らし（住宅・医療・福祉・子育て）,2017,,判定不能,行政,バルセロナ市。欧州連合の Urban Innovative Actions の資金を受け、Ivàlua・Novact・IGOP・The Young Foundation・ICTA・UPC と組んだ。科学的な評価は Universitat Pompeu Fabra、IESE、Centro para la Innovación Social Nova が担う,soft,選ばれた世帯に毎月現金を配る｜条件つきと条件なしを並べて試す｜対照群を置いて効果を比べる｜就労と職業訓練の枠を用意する｜空き部屋を貸すための改修を助ける｜地域の活動への参加を枠に入れる,2023,6,濃い,2017年5月に欧州の事業として発表された。当事者の寄稿は、同年12月から給付が始まり2019年12月に終えると書いているが、終了を報じた出典は確認できていない。,,,4,http://www.eldiario.es/catalunya/barcelona/Union-Europea-Barcelona-Renda-Basica_0_649535288.html｜https://revistes.ub.edu/index.php/clivatge/article/view/21986｜https://eldiario.es/alternativaseconomicas/Barcelona-luchar-exclusion-social_6_805679437.html｜https://journals.polito.it/index.php/EJSD/article/view/369,end_year,https://static.eldiario.es/clip/fd378e24-8fdb-4cc1-b619-1c80a39b5a09_facebook-aspect-ratio-1200-675_default_0.jpg,elDiario.es,2026-08-19,https://yusu0326.github.io/terroir-site/p/es-0010.html
es-0011,福祉の窓口から直接つないで、仕事に就きにくい人と企業を橋渡しする仕組みを10年続けている,Làbora,スペイン,カタルーニャ州,バルセロナ市,1732066,25万超,商いを起こす,住まいと暮らし（住宅・医療・福祉・子育て）,2014,,継続中,混合,バルセロナ市の社会権の部門と Barcelona Activa が、第三セクターの3つの連合体（ECAS・FEICAT・カタルーニャ赤十字）と組んで運営する,soft,福祉の窓口から直接つなぐ｜就労の相談員が計画を立てる｜企業に人を紹介して橋渡しする｜学び直しの講座を用意する｜市と3つの連合体で運営する,2025,11,濃い,"2014年末に始まった。2016年の報道では前年に1,500人が契約に至り、2021年には7年目と伝えられた。2025年には在留資格のない人を対象にした試行 LABase が別に始まっている。",,,3,https://beteve.cat/societat/labora-ajuntament-tercer-sector/｜https://diaritreball.cat/el-programa-labora-dinsercio-laboral-de-persones-ateses-per-serveis-socials-augmenta-a-la-ciutat/｜https://www.social.cat/noticia/23027/nou-projecte-barcelona-promoura-insercio-laboral-persones-situacio-administrativa-irregular,,https://www.social.cat/imatges/og/12564.jpeg,Social.cat,2026-08-19,https://yusu0326.github.io/terroir-site/p/es-0011.html
es-0012,会費を金で払わず、自分の時間を互いに差し出して使う仕事場を市が開いた,La Colaboradora,スペイン,アラゴン州,サラゴサ市,727475,25万超,お金を地域で回す,商店街・市場,2013,,継続中,行政,サラゴサ市の Zaragoza Activa の中に置かれている。立ち上げたのは Raúl Oliván と Javier Fernández。運営には会員による理事会と総会があり、会合は会員に開かれている,soft,金でなく時間で会費を払う｜会員どうしが技能を出し合う｜出し入れした時間を記録する｜会員が講座を開いて教え合う｜起業したい人に場所を貸す,2021,8,濃い,"2013年に始まり、2016年には会員約250人・累計8,000時間で Eurocities 賞を受けた。2018年には会員約300人・14,112時間になり、他国の4都市が真似を始めたと伝えられた。2021年も Zaragoza Activa の一部として続いている。",,,5,https://eldiario.es/aragon/economia/Colaboradora-Fest-colaborativa-emprendedores-funcionarios_0_459854039.html｜https://www.eldiario.es/aragon/economia/colaboradora-colaborativa-zaragoza-premiado-ue_1_3704692.html｜https://www.aragondigital.es/articulo/zaragoza/jesus-alquezar-nuestros-emprendedores-son-cada-dia-mas-vocacion-menos-ocasion/20180305121900575372.html｜https://www.publico.es/economia/latinoamerica-clona-receta-zaragozana-economia-colaborativa.html｜https://www.aragondigital.es/articulo/economia/treinta-emprendedores-buscan-hacer-sus-ideas-realidad-en-los-cursos-formativos-de-zaragoza-activa/20210322115108788322.html,,https://static.eldiario.es/clip/39d8a28a-f5ac-49a3-8bf0-a4c6dd69c705_facebook-watermarked-aspect-ratio-1200-675_default_0.jpg,elDiario.es,2026-08-19,https://yusu0326.github.io/terroir-site/p/es-0012.html
et-0001,月に一度、街路から車を締め出して人に返す日をつくり、23か所まで広げた,Menged Le Sew,エチオピア,アディスアベバ,アディスアベバ,,不明,歩けるようにする,交通・道路・駅,2018,,継続中,混合,アディスアベバ交通管理庁（TMA）と区の長・保健局・青年スポーツ局などの連携。The Journal of Public Space（2022年）に載った論文によれば、2018年12月9日にこれらの協働で始まった。BYCS（2020年11月25日）と CityChangers.org（2021年4月20日）に載った対談によれば、共同で立ち上げた1人はセブレ・サミュエル氏である,soft,月に一度、街路から車を出す｜場所を市内に散らして置く｜運動と保健の催しを重ねる｜子どもの遊び場として使う｜関係者向けの手引きを作る,2024,6,濃い,2018年12月9日に始まり、2019年2月の3回目から本格化したと共同で立ち上げた人物が述べている。2022年の論文は効果を測った長期の研究がまだ無いと書き、2024年の記事は当初6か所から23か所に広がったとしている。,,,6,https://farecity.org/2020/07/30/connecting-continents/｜https://bycs.org/streets-for-people-with-seble-samuel/｜https://citychangers.org/citychanger-seble-samuel/｜https://www.womeninurbanism.ca/words/five-women-transforming-cities-h22｜https://www.journalpublicspace.org/index.php/jps/article/view/1545｜https://thelocalsouth.com/open-streets-in-ethiopia/,population_current｜population_scale｜funding_scale,https://citychangers.org/wp-content/uploads/2021/04/Oliver-Hoerzer-Car-free_menged-le-sew_7-2-e1618991243926.jpg,CityChangers.org,2026-08-19,https://yusu0326.github.io/terroir-site/p/et-0001.html
fi-0001,市民が出した提案を市民の投票で選び、市がその予算で実施する仕組みを4回続けている,OmaStadi,フィンランド,ウーシマー（Uusimaa）,ヘルシンキ市,694392,25万超,住民が決める,デジタル・情報発信,2018,,継続中,行政,ヘルシンキ市。提案の費用の見積もりと当選案の実施の詰めを市の専門家が担う,soft,ネット上で市民が改善案を出す｜市の専門家が費用を見積もる｜市民の投票で実施する案を選ぶ｜予算の8割を地区へ人口割で配る｜学校でも児童生徒が投票する｜当選案の実施を住民と市で詰める,2026,8,濃い,"2020年に2回目の予算が880万ユーロへ倍増し、2024年の投票には41,962人が参加した。2026年春の第4回では640件の提案から54件が選ばれている。",,,6,https://vuosaarilehti.fi/2020/05/06/omastadin-budjetti-tuplaantuu-88-miljoonaan/｜https://bibu.fi/osallistuvan-budjetoinnin-loppuarviointi/｜https://vuosaarilehti.fi/2021/03/25/omastadin-ehdotuksiin-voi-tutustua-netissa/｜https://vuosaarilehti.fi/2023/11/15/omastadi-ehdotukset-arvioitaviksi/｜https://vuosaarilehti.fi/2024/04/17/viela-voi-vaikuttaa-ita-helsingin-kahdeksan-omastadi-hankkeen-toteutukseen/｜https://vuosaarilehti.fi/2026/04/15/helsinkilaiset-aanestivat-omastadissa-saunoja-vehreytta-ja-toimintaa-nuorille/,,https://vuosaarilehti.fi/wp-content/uploads/2026/04/e705cae2-47a6-4ea9-8972-b9511b964347-1024x683.jpg,Vuosaari-lehti,2026-08-18,https://yusu0326.github.io/terroir-site/p/fi-0001.html
fi-0002,衰退した製鉄の村で、空いた工場建物と労働者住居を職人に無償開放し、600人規模の工芸・デザインの村に転換させた,Fiskars Village,フィンランド,ウーシマー（Uusimaa）,ラーセポリ（Raasepori／Raseborg）,27211,5万人未満,商いを起こす,文化・アート・祭り,1983,,継続中,混合,"1983年、工場建物の一部（住居区画を含む）がラーセポリの自治体に売却され（売却した側は出典に無い）、自治体はアート展示会を始めた。その後、空いた工場建物を工芸・デザインの仕事に使わせる仕組みを1990年代に広げたのはフィスカルス社である（Nordic Labour Journal, 2022-09-22）。実際に事業を営むのは移り住んだ個々の職人・デザイナーと、彼らが組織した協同組合Onomaである（同 / Amusa, 2021-03-14）。",hybrid,空き工場建物を工房として無償開放｜労働者住居を移住者に無償開放｜職人協同組合Onomaを設立｜アート・デザインビエンナーレを開催｜毎年恒例のクリスマス市を開催,2022,39,濃い,1983年の建物売却に始まり、1994年以降に職人が移住し、2019年に第1回ビエンナーレ、2021年にOnomaが25周年、2022年時点で年間20万人超が訪れると報じられている。,,,3,https://www.nordiclabourjournal.org/fiskars-the-ironworks-village-that-changed-its-spots/｜https://www.wallpaper.com/design/fiskars-village-art-and-design-biennale｜https://www.amusa.fi/fiskarsin-kasityolaisten-muotoilijoiden-ja-taitelijoiden-osuuskunta-onoma-juhlii-25,,https://www.amusa.fi/sites/default/files/2021-03/Fiskars%20ruukkimilj%C3%B6%C3%B6-1_0.jpg,Amusa,2026-08-30,https://yusu0326.github.io/terroir-site/p/fi-0002.html
fi-0003,閉校になった校舎を住民組織が1ユーロで買い取り、労働奉仕で改修して学校と集会所として使い続けている,Vihtijärven koulu,フィンランド,ウーシマー（Uusimaa）,ヴィヒティ（Vihti）市 ヴィヒティヤルヴィ（Vihtijärvi）集落,28856,5万人未満,住民が決める,学校・公共施設,2007,,継続中,住民組織,Vihtijärven kyläyhdistys ry（ヴィヒティヤルヴィ村協会）,hybrid,廃校寸前の校舎を1ユーロで買った｜労働奉仕（talkoot）で改修した｜1階を学校として市に貸した｜2階を村の集会所にした｜無利子融資と助成金を組み合わせた｜閉校提案のたびに議会で押し返した,2023,16,濃い,2014年と2020年に閉校提案が2度出たがいずれも住民側の運動と議会の否決で残り、2023年時点で児童30人が通っている。,,true,4,https://www.maaseuduntulevaisuus.fi/maaseutu/palkittu-kylä-taistelee-koulustaan-1.74411｜https://www.kuntalehti.fi/opetus-ja-kulttuuri/vihtijaerven-koulun-pelastaminen-kohensi-kylaehenkeae-nyt-kylaeaen-halutaan-lisaeae-asukkaita/200758｜https://vihtijarvi.fi/vihtijarven-koulua-ei-lakkautettu-vielakaan/｜https://www.vihti.fi/wp-content/uploads/vihtijarvi.pdf,,https://image.kuntalehti.fi/200766.jpg?imageId=200766&panox=0&panoy=0&panow=0&panoh=0&width=1200&height=683,Kuntalehti,2026-08-31,https://yusu0326.github.io/terroir-site/p/fi-0003.html
fi-0004,使われなくなった鉄道機関区の車両庫を市が2013年から改修し、飲食店・銀行・職業訓練校運営の店舗など複数の事業者を入居させる商業・イベント空間に転換した,Pieksämäen Veturitallit,フィンランド,エテラサヴォ（Etelä-Savo）,ピエクサマキ（Pieksämäki）,17124,5万人未満,商いを起こす,交通・道路・駅,2013,,継続中,混合,"ピエクサマキ市が建物の所有者・事業主（rakennuttaja）として2013年に改修を始めた（Rakennustaito, 2015-02-20）。完成後は、協同組合Osuuskauppa Suur-Savo（Sグループ。レストランUkko Bistro & Deliを2018年に開業）、職業訓練校Ammattiopisto Spesia（実習店舗Spesia Puotiを2022年に開業）など、複数の異なる事業者が順次テナントとして入居した",hybrid,空き機関区の車両庫を改修｜覆い付きイベント広場を新設｜16区画中11を外部事業者に貸出｜商業テナントを段階的に誘致｜職業訓練校の実習店舗を誘致,2022,9,濃い,2013年に始まった旧機関区の改修は2015年に完成し、2018年に飲食店、2022年には職業訓練校の実習店舗がテナントとして加わったと、それぞれの時点の出典が伝えている。,,true,5,https://rakennustaito.fi/veturitalleille-uusi-elama/｜https://www.pieksamaki.fi/kaupunki-ja-yhteystiedot/kaupungin-rakennuksia/pieksamaen-veturitallit/｜https://visitpieksamaki.fi/fiveturitallit-ja-veturitori-valmiina-tapahtumien-kayttoon/｜https://visitpieksamaki.fi/fitule-ukko-bistro-delin-avajaisiin-pieksamaen-veturitorille-6-huhtikuuta/｜https://www.spesia.fi/pieksamaen-spesia-puoti-avattiin-veturitalleille/,,https://www.spesia.fi/wp-content/uploads/2022/05/SpesiaPuotiPieksamaki2022-1.jpg,Ammattiopisto Spesia,2026-09-01,https://yusu0326.github.io/terroir-site/p/fi-0004.html
fi-0005,フランスで見た仕組みをまねて2013年にピエタルサーリとヴァーサで始めた、SNSで注文を集め生産者が消費者へ仲介なしに直接売る「REKO」という直売の仕組みが、全国、さらに海外へ広がった,REKO,フィンランド,ポホヤンマー（Pohjanmaa）,ピエタルサーリ（Pietarsaari）,19443,5万人未満,商いを起こす,農林水産・食,2013,,継続中,民間（その他）,Thomas Snellman氏（ポホヤンマーのペーデルスオーレ在住）が、フランスでレコリンクの着想を得て、2013年にピエタルサーリとヴァーサで最初のリンクを設立した。各地のリンクは無償のボランティアが運営し、Snellman氏自身も2021年時点で「ピエタルサーリのレコリンクの運営者の一人であり、レコという発想そのものの生みの親」と紹介されていると、Maaseudun Tulevaisuus（2021年1月25日）は書いている,soft,SNSの非公開グループで注文｜決まった日時と場所で受け渡す｜仲介業者を挟まず直接取引｜無償のボランティアが運営｜個包装に注文者の氏名を記入,2022,9,濃い,2013年に始まった直売の仕組みは、2018年に創設者が全国的な賞を受け、2021年には最古のリンクの年間売上が前年比2倍になったと報じられ、2022年には全国210のリンクが伝えられた。,,,3,https://www.maaseuduntulevaisuus.fi/kotimaa/artikkeli-1.294398｜https://www.maaseuduntulevaisuus.fi/maatalous/artikkeli-1.1299354｜https://yle.fi/a/3-12302341,,https://viestimedia.imgix.net/5b19dc50-037d-53fb-b04b-f956687e2db1.jpg?h=900&auto=format&ar=16%3A9&fit=crop,Maaseudun Tulevaisuus,2026-09-01,https://yusu0326.github.io/terroir-site/p/fi-0005.html
fi-0006,不況で工場が縮小した町が1993年に始めた美術週間を核に美術館を増築し、文化職の移住者を集める「芸術都市」になった,Mänttä,フィンランド,ピルカンマー（Pirkanmaa）,ミュッタ゠ヴィルップラ（Mänttä-Vilppula）,9270,5万人未満,住む人を増やす・戻す,文化・アート・祭り,1993,,継続中,混合,"美術週間「ミュッタ美術週間（Mäntän kuvataideviikot）」を具体的に誰が発案したかは今回の出典からは特定できない。2025年時点の事務局長（toiminnanjohtaja）はサンプサ・ヴィルカヤルヴィ氏で、同氏によればミュッタ゠ヴィルップラ市が美術週間を財政的に支援し、助言・広報・ネットワーク構築でも協力している（Kuvasto, 2025年）。並行して、製紙工場を興したセルラキウス一族の子孫が1933年に設立したゲスタ・セルラキウス美術財団がセルラキウス美術館を運営しており、同美術館は美術週間と連携している（Apollo Magazine, 2016年 / MTV Uutiset, 2014年）。",hybrid,旧工場跡地を美術週間の会場にした｜セルラキウス美術館の増築に1950万ユーロを投じた｜美術館の展示を夏季から通年開催に広げた｜市が美術週間に財政支援と広報協力をしている｜移住した文化人材を要職に登用した,2025,32,濃い,1993年の美術週間開始から2025年まで出典がある。2014年の美術館増築、2017年の文化職への移住者、2025年の事務局長インタビューが続く。,,,4,https://www.mtvuutiset.fi/artikkeli/mantta-kertaheitolla-taidekaupungiksi-lahes-20-miljoonan-taidemuseo-aukeaa/3437784｜https://apollo-magazine.com/factories-fine-art-and-starry-skies-in-rural-finland/｜https://www.maaseuduntulevaisuus.fi/lukemisto/6b3bd373-49db-5c57-ab3c-6edf9d32ecb1｜https://kuvasto.fi/2025/03/mantan-kuvataideviikkojen-johtaja-sampsa-virkajarvi-mantassa-on-ymmarretty-mika-vetovoimatekija-taide-paikkakunnalla-on/,funding_scale,https://apollo-magazine.com/wp-content/uploads/2016/05/Art-Museum-Gosta-Serlachius-2.jpg?fit=800%2C533,Apollo Magazine,2026-09-02,https://yusu0326.github.io/terroir-site/p/fi-0006.html
fr-0001,市が農場を直営し、給食を全て有機に切り替えた,régie agricole de Mouans-Sartoux,フランス,アルプ＝マリティーム県,ムアン＝サルトゥー,,5万人未満,お金を地域で回す,農林水産・食,2012,,継続中,行政,ムアン＝サルトゥー市,hybrid,市が農地を持ち直営で耕す｜市の職員として農業者を雇う｜給食の食材を全て有機にする｜有機農業者の就農を市が支える｜他の自治体の相談を受ける場を作る,2025,13,濃い,2019年の記事は、市が視察の効果を測る聞き取りを行い、1日訪れた人はその後あまり動いていないと分かったと書いている。教育担当の助役は、そこで見学の場から伴走の場に変えることにしたと述べている。,true,,4,https://www.banquedesterritoires.fr/la-maison-de-leducation-lalimentation-durable-diffuse-le-savoir-faire-de-mouans-sartoux-06｜https://www.banquedesterritoires.fr/alimentation-saine-et-durable-des-collectivites-du-pain-sur-la-planche｜https://www.banquedesterritoires.fr/alimentation-mouans-sartoux-veut-ensemencer-les-municipales-de-2026｜https://www.banquedesterritoires.fr/le-reseau-national-des-fermes-publiques-voit-officiellement-le-jour,population_current,https://www.banquedesterritoires.fr/sites/default/files/2019-04/IMA_2673_DSC00540_OK.jpg,Banque des Territoires（Localtis）,2026-08-19,https://yusu0326.github.io/terroir-site/p/fr-0001.html
fr-0002,土地は自治体、住まいは住む人。取り外せる家で村に人を入れた,Hameaux Légers,フランス,ブルターニュ地域圏ほか,複数の農村自治体（Rocles・Commana・Saint-André-des-Eaux ほか）,,5万人未満,住む人を増やす・戻す,住まいと暮らし（住宅・医療・福祉・子育て）,2017,,継続中,NPO,協会 Hameaux Légers と受け入れる自治体,hybrid,自治体が集落用の土地を出す｜取り外せる住まいを住む人が持つ｜土地の所有と住まいの所有を分ける｜費用を抑えて低所得の世帯に開く｜自力建設の講習を開く,2024,7,濃い,2023年10月に協会がブルターニュの Saint-André-des-Eaux に取り外せる住まいの拠点を開いたと2024年2月の Urbanisme が伝えている。Commana の7戸の計画に France 2030 から87万5千ユーロの補助が交付されたことは2024年7月に報じられた。,,,3,https://www.wedemain.fr/sauver-la-planete/initiatives-ecologiques-locales/carte-des-hameaux-legers-pour-tous-1135491｜https://www.urbanisme.fr/bruits-de-ville/des-hameaux-legers-prototypes-de-la-reversibilite/｜https://www.banquedesterritoires.fr/realisation/financement-redynamisation-commune-rurale-commana,population_current,https://www.banquedesterritoires.fr/sites/default/files/2024-07/Hameaux_l%C3%A9gers_Commana.jpg,Banque des Territoires（Localtis）,2026-08-19,https://yusu0326.github.io/terroir-site/p/fr-0002.html
fr-0003,市の投資予算の5%を、市民が出した事業に市民の投票で配る形にした,budget participatif de Paris,フランス,イル＝ド＝フランス地域圏,パリ,2119412,25万超,住民が決める,デジタル・情報発信,2014,,判定不能,行政,パリ市（Mairie de Paris）,soft,投資予算の5%を投票にかける｜市民が事業を出し市が審査する｜対面の投票所と電子の両方を置く｜国籍と年齢を問わず投票できる,2021,7,濃い,W. Arhip-Paterson は2021年3月4日に公開された論文で、パリ市の執行部が budget participatif を任期の成果の一つと位置づけたと書いている。同論文によれば、アンヌ・イダルゴは2020年の選挙で、投資予算に占める割合を25%に引き上げると提案した。,,,4,https://www.banquedesterritoires.fr/la-ville-de-paris-lance-son-premier-budget-participatif｜https://www.banquedesterritoires.fr/budgets-participatifs-de-nouvelles-pistes-pour-renforcer-la-gouvernance-citoyenne-dans-les-villes｜https://shs.cairn.info/article/PARTI_026_0135?lang=fr&ID_ARTICLE=PARTI_026_0135｜https://www.banquedesterritoires.fr/la-mairie-de-paris-debloque-100-millions-deuros-par-pour-son-budget-participatif,,https://www.banquedesterritoires.fr/sites/default/files/2019-11/trimobile_2019.jpg,Localtis（Banque des Territoires）・Expériences Smart City,2026-08-19,https://yusu0326.github.io/terroir-site/p/fr-0003.html
fr-0004,荒れた分譲住宅の立て直しに国が直接関与する仕組みが、フランスで最初に使われた地区,Chêne Pointu,フランス,イル＝ド＝フランス地域圏,クリシー＝ス＝ボワ,,不明,住む人を増やす・戻す,住まいと暮らし（住宅・医療・福祉・子育て）,2015,,継続中,混合,イル＝ド＝フランス公有地機構（Epfif）を実施主体とする、国・市・県・地域圏など十余りの主体の協定,hard,十余りの主体が協定を結ぶ｜公有地機構に実施を委ねる｜25年の都市計画として組む｜商業施設を買い取って引き継ぐ,2021,6,濃い,Localtis は2021年2月3日に、2020年末に Banque des Territoires が Chêne Pointu の商業施設を310万ユーロでイル＝ド＝フランス公有地機構に譲ったと伝えている。,true,,5,https://www.banquedesterritoires.fr/un-protocole-entre-letat-et-les-collectivites-pour-le-chene-pointu-de-clichy-sous-bois｜https://www.banquedesterritoires.fr/lorcod-de-clichy-sous-bois-declaree-dinteret-national｜https://www.banquedesterritoires.fr/la-premiere-orcod-sattaque-aux-coproprietes-degradees-du-quartier-du-bas-clichy｜https://www.banquedesterritoires.fr/le-projet-urbain-du-bas-clichy-valide-autour-des-concepts-de-ville-parc-ville-active-et-ville｜https://www.banquedesterritoires.fr/cession-du-centre-commercial-du-chene-pointu-clichy-sous-bois,population_current｜population_scale,https://www.epfif.fr/wp-content/uploads/2026/01/20250417_BACL_Demolition_Vedrines_%C2%A9Zoe-Kramer_001_DSC_7063-scaled.jpg,イル＝ド＝フランス公有地機構（EPFIF）,2026-08-20,https://yusu0326.github.io/terroir-site/p/fr-0004.html
gb-0001,文化施設どうしが束になり、気候の講習を自分たちの業界向けに作り替えた,Manchester Arts Sustainability Team,イギリス,イングランド北西部,グレーター・マンチェスター,,不明,誇りをつくる,文化・アート・祭り,2011,,継続中,混合,グレーター・マンチェスターの文化施設の網（MAST）,soft,文化施設どうしで網を作る｜気候の講習を業界向けに作り替える｜加盟先に認定講師を置く｜調達の仕方を共同で見直す｜市の気候戦略の運営に加わる,2022,11,濃い,加盟する団体の数は、2017年の Julie's Bicycle が35、2020年の UK100 が40超、2022年の Green Economy が50超と書いており、書かれるたびに増えている。2020年の UK100 は、市の C-Change 事業が文化芸術の分野を Carbon Literacy Project に結びつけたと書いている。,,true,3,https://juliesbicycle.org/news/manchester-arts-sustainability-team-mast-consultancy-project/｜https://www.uk100.org/knowledge-hub/manchester-carbon-literacy-project｜https://www.greeneconomy.co.uk/news-and-resources/case-studies/arts-culture-and-climate-change,population_current｜population_scale,https://images.squarespace-cdn.com/content/v1/60868f9581a7cb3527f11ff8/27c4b9ba-05ab-41ca-aa09-b3a37a5be26d/C-CHANGE_Together+at+Royal+Exchange+Theatre%2C+Manchester%2C+October+2019.jpg,GMAST (Greater Manchester Arts Sustainability Team),2026-08-19,https://yusu0326.github.io/terroir-site/p/gb-0001.html
ge-0001,南オセチア国境の村で、教会が無料の美術学校とアニメーション映画祭を10年以上続けている,Nikozi Art School,ジョージア,不明,不明（村名はゼモ・ニコジ／ニコジ）,,不明,住む人を増やす・戻す,学校・公共施設,2009,,継続中,NPO,ニコジ・ツヒンヴァリ主教区の主教イサイア（俗名ズラブ・チャンチュリア）,hybrid,放課後に無料で通える美術学校｜コンペ形式を取らないアニメーション映画祭｜外国からの資金援助で運営する学校｜教会の主教自身が元アニメーターという経歴｜卒業生が音楽大学や海外に進学,2025,16,濃い,OC Media（2025年10月）は、美術学校とアニメーション映画祭が南オセチア国境沿いの他集落に起きた住民流出をニコジ村が免れる助けになったとする関係者の見方を伝えている。,,,4,http://gtarchive.georgiatoday.ge/news/1106/Georgia's-Borderline-Village-Nikozi-to-Host-Animation-Film-Festival｜https://emerging-europe.com/culture-travel-sport/how-a-bishop-an-art-school-and-an-animation-festival-brought-hope-to-a-war-torn-georgian-village/｜https://www.ge.emb-japan.go.jp/itpr_ja/11_000001_00385.html｜https://oc-media.org/dancing-fabrics-and-contested-poetry-inside-georgias-resilient-animation-scene-2/,population_current｜population_scale｜region｜municipality,https://emerging-europe.com/wp-content/uploads/2021/09/69413900-2166536693446247-4206659753327198208-n.jpeg,Emerging Europe,2026-09-03,https://yusu0326.github.io/terroir-site/p/ge-0001.html
gh-0001,未完成のまま放置されたコンクリート建築を、アーティスト集団が美術館に変えた,Limbo Accra,ガーナ,グレーターアクラ州,アクラ市ラボネ地区,5446237,25万超,空間をひらく,文化・アート・祭り,2018,,継続中,設計事務所・建築家,Limbo Accra（共同設立者 Dominique Petit-Frère、Emil Grip）,hybrid,未完成のまま放置された建物で展覧会を開いた｜コンクリートの廃墟を美術館に改修した｜アーティスト招聘制度を新設した｜建築の研究ラボを併設した｜海外の美術機関と共同制作した,2026,8,濃い,2018年の一度きりの展覧会から、2025年の常設美術館開館、2026年のニューヨークとの共同制作まで、8年にわたり継続して報じられている。,,,5,https://www.domusweb.it/en/architecture/gallery/2019/07/31/unfinished-structures-as-assets-for-public-realm-reactivating-concrete-skeletons-in-accra.html｜https://www.wallpaper.com/architecture/limbo-museum-accra-ghana｜https://www.stirworld.com/inspire-people-ghana-based-limbo-accra-transforms-urban-wastelands-into-cultural-hubs｜https://www.archdaily.com/1035953/limbo-museum-opens-its-debut-exhibition-within-an-unfinished-brutalist-building-in-ghana-west-africa｜https://www.archdaily.com/1039596/modular-installation-reimagines-unfinished-structures-at-limbo-museum-in-accra-ghana,funding_scale,https://images.adsttc.com/media/images/6913/f4fd/11d9/5644/af88/9aa5/large_jpg/limbo-museum_25.jpg?1762915630,ArchDaily,2026-09-02,https://yusu0326.github.io/terroir-site/p/gh-0001.html
gr-0001,住民が取り壊しから守った市場を、市が改修して運営者を公募で選んだ,Δημοτική Αγορά Κυψέλης,ギリシャ,アッティカ地方,アテネ市キプセリ地区（フォキオノス・ネグリ通り）,637798,25万超,空間をひらく,商店街・市場,,,継続中,混合,アテネ市と、建物を使い続けた地区の住民。運営者は公募で選ばれた,hybrid,住民が取り壊しを止めた｜住民が自主管理で使い続けた｜市が改修して屋上を緑化した｜運営者を公募で選び5年の計画を課した,2018,,濃い,開始年は出典から確認できず、記録は2012年から2018年にわたる。2012年に市が改修に乗り出す一方で住民の自主管理との関係が問われ、2016年には17件の応募から4組が絞られ、2018年10月に改修を終えて開いた。,,,3,https://www.tovima.gr/2012/08/23/society/i-dimotiki-agora-kypselis-ksana-stin-eythyni-toy-dimoy-athinaiwn/｜https://www.naftemporiki.gr/society/906799/ton-oktovrio-i-anadeixi-tou-neou-diacheiristi-tis-dimotikis-agoras-kypselis/｜https://www.tovima.gr/2018/10/04/society/i-dimotiki-agora-tis-kypselis-anoikse-tis-portes-tis-sto-koino/,start_year｜elapsed_years｜funding_scale,https://www.tovima.gr/wp-content/uploads/2008/10/08/12417520_h0891398.jpg,Το Βήμα,2026-08-17,https://yusu0326.github.io/terroir-site/p/gr-0001.html
gr-0002,財団が国立図書館と国立オペラの新しい建物と公園をつくり、完成後に国へ引き渡した,Κέντρο Πολιτισμού Ίδρυμα Σταύρος Νιάρχος,ギリシャ,アッティカ地方,カリシア市（ファリロ湾）,74351,5万〜25万,誇りをつくる,学校・公共施設,2017,,継続中,財団・助成機関,イドリマ・スタヴロス・ニアルフォス（ΙΣΝ）。設計はレンゾ・ピアノ。完成後の所有はギリシャ国家,hard,国立図書館と国立オペラを1か所に移した｜人工の丘を盛り建物をその下に収めた｜隣接して公園をつくった｜工事中から来訪者センターを開いた｜引き渡し後も財団が運営費を寄付する,2025,8,濃い,2016年2月の記者向け見学会では工事の94%が終わっていた。2023年3月には財団が次の3年分の寄付を更新し、2025年2月には運営から8年になることが報じられた。,,,4,https://www.tovima.gr/2016/02/22/culture/i-prwti-xrisi-twn-ktiriwn-toy-kentroy-politismoy-idryma-stayros-niarxos/｜https://www.naftemporiki.gr/culture/1455349/to-idryma-stayros-niarchos-ananeonei-tin-ypostirixi-toy-pros-to-kentro-politismoy-idryma-stayros-niarchos/｜https://www.tovima.gr/2025/02/23/market/okto-xronia-kpisn-gia-mia-pio-isotimi-viosimi-kai-synektiki-koinonia/｜https://www.naftemporiki.gr/culture/ekdiloseis/1962686/mia-protoporiaki-ichitiki-egkatastasi-ston-tholo-toy-kpisn/,,https://www.tovima.gr/wp-content/uploads/2016/02/20/24495322_23-1024x683.jpg,Το Βήμα,2026-08-18,https://yusu0326.github.io/terroir-site/p/gr-0002.html
gr-0003,市が99%を出資する会社をつくり、議会中継から遠隔見守りまでを1つの主体でやり続けている,e-Trikala,ギリシャ,テッサリア地方,トリカラ市（トリッケオン市）,78605,5万〜25万,住民が決める,デジタル・情報発信,2004,,継続中,行政,トリッケオン市。市が99%、地元商工会議所が1%を持つ株式会社 e-Trikala A.E. が実務を担う,hybrid,市が出資する会社に事業をまとめた｜議会の審議を生中継している｜電子協議の場を市が用意した｜道路の不具合を通報する窓口を置いた｜高齢者の遠隔見守りを整えた,2024,20,濃い,2011年の記事は市が99%を持つ会社の設立年（2008年）と事業の開始年（2004年）を伝えている。2017年には市長が事業の一覧を挙げ、2024年にはスマートシティの監視センターが置かれた。,,,5,https://www.newsit.gr/ellada/etrikala-i-proti-psifiaki-poli-tis-elladas/1984366/｜https://www.fortunegreece.com/article/trikala-ena-elliniko-kalo-paradigma-exipnis-polis/｜https://www.protothema.gr/city-stories/article/880260/enas-diagonismos-kainotomias-sta-trikala/｜https://www.protothema.gr/technology/article/1163298/trikala-xekinise-i-pilotiki-metafora-farmakon-me-drones-se-apomakrusmenes-periohes/｜https://rawmathub.gr/enimerosi-gia-ti-viosimi-anaptyksi/smart-cities/ta-trikala-apektisan-to-proto-kentro-epitirisis-eksypnis-polis-stin-ellada,funding_scale,https://www.fortunegreece.com/wp-content/uploads/2017/05/06/tri4_01.jpg,Fortune Greece,2026-08-18,https://yusu0326.github.io/terroir-site/p/gr-0003.html
gr-0004,ローマ時代の地下水道に水を通し直し、飲まない水の配管網を市内に引いた,Cultural HIDRANT,ギリシャ,アッティカ地方（アテネ北部）,ハランドリ市,77118,5万〜25万,誇りをつくる,エネルギー・資源循環,2020,,継続中,混合,ハランドリ市が主導し、7者で行なう。アテネ上下水道公社（ΕΥΔΑΠ）、パンテイオン大学、文化省の考古当局、非政府組織、建築家の団体が入る,hybrid,古代の地下水道に水を通し直す｜飲まない水の配管を4km引く｜貯水槽をつくって水をためる｜給水車で遠い地区へ水を配る｜広場を手直しして木を植える｜住民が入る水の共同体をつくる,2025,5,濃い,2022年に4kmの配管の計画が伝えられ、2023年12月に中国での都市の賞を受けた。2025年3月にはハランドリ市長が6百万ユーロを超える事業だと述べている。,,,5,https://www.lifo.gr/now/greece/adrianeio-ydragogeio-tha-prosferei-kai-pali-nero-toy-ston-dimo-halandrioy-meta-apo-19｜https://www.ertnews.gr/eidiseis/epistimi/diethnis-diakrisi-gia-to-adrianeio-ydragogeio-sto-xalandri/｜https://www.megatv.com/2024/10/11/adrianeio-ydragogeio-emvlimatiko-ergo-eksoikonomisis-nerou-gia-tous-dimotes-xalandriou/｜https://www.protothema.gr/stories/article/1576170/adrianeio-udragogeio-romaiki-lusi-1863-eton-gia-to-provlima-tis-leipsudrias-stin-athina/｜https://www.mononews.gr/politics/adrianeio-ydragogeio-ependyseis-ano-ton-6-ekatommyrion-evro-sto-dimo-chalandriou,,https://www.ertnews.gr/wp-content/uploads/2023/12/ydraaogeio-el-alamein.webp,ΕΡΤ,2026-08-19,https://yusu0326.github.io/terroir-site/p/gr-0004.html
gr-0005,難民が興したワイン協同組合を中心に、地元の任意団体が主催してワイン祭りを60年以上続けている,Γιορτή Κρασιού Νέας Αγχιάλου,ギリシャ,テッサリア地方,ボロス市（Δήμος Βόλου）ネア・アンヒアロス地区（Δημοτική Ενότητα Νέας Αγχιάλου）,5514,5万人未満,住民が決める,文化・アート・祭り,1960,,継続中,混合,1918年に東ロマニア（現ブルガリア）のアンヒアロスから来た避難民が興した農業ワイン協同組合「Η Δήμητρα（デメトラ）」を中心に、地元のスポーツクラブ「Πύρασος（ピラソス）」・文化スポーツクラブ「Η Νέα Αγχίαλος（ネア・アンヒアロス）」・文化協会「Η Οξυά（オクシア）」が共同で毎年主催する（ΤΑΧΥΔΡΟΜΟΣ 2025-08-13／ΕΡΤ 2026-08-15）。2024年（第62回）の記事は、これに商店主協会傘下の文化協会「Ιλιδα（イリダ）」を加えた5団体が「ボロス市と協力して（σε συνεργασία με το Δήμο Βόλου）」開催したと書いている（ΤΑΧΥΔΡΟΜΟΣ 2024-08-13）,soft,協同組合が無料でワインを提供｜地元4〜5団体が共同で毎年主催｜地元舞踊団が伝統舞踊を披露｜夜ごとに異なる歌手を招く｜入場料は公演ごとに変える｜2020年に無形文化遺産目録へ登録,2026,66,濃い,1960年に始まったワイン祭りは、2024〜2026年も開催回数を重ねて報じられ続け、2020年にギリシャの無形文化遺産全国目録に登録された。,,,6,https://www.taxydromos.gr/magnesia/volos/1229737/xekinaei-i-63i-giorti-krasioy-neas-agchialoy/｜https://www.taxydromos.gr/politismos/1103747/62i-giorti-krasioy-neas-agchialoy/｜https://www.ertnews.gr/perifereiakoi-stathmoi/volos/i-63i-giorti-krasiou-n-agxialou/｜https://www.ertnews.gr/perifereiakoi-stathmoi/volos/ksekinise-i-64i-giorti-krasiou-neas-agxialou-me-kapsali-zina-konitopoulou-kai-kiamo/｜https://tornosnews.gr/politismos-lifestyle-el/gastronomia-el/nea-agchialos-epistrefei-i-giorti-krasioy-me-topiko-krasi-tsipoyro-kai-moysikes.html｜https://ayla.culture.gr/anchialitiki-paradosi-kalliergeias-ampeliou,funding_scale,https://www.ertnews.gr/wp-content/uploads/2025/08/img-6717-scaled.jpeg,ΕΡΤ,2026-09-02,https://yusu0326.github.io/terroir-site/p/gr-0005.html
gr-0006,放課後・週末に公立校の校舎を市民に開放し続けている,Ανοιχτά Σχολεία του δήμου Αθηναίων,ギリシャ,アッティカ地方,アテネ市,643452,25万超,空間をひらく,学校・公共施設,2015,,判定不能,混合,アテネ市（Δήμος Αθηναίων）。財源はスタヴロス・ニアルコス財団（ΙΣΝ）の寄付、調整は非営利団体アテネ・パートナーシップ,soft,校舎を放課後・週末に25校開放｜ΙΣΝの寄付を財源に開始｜アテネ・パートナーシップが調整｜市民団体や個人が活動を提案｜2019年にCisco講座を追加｜難民と地元の子が同じ活動に参加,2019,4,濃い,2018年にはギリシャ人と難民の子どもが一緒に学ぶ場として欧州評議会の手引きで紹介され、2019年にはCisco社との提携講座が新たに始まった。,,,5,https://www.athensvoice.gr/life/life-in-athens/352396/anoihta-sholeia-10-dorean-draseis-poy-ginontai-stin-athina/｜https://greekreporter.com/2018/04/23/athens-keeps-schools-open-for-locals-and-refugees/｜https://www.techpress.gr/index.php/archives/138543｜https://www.latsis-foundation.org/ell/grants/programma-anoixta-sxoleia-toy-dhmoy-a8hnaiwn｜https://eproceedings.epublishing.ekt.gr/index.php/childspace/article/view/1409,,https://www.athensvoice.gr/images/Watermark_Default/3/jpg/sites/default/files/article/2017/05/03/352396-730906.jpg,Athens Voice,2026-09-01,https://yusu0326.github.io/terroir-site/p/gr-0006.html
hr-0001,2013年にヴィス島コミジャで始まった音楽祭が、来場者の事前クラウドファンディングのみで運営費をまかない、地元当局の招致で野営地の提供も受けて続いてきた,Goulash Disko Festival,クロアチア,スプリト・ダルマチア郡,コミジャ市,1394,5万人未満,お金を地域で回す,文化・アート・祭り,2013,,縮小,民間（その他）,中心人物として名前が挙がるのはYves Taquet氏である。Klubska scena（2024年9月12日）は同氏を発起人（pokretač）として紹介し、本人へのインタビューとして、ダブリンでクラブイベントを主催していた経緯や、2012年にコミジャで結婚式を挙げたことをきっかけに翌2013年にカメニツェ海岸で最初の4日間のプログラムを組んだと伝えている。一方、Info zona（2014年6月27日）は、共同創設者・運営者の一人としてIva Kvakić氏を紹介しており、同氏によれば、Goulash Diskoの夜は2011年にダブリンのクラブで始まり、その後ザグレブへの移住を経てヴィス島のカメニツェ海岸に会場を移したという。両記事はいずれもダブリンのクラブイベントを起点とする点で共通するが、紹介されている中心人物と経緯の詳細は異なっており、本レコードはそれぞれの記事の記述をそのまま並記する。,soft,来場者の事前出資のみで開催資金を確保｜チケット購入が開催成立の条件｜来場者数を毎回1000人に制限｜地元当局が野営地を無償提供｜地元の食事・飲料の提供者と連携,2024,11,濃い,2013年開始のクラウドファンディング型音楽祭は、2015年に一時プーラの別祭へ統合されたのち地元当局の招致で復帰し、2024年に現在地での開催としては最後の版を迎えた。,,,5,https://infozona.hr/news/goulash-disko-drugaciji-festival/7200｜https://www.pozitivanritam.hr/novosti/goulash-disko-festival-2016｜https://punkufer.dnevnik.hr/clanak/aktualno/goulash-disko-festival-najludji-viski-festival---568876.html｜https://total-croatia-news.com/lifestyle/croatian-music-festivals/｜https://www.klubskascena.hr/aktualno/festivali/razgovor-s-osnivacem-goulash-diska-je-li-ovo-uistinu-posljednje-izdanje-festivala-12092024,,https://www.klubskascena.hr/wp-content/uploads/2024/09/goulash_disko_naslovna.jpg,Klubska scena,2026-09-03,https://yusu0326.github.io/terroir-site/p/hr-0001.html
hu-0001,100歳の家を祝う催しとして2011年に始まり、住んでいる人と有志が1週末だけ家を開ける。主題は年ごとに変わってきた,Budapest100,ハンガリー,ブダペスト,ブダペスト市,,25万超,誇りをつくる,文化・アート・祭り,2011,,継続中,NPO,Kortárs Építészeti Központ（KÉK）。2020年9月の回について PestBuda は「Kortárs Építészeti Központ と OSA Archívum の主催」と書いている。2026年の回は5月8日に Blinken OSA Archivum で開幕すると告知された。参加する家の側では、家の住民と、有志（önkéntesek）および地元好きの人たち（lokálpatrióták）が催しを用意する,soft,100歳になる家を住民が開ける｜有志が家の歴史を調べて展示する｜案内は家の住民と有志が担う｜主題を年ごとに変えて家を募る｜催しをすべて無料にする,2026,15,濃い,2020年9月に10回目が行われ、14の区で50軒を超える家が門を開いた。2025年5月には80近い家と共同菜園、2026年5月には16回目が告知されており、主題は年ごとに変わっている。,,,7,https://pestbuda.hu/cikk/20200923_nyitott_hazak_tart_udvarok_kulonleges_vilaga_ilyen_volt_a_tizedik_budapest100｜https://kultura.hu/szazotven-eves-epuletek-nyilnak-meg-az-idei-budapest100-program-reszekent-majusban/｜https://pestbuda.hu/cikk/20230412_szazotven_eves_epuletek_nyilnak_meg_majusban｜https://pestbuda.hu/cikk/20250513_szamos_haz_es_kozossegi_kert_nyitja_meg_a_kapuit_majusban｜https://hvg.hu/kultura/20260422_budapest100-majus-9-10-nyitott-hazak-hetvegeje-programajanlo-orban-viktor-mester-utca-lakas-tisztviselotelep-al-habtoor-hotel｜https://pestbuda.hu/cikk/20260429_szazeves_epuletek_nyilnak_meg_majusban｜https://kultura.hu/budapest100-epiteszet-nyitott-hazak-hetvegeje-ajanlo-kortars-epiteszeti-kozpont-kek/,population_current｜funding_scale,https://img.hvg.hu/Img/8133bb77-3fc3-490f-b374-cb198a0455cc/f3d1382d-dcb8-499b-81c7-7b80e7f0f26f.jpg,HVG,2026-08-20,https://yusu0326.github.io/terroir-site/p/hu-0001.html
id-0001,大学生の課題から始まり、川べりの集落の家を塗り分けて観光地にした,Kampung Warna Warni Jodipan,インドネシア,東ジャワ州,マラン市ブリンビン郡ジョディパン町,847182,25万超,人を呼ぶ,文化・アート・祭り,2016,,継続中,混合,ムハマディヤ・マラン大学（UMM）の学生チーム GuysPro、住民、マラン市、塗料会社 PT Inti Daya Guna Aneka Warna（Indana）,hybrid,川べりの家々を塗り分けた｜塗料会社の資金で塗装した｜住民が集落の中に売店を開いた｜対岸の集落と橋でつないだ,2025,9,濃い,2016年に大学生の課題から始まり、2017年10月には対岸の集落とつなぐガラスの橋が開通した。2022年には来訪者が減って住民の店が閉じ、2023年10月にはガラスの橋に亀裂が入って一時閉鎖された。2025年にも観光地として紹介されている。,true,,4,https://www.detik.com/jatim/wisata/d-5986200/sepi-wisatawan-ekonomi-warga-kampung-warna-warni-jodipan-malang-lumpuh｜https://www.detik.com/jatim/berita/d-7005795/nasib-jembatan-kaca-pertama-indonesia-di-jodipan-malang-yang-kini-retak｜https://www.detik.com/jatim/pilkada/d-7648516/diklaim-legacy-paslon-ini-sejarah-kampung-warna-warni-jodipan-kota-malang｜https://travel.detik.com/domestic-destination/d-8005027/tempat-ini-dulu-kumuh-sekarang-jadi-desa-wisata-tercantik,funding_scale,https://awsimages.detik.net.id/api/wm/2017/02/21/811768e8-41c7-4499-bd49-7c5b29c2aa52_169.jpg?wid=54&w=1200&v=1&t=jpeg,detik.com,2026-08-17,https://yusu0326.github.io/terroir-site/p/id-0001.html
id-0002,洪水と汚水が混ざる非公式集住地で、人工湿地と通路のかさ上げを住民と一緒に設計した,Revitalising Informal Settlements and their Environments,インドネシア,南スラウェシ州,マカッサル市（バトゥア／ウンティア／タロ／バロンボン／ボノレンガ／カルク・ボドア）,1700000,25万超,住民が決める,自然・緑地・水辺,2017,,継続中,混合,モナシュ大学（豪）が主導し、マカッサル市政府とハサヌディン大学が実施に加わる。資金はオーストラリア外務貿易省（DFAT）の KIAT を通じて出ている,hybrid,"人工湿地で汚水を自然に濾す｜スマート浄化槽を建物に入れた｜かさ上げした通路を約3,000平方メートル敷いた｜住民と一緒に設計する会を開いた｜雨水タンクで生活用水を足した｜6地区を先に完成させた",2026,9,濃い,2017年8月に始まり、2019年にバトゥア地区が最初に完成した。2019年の出典は2022年7月に終わる予定と書いていたが、2026年6月の時点では6地区が完成し、次の6地区の準備が進んでいると報じられている。,,,7,https://watersensitivecities.org.au/content/rise-milestone-reached-in-makassar/｜https://www.cogitatiopress.com/urbanplanning/article/view/4648｜https://makassar.tribunnews.com/2022/09/01/program-rise-australia-indonesia-sulap-makassar-jadi-kota-zero-kumuh｜https://makassar.tribunnews.com/2022/09/01/berikut-5-titik-pencanangan-rise-di-makassar｜https://doi.org/10.1371/journal.pgph.0003430｜https://www.wri.org/insights/indonesia-community-led-design-improves-water-sanitation｜https://abatanews.com/dinilai-berhasil-di-makassar-program-rise-disiapkan-diperluas-ke-daerah-lain-di-sulsel/,funding_scale,https://watersensitivecities.org.au/wp-content/uploads/2019/10/PHOTO-2019-10-20-19-43-45_1.jpg,CRC for Water Sensitive Cities,2026-08-19,https://yusu0326.github.io/terroir-site/p/id-0002.html
id-0003,瓦の産地で瓦工場を芸術の場に変え、瓦を鳴らす祭りを住民の側から立てた,Jatiwangi art Factory,インドネシア,西ジャワ州,マジャレンカ県ジャティワンギ郡ジャティスラ村,,不明,誇りをつくる,文化・アート・祭り,2005,,継続中,NPO,Jatiwangi art Factory（2005年9月27日設立の非営利団体）。設立に関わったのはアリエフ・ユディ・ラフマン氏とギンギ・シャリエフ・ハシム氏で、2008年からジャティスラ村役場と組んでいる,soft,瓦工場を芸術の場に変えた｜瓦を素材にした作品をつくる｜3年ごとに瓦の祭りを開く｜海外の作家を村に住まわせる｜村役場と組んで調査を続ける｜ラジオ放送と月例の議論を持つ,2024,19,濃い,2005年9月27日に瓦工場を芸術の場に変えて始まった。2012年に住民が瓦を打ち鳴らす催しを始め、2022年にはドイツの documenta fifteen に出た。2024年時点で18年続いていると報じられている。,,,4,https://koalisiseni.or.id/anggota/jatiwangi-art-factory/｜https://radarmajalengka.disway.id/kabupaten-majalengka/read/622729/jatiwangi-art-factory-dari-genteng-tanah-liat-hingga-bisa-mendunia｜https://www.detik.com/pop/culture/d-7216797/18-tahun-jaga-jatiwangi-art-factory-ini-caranya｜https://www.liputan6.com/lifestyle/read/5537785/mengenal-jatiwangi-art-factory-komunitas-seni-tanah-liat-yang-gagas-pertunjukan-musik-rampak-genteng,population_scale｜population_current｜funding_scale,https://radarmajalengka.disway.id/upload/fc5e02cf91dbf6ccaf83a65f3b5b9c83.jpg,Radar Majalengka,2026-08-19,https://yusu0326.github.io/terroir-site/p/id-0003.html
id-0004,保健省の薬用植物研究所が、クリニック併設の薬草園を漢方観光地に育てた,Hortus Medicus,インドネシア,中部ジャワ州,カランガニュール県タワンマング郡,952130,25万超,人を呼ぶ,住まいと暮らし（住宅・医療・福祉・子育て）,2007,,継続中,行政,保健省の医薬植物研究機関B2P2TOOT（Balai Besar Penelitian dan Pengembangan Tanaman Obat dan Obat Tradisional）。2025年時点では国立病院RSUP Dr. Sardjito傘下のUPF Yankestrad Tawangmangu（伝統医療サービス部門）が運営している,hybrid,薬用植物園を整備した｜医師に漢方薬の処方研修をした｜科学的検証を経た漢方薬局を併設した｜薬用植物博物館を建てた｜国内外から医療ツーリズム客を受け入れる｜薬用植物の温室で保存を続ける,2025,18,濃い,"2007年10月開業のクリニックは2013年に保健相が落成式を行い、2014年には国際化の方針が示された。2024年の来訪者は14,834人、2025年上半期は4,651人と報じられている。",,,6,https://health.detik.com/berita-detikhealth/d-2158034/menkes-resmikan-rumah-riset-jamu-di-tawangmangu｜https://www.tribunnews.com/travel/2014/12/11/tawangmangu-contoh-pertama-wisata-kesehatan-jamu-di-indonesia-bahkan-dunia｜https://health.detik.com/berita-detikhealth/d-2617671/wow-dokter-di-klinik-ini-bisa-kasih-resep-jamu-untuk-obat-lho｜https://www.theindonesia.co/explore/2021/11/24/134500/tawangmangu-home-of-herbal-plants-and-medicine｜https://www.liputan6.com/regional/read/5608390/berkunjung-ke-tawangmangu-menjelajah-destinasi-wisata-herbal-hingga-wisata-alam｜https://travel.detik.com/fototravel/d-8173888/menjelajahi-surga-tanaman-obat-di-lereng-tawangmangu,funding_scale（参照した6本のどこにも、開設や整備にかかった総事業費は書かれていない）,https://asset.tribunnews.com/aIDOyFSbDZ6SavXDJglDSuBI8eI=/1200x675/filters:upscale():quality(30):format(webp):focal(0.5x0.5:0.5x0.5)/tribunnews/foto/bank/originals/tawangmangu-wisata-jamu-kesehatan_20141211_194015.jpg,Kompas.com,2026-09-03,https://yusu0326.github.io/terroir-site/p/id-0004.html
ie-0001,町なかの旧修道院を、高齢者が独りで暮らせる住まいと文化の場に変えた,McAuley Place,アイルランド,キルデア県,ナース,26180,5万人未満,住む人を増やす・戻す,住まいと暮らし（住宅・医療・福祉・子育て）,2000,,継続中,NPO,McAuley Place（ナースの住民が作った非営利の住宅団体）,hard,旧修道院を住戸に改修する｜敷地の裏手に新しい棟を建てる｜町の中心に高齢者の住まいを置く｜同じ建物に芸術と地域の場を入れる｜社会住宅と自費入居を混ぜる,2024,24,濃い,2024年12月の Kildare Nationalist は、地元選出の議員の話として、隣接地を買って最大45戸を足す計画があると伝えている。同紙は県議会が2025年に手続きを進める見込みだと書き、設計費に地方財産税から10万ユーロが充てられたとも書いている。,,,3,https://www.irishtimes.com/life-and-style/is-this-the-kind-of-place-i-would-like-to-grow-old-in-1.1431905｜https://www.thejournal.ie/naas-mcauley-place-elderly-people-ireland-4446603-Jan2019/｜https://www.kildare-nationalist.ie/news/kildare-aged-care-facility-set-for-big-2025_arid-42803.html,,https://www.irishtimes.com/resizer/v2/N37WPE37PM6HC22YRTKC6QHSDY.jpg?smart=true&auth=e398f9c0cbe5d881aeceba4299fb0b6a8ba72cc5d0e53b86c80d13860e7f9d44&width=1200&height=630,The Irish Times,2026-08-19,https://yusu0326.github.io/terroir-site/p/ie-0001.html
ie-0002,市内20か所以上の美術館・博物館・史跡を、子どもが遊びながら回る一つの道筋にした,Playful Culture Trail,アイルランド,コーク県,コーク,,不明,誇りをつくる,文化・アート・祭り,2021,,継続中,混合,Let’s Play Cork（2025年の出典が調整役としている）。2021年はおよそ30の施設が集まって始まった,soft,20か所以上を一つの道筋にする｜施設ごとに子ども用の課題を置く｜子ども向けの地図を配る｜各施設でスタンプを集めさせる｜マスコットを施設に隠す,2026,5,濃い,Irish Examiner は2026年6月27日に、6年目の回が20か所以上の文化・遺産施設で行われており、探偵の Bláithín に導かれて手がかりを解く形だと伝えている。マリーナ公園や市立図書館など無料で回れる場所もあるとしている。,,,3,https://www.irishexaminer.com/news/munster/arid-40336952.html｜https://www.echolive.ie/corknews/arid-41650061.html｜https://www.irishexaminer.com/lifestyle/travel/arid-41868255.html,population_current｜population_scale,https://www.echolive.ie/cms_media/module_img/9318/4659344_2_org_CMK1407072021_Lets_20Play_20Cork018_1_1_.jpg,The Echo,2026-08-19,https://yusu0326.github.io/terroir-site/p/ie-0002.html
ie-0003,旧競技場の跡地を、水辺に沿った大きな公園に変えた,Marina Park,アイルランド,コーク県,コーク,,不明,誇りをつくる,自然・緑地・水辺,2017,,終了,行政,コーク市議会（Cork City Council）,hard,旧競技場跡地を公園にする｜樹林と湿地と草地を作る｜水の景を配した区画を作る｜旧建物に因む鉄の東屋を建てる｜大西洋池と沈床園を改修する,2026,9,濃い,"Irish Examiner は2022年11月10日に、32ヘクタールの事業の第2期について市議会が事業計画をまとめようとしていると伝えている。同記事によれば、コークの旧港湾地区の再生には都市再生開発基金から3億5,000万ユーロを超える配分があり、この第2期がその資金で実現する最初の事業になるとされている。",true,,4,https://www.irishexaminer.com/ireland/work-begins-on-15m-20m-sports-and-ecology-park-in-cork-marina-451145.html｜https://www.irishexaminer.com/news/munster/arid-40763631.html｜https://www.irishexaminer.com/news/munster/arid-41002625.html｜https://www.irishexaminer.com/property/developmentconstruction/arid-41765549.html,population_current｜population_scale,https://www.irishexaminer.com/cms_media/module_img/9822/4911317_15_org_LC_20marina_20park_2005.jpg,Irish Examiner,2026-08-19,https://yusu0326.github.io/terroir-site/p/ie-0003.html
in-0001,買う資材をやめて牛糞と尿で作る農法に、州ぐるみで小農を移していった,Andhra Pradesh Community Managed Natural Farming,インド,アーンドラ・プラデーシュ州,州全域（出典に出る郡はアナンタプル・カダパ・クリシュナ・ネッルール・プラカサム・ヴィシャーカパトナム）,,不明,お金を地域で回す,農林水産・食,2016,,継続中,混合,アーンドラ・プラデーシュ州政府。実施は州が2014年に設けた非営利組織 Rythu Sadhikara Samstha（農民エンパワメント公社）が担う,soft,買う資材をやめ牛糞と尿で作る｜畑の土をマルチで覆う｜700村で3年の試行をした｜州の全耕地を対象に広げる｜化学肥料と農薬を使わない,2024,8,濃い,"開始年は出典間で2016年と2018年に分かれる。2018年9月時点では3,015村の35万戸で、2023年には州の6郡での比較試験の論文が報じられ、2024年8月時点で100万戸超・50万ヘクタールに達したとされる。",,,4,https://scroll.in/article/909758/can-andhra-pradeshs-ambitious-plan-to-stop-the-use-of-chemicals-in-farms-succeed｜https://www.downtoearth.org.in/agriculture/not-just-green-natural-farming-in-andhra-yielded-more-produce-than-conventional-methods-shows-study-88713｜https://india.mongabay.com/2023/07/community-based-natural-farming-outshines-other-farming-practices-in-andhra-pradesh-in-all-aspects/｜https://gulbenkian.pt/en/read-watch-listen/andhra-pradesh-community-managed-natural-farming/,population_scale｜population_current,https://sc0.blr1.cdn.digitaloceanspaces.com/book/110965-hmpziievct-1547894572.jpg,Scroll.in,2026-08-19,https://yusu0326.github.io/terroir-site/p/in-0001.html
in-0002,電気の来ない家に太陽光の設備を売り、銀行の融資を組んで買えるようにした,SELCO,インド,カルナータカ州（出典に出る他州はケララ・グジャラート・オディシャ・メガラヤ）,ベンガルール（バンガロール）に本拠。設置先は各州の農村,,不明,商いを起こす,エネルギー・資源循環,1995,,継続中,混合,ハリシュ・ハンデ氏とネビル・ウィリアムズ氏が1995年にバンガロールで立ち上げた営利の社会的企業（Harvard Business School のブログ 2024年3月14日）。Business Today（2012年7月31日）によれば、2012年時点の持ち分は3つの外国の非営利団体（Lemelson Foundation / Good Energies Foundation / E+Co）にあり、同社には非営利の腕として SELCO Foundation がある,hybrid,家に太陽光の設備を据え付ける｜銀行の融資を組んで買えるようにする｜頭金と分割の条件を作る｜修理と保守の人を土地に置く｜保健所と冷蔵にも広げた,2026,31,濃い,1995年にバンガロールで始まり、2012年には10万台を超える設備を入れた。2024年以降は保健施設と冷蔵に広がっている。2026年8月には、2017年に入れた設備が止まっていたオディシャの集落が報じられた。,,,7,https://knowledge.wharton.upenn.edu/article/harish-hande-of-selco-india-shedding-light-on-indias-underserved-markets/｜https://www.businesstoday.in/magazine/special/story/innovation-energy-selco-solar-lamps-33834-2012-07-31｜https://www.downtoearth.org.in/environment/let-solar-shine-39684｜https://www.hbs.edu/environment/blog/post/IFC-India-2024-SELCO｜https://scroll.in/article/1081555/there-is-no-darkness-now-solar-power-helps-indias-health-centres-bridge-infrastructure-gap｜https://india.mongabay.com/2025/11/solar-powered-cold-storage-empowers-smallholder-farmers/｜https://www.downtoearth.org.in/energy/odisha-says-all-revenue-villages-electrified-but-nunareshs-failed-dre-shows-how-energy-poverty-persists-beyond-official-coverage,population_current｜population_scale,https://akm-img-a-in.tosshub.com/businesstoday/images/story/201207/selcoproject505_072912121048.jpg,Business Today,2026-08-19,https://yusu0326.github.io/terroir-site/p/in-0002.html
in-0003,電気の来ない村に太陽光のマイクログリッドを引き、インド初の「太陽光村」を掲げた,Dharnai,インド,ビハール州（ジェハナバード県）,マクドゥンプル郡ダルナイ・パンチャーヤト、ダルナイ村,2400,5万人未満,誇りをつくる,エネルギー・資源循環,2014,,終了,混合,環境NGOのグリーンピース・インディアが発案し費用を負担した。実施は生計支援機関BASIXと、ビハール州のNGO・シンクタンクのネットワークであるCEED（環境エネルギー開発センター）が協力した（CEEDは後年の報道で、住民に太陽光利用を促す活動を担ったとされている）。村側の受け皿として村電気委員会（Village Electricity Committee）がつくられた,hard,百キロワットの太陽光発電網を新設｜太陽光の灌漑ポンプを10基設置｜学校・診療所・商店に配電｜村内に街灯60基を新設｜村の電気委員会を住民でつくる,2021,7,濃い,2020年のNewsClickと2021年のモンガベイ・インディアが、それぞれ現地取材で発電網の機能停止を確認している。,,,4,https://www.greenpeace.org/india/en/story/278/dharnai-goes-live-powered-by-greenpeaces-first-solar-microgrid/｜https://thebetterindia.com/13649/dharnai-came-darkness-30-years-became-first-fully-solar-powered-village-india/｜https://www.newsclick.in/bihar-elections-india-first-solar-powered-village-now-defunct-power-station-zero-solar-connections｜https://india.mongabay.com/2021/12/solar-power-station-at-bihars-first-solar-village-is-now-a-makeshift-cattle-shed/,end_year,https://imgs.mongabay.com/wp-content/uploads/sites/30/2021/12/17073407/IMG_9762-scaled.jpg,Mongabay India,2026-09-03,https://yusu0326.github.io/terroir-site/p/in-0003.html
is-0001,地区ごとの小さな工事を住民の電子投票で決めている,Hverfið mitt,アイスランド,首都地域（höfuðborgarsvæðið）,レイキャビク,139804,5万〜25万,住民が決める,デジタル・情報発信,,,継続中,行政,レイキャビク市（Reykjavíkurborg）,hybrid,住民が地区ごとに案を出す｜市の仕組みの中で案を検討して絞る｜地区協議会と協力して投票にかける｜15歳以上の市民が電子的に投票する｜選ばれた案を市が入札にかけて施工する,2024,,濃い,2019年に費用の超過と実施方法への批判が報じられ、市は見直しの作業部会を置いた。2021年の投票参加は16%を超え、2024年には2023年9月の投票で選ばれた62件の入札が許可された。,,,8,https://www.visir.is/g/2018180309296/hverfid-mitt-i-reykjavik-2018｜https://www.dv.is/eyjan/2019/11/06/sex-milljonir-kostar-ad-nefna-og-merkja-tvo-gongustiga-hja-reykjavikurborg-thetta-endar-svo-12-mills｜https://www.visir.is/g/20191699656d｜https://www.ruv.is/frett/hverfid-mitt-for-50-milljonir-fram-ur-aaetlun｜https://www.visir.is/g/20212169534d/aldrei-fleiri-tekid-thatt-og-stor-verkefni-framundan｜https://www.visir.is/g/20212169669d｜https://www.dv.is/frettir/2023/09/20/ibuar-grafarholts-og-ulfarsardals-med-mestu-thatttokuna-hugmyndakosningu｜https://reykjavik.is/frettir/2024/hverfid-mitt-fjolbreytt-og-skemmtileg-verkefni-til-framkvaemda,start_year｜elapsed_years,https://www.visir.is/i/629F4E48884B249CA46C8BE22734685C963359B1643711A5B990186D722CBA7F_1600x900.jpg,Vísir,2026-08-18,https://yusu0326.github.io/terroir-site/p/is-0001.html
it-0001,出ていった人の空き家に、着いた人を住まわせた,Riace,イタリア,カラブリア州レッジョ・カラブリア県,リアーチェ,1600,5万人未満,住む人を増やす・戻す,空き家・空き店舗・遊休不動産,1998,,判定不能,混合,協会 Città Futura と リアーチェ町（当時の町長 Domenico「Mimmo」Lucano）,hybrid,移住で空いた住宅に新しく来た人を入れた｜学校を開けて子どもの数を保った｜小さな工房と店に資金を回した｜戸別収集のごみ分別を始めた,2025,27,濃い,"1998年にクルド人約200人が着いたことから始まり、17年で20か国以上の6千人以上を受け入れて人口は1,600人を超えたと2016年に報じられた。2018年10月2日に町長が自宅軟禁となり、2021年9月に懲役13年2か月の判決を受けたが、2023年10月の控訴審でほぼすべての罪が崩れ、2025年2月に文書1件の18か月のみが確定した。",,,6,https://www.internazionale.it/opinione/ida-dominijanni/2016/04/04/riace-migranti-sindaco｜https://www.ansa.it/canale_lifestyle/notizie/societa_diritti/2016/11/06/italia-che-accoglie-riace-come-il-borgo-fantasma-e-diventato-paese-modello-di-integrazione_3c882479-d4de-11e7-8470-00505695d1bc.html｜https://www.vita.it/il-modello-di-accoglienza-di-riace-e-a-rischio-salviamolo/｜https://www.ansa.it/sito/notizie/cronaca/2021/09/30/mimmo-lucano-e-la-parabola-del-modello-riace_835d377c-1f01-4dd4-b34b-b2b9bc2a333d.html｜https://www.ansa.it/calabria/notizie/2023/10/11/lucano-condannato-in-appello-a-un-anno-e-sei-mesi_f4a5fd53-25f0-4f56-b010-c96750ced5d8.html｜https://www.ansa.it/sito/notizie/cronaca/2025/02/12/definitiva-la-condanna-di-mimmo-lucano-a-18-mesi-per-falso_a4159e1e-cf46-4e9a-876c-4c9a34802ac7.html,funding_scale,https://media.internazionale.it/images/2016/04/04/123088-sd.jpg,Internazionale（Ida Dominijanni）,2026-08-17,https://yusu0326.github.io/terroir-site/p/it-0001.html
it-0002,違法建築の町の空いた中庭を、現代美術の場に変えた,Farm Cultural Park,イタリア,シチリア州アグリジェント県,ファヴァーラ,31315,5万人未満,誇りをつくる,空き家・空き店舗・遊休不動産,2010,,継続中,民間（その他）,Andrea Bartoli（公証人）と Florinda Saieva（弁護士）夫妻,hybrid,旧市街の空いた中庭を買って直した｜現代美術の展示と催しを常設にした｜子ども向けの建築の学校を置いた｜住民70人で社会的企業をつくった,2022,12,濃い,"2010年に旧市街の違法建築が崩れて姉妹2人が亡くなったことを受けて、予定を早めて開設された。2017年6月には7年で2,000万ユーロ超の投資、年12万人の来訪、常勤150人と報じられた。同年8月には無許可の土地占有として2つの木造施設が封印され、2021年5月には住民70人が社会的企業をつくっている。",,,4,https://www.ansa.it/sicilia/notizie/2017/06/22/ansa-farm-cultural-park-cosi-rinasce-paese-dellagrigentino_3095bd5a-6597-466b-96fe-ca86fe345891.html｜https://www.ilsole24ore.com/art/burocrazia-e-permessi-rischiano-bloccare-farm-cultural-park-favara-AEPE5NAC｜https://www.ilsole24ore.com/art/a-favara-nasce-societa-azioni-buone-AEoP2fK｜https://www.vita.it/storie-e-persone/a-favara-larte-di-farm-cultural-park-ha-reinventato-la-citta/,,https://i2.res.24o.it/images2010/Editrice/ILSOLE24ORE/ILSOLE24ORE/2017/08/09/Impresa%20e%20Territori/ImmaginiWeb/Ritagli/Farm-Cultural-Park-1-kbB--835x437@IlSole24Ore-Web.jpg,Il Sole 24 Ore,2026-08-17,https://yusu0326.github.io/terroir-site/p/it-0002.html
it-0003,最後の店と最後の酒場が閉じたので、住民が会社をつくって開け直した,Succiso,イタリア,エミリア＝ロマーニャ州レッジョ・エミリア県,ヴェンタッソ（スッチーゾ地区）,65,5万人未満,商いを起こす,商店街・市場,1991,,継続中,住民組織,Cooperativa Valle dei Cavalieri（2016年時点の代表 Dario Torri）,hybrid,閉まった酒場と食料品店を開け直した｜住民の半分が組合員になった｜宿と食堂を足して観光客を入れた｜送迎車を買って通学と買物を担った,2022,31,濃い,1991年に村で唯一の酒場が閉じ、その少し前に最後の店も閉じたことから、住民9人が協同組合をつくった。2016年時点で組合員33人・常勤7人、宿と食堂を合わせて年に最大1万4千人を受け入れている。2022年2月の報道は、これをイタリアで最初のコミュニティ協同組合と位置づけている。,,,3,https://www.redattoresociale.it/article/notiziario/ali_e_stefano_il_tour_di_due_chef_alla_ricerca_della_coesione_sociale｜https://www.vita.it/succiso-il-paese-cooperativa-dove-ogni-giorno-si-cambia-lavoro/｜https://www.ilsole24ore.com/art/effetto-pandemia-e-politiche-luoghi-spingono-cooperative-comunita-AEeoesAB,,https://valledeicavalieri.it/wp/wp-content/uploads/2018/02/img_bar_003-1.jpg,Cooperativa Valle dei Cavalieri,2026-08-17,https://yusu0326.github.io/terroir-site/p/it-0003.html
it-0004,"量販店の売れ残りを地区ごとの拠点に集め、非営利団体が世帯に配る。拠点は8つに増え、2025年は1,057トンを回収した",Hub di Quartiere contro lo spreco alimentare,イタリア,ロンバルディア州ミラノ県,ミラノ,1365698,25万超,お金を地域で回す,農林水産・食,2019,,継続中,混合,ミラノ市の Food Policy 部門。Percorsi di Secondo Welfare（2021年10月20日）は、この事業がミラノ市・ミラノ工科大学・Assolombarda・Fondazione Cariplo の2017年の連携から生まれ、最初の拠点の実現に Banco alimentare della Lombardia が加わったと書いている（ミラノ市に Fondazione Cariplo・Programma QuBì・Assolombarda・ミラノ工科大学が加わって2019年に始まったと書くのは、裏取り出典の LifeGate 2024年2月7日である）。拠点ごとの運営は民間の団体が担う——Lambrate は Banco alimentare della Lombardia が AVIS Milano の空間で、Gallaratese は Terre des hommes が担う（Percorsi di Secondo Welfare 2021年10月20日）。Hub del Centro は Associazione IBVA の空間に置かれ（Gazzetta di Milano 2022年9月21日）、Selinunte は Coopi（Cooperazione Internazionale）が担い（MiTomorrow 2024年6月24日）、Cuccagna は Cascina Cuccagna が幹事となって EMERGENCY・Associazione Economia e Sostenibilità・Fondazione Acra・Associazione Comunità Il Gabbiano・Associazione Recup APS が加わる（ECO dalle Città 2024年10月16日）。回収量の集計は、Isola・Lambrate・Gallaratese についてはミラノ工科大学の Osservatorio Food Sustainability と Assolombarda が、Foody についてはミラノ大学（Università Statale di Milano）が担うと Gazzetta di Milano（2022年9月21日）が書いている,hybrid,量販店の売れ残りを引き取る｜地区ごとに集配の拠点を置く｜地元の非営利団体が世帯に配る｜大学と経済団体が回収量を測る｜20超の団体と拠点を共同設計する｜賞金を拠点の増設に充てる,2026,7,濃い,"2026年2月、2025年に市内の網が1,057トンを集め、前年より32%多かったと報じられた。2026年6月には、卸売市場の中にある Foody Zero Sprechi 単体で730トン超という数字が示されている。",,,6,https://www.secondowelfare.it/poverta-alimentare/gli-hub-di-quartiere-di-milano-che-hanno-vinto-learthshot-prize/｜https://www.gazzettadimilano.it/food/milano-food-policy-apre-il-quinto-hub-di-quartiere-contro-lo-spreco-alimentare-in-via-santa-croce/｜https://www.mitomorrow.it/cambiamilano/spreco-alimentare-milano/｜https://www.ecodallecitta.it/milano-hub-quartiere-spreco-alimentare/｜https://quindicinews.it/2026/02/05/lotta-allo-spreco-alimentare-nel-2025-milano-recupera-oltre-mille-tonnellate-di-cibo/｜https://www.ladysilvia.it/article/35055,,https://www.secondowelfare.it/wp-content/uploads/2021/10/City-of-Milan_4-Copia-1.jpg,Percorsi di Secondo Welfare,2026-08-20,https://yusu0326.github.io/terroir-site/p/it-0004.html
it-0005,2012年に3校で始めた学校前の車道封鎖を、住民団体の実験を経て市の公募事業にし、87件の提案を集めた,strade scolastiche,イタリア,ロンバルディア州,ミラノ市,1365698,25万超,歩けるようにする,学校・公共施設,2012,,継続中,混合,ミラノ市が2012年に着手（当時のどの部局が主管したかは出典に書かれていない）。2019年秋の実験は NPO の Genitori Antismog・Massa Marmocchi（自転車通学の団体）・Fiab Milano Ciclobby が組織し、市（機動性・公共事業局および教育局）が後援・支援した。2023年以降の「Piazze Aperte per ogni Scuola」はミラノ市が Agenzia Mobilità Ambiente Territorio（AMAT）・Bloomberg Associates・Global Design Cities Initiative と進めている,hybrid,登下校時間だけ車道を閉鎖｜ベンチや卓球台を新設｜公募で学校や住民から提案を募る｜一部区間は常時の歩行者空間に｜大気・騒音・交通量を市民が測定,2026,14,濃い,2012年にミラノ市が3校で始めた車道封鎖は、2019年に住民団体の実験を経て、2023年12月に市の公募事業「Piazze Aperte per ogni Scuola」となった。2025年5月にはPNRRの助成で1地区が完成した。2021年5月時点のおよそ35本から市内の総数がどう推移したかは、2026年の出典にも書かれていない。,,,4,https://www.genitoriantismog.it/cosa-sono-le-strade-scolastiche/｜https://citynext.it/2023/12/29/strade-scolastiche-scuola-milano-approva-la-pedonalizzazione-di-via-pescarenico/｜https://www.ecodallecitta.it/milano-strade-scolastiche-guastalla/｜https://www.radiomamma.it/notizie-per-famiglie-milano/strade-scolastiche-milano-i-6-passi-organizzarle-e-partecipare-streets,funding_scale,https://www.ecodallecitta.it/wp-content/uploads/2025/05/Milano-strade-scolastiche-Guastalla.jpg,Eco dalle Città,2026-08-30,https://yusu0326.github.io/terroir-site/p/it-0005.html
it-0006,2012年に占拠した映画館から生まれた協会が、別の廃業映画館の運営権を公募で得て、公的助成を主体に自己資金・寄付も組み合わせて改修した,Piccolo America,イタリア,ラツィオ州,ローマ市,2747290,25万超,お金を地域で回す,文化・アート・祭り,2012,,継続中,住民組織,"2012年の占拠を組織したのは、閉館した映画館Cinema Americaの解体に反対する若者グループだった（Il Fatto Quotidiano, 2018年2月12日）。占拠から生まれた協会の会長として繰り返し名前が挙がるのがValerio Carocci氏で、2026年の出典では「Fondazione Piccolo America」（財団）の創設者・会長（34歳）と紹介されている（Il Post, 2026年7月27日）。2016年、協会は公募（bando）を通じて廃業していたCinema Indunoの運営権を得て、これをCinema Troisiとして改修した（同記事）。改修費の一部は市民からの寄付、残りはローマ市・ラツィオ州・国（税額控除／MiBACT＝現文化省の選抜助成）などの公的な仕組みで賄う計画だった（RB Casting, 2017年5月18日）。改修が完了した2021年の時点では、総額150万ユーロのうち約81%を国・州・企業スポンサーが負担し、協会の自己資金と寄付を合わせた分は約19%（28万5446ユーロ）にとどまったとDIRE（2021年9月20日）は報じている。",hybrid,廃業映画館を占拠して保存要求｜市民からの寄付で改修資金の一部を捻出｜税額控除・国の選抜助成と組み合わせ｜無料の野外上映会を毎年開催｜チケット収入を次の物件確保に再投資,2026,14,濃い,2012年の占拠から始まり、2021年にCinema Troisiが再開した。2026年には野外上映事業に市・州から計55万ユーロが公募を経ずに交付された。,,,7,https://www.ilfattoquotidiano.it/2015/11/22/roma-in-periferia-con-il-cinema-america/2241901/｜http://www.rbcasting.com/uncategorized/2017/05/18/al-via-la-raccolta-fondi-per-il-cinema-troisi/｜https://www.ilfattoquotidiano.it/2018/02/12/roma-niente-film-allaperto-nellestate-romana-lite-tra-cinema-america-e-giunta-sul-bando-con-censura/4155988/｜https://www.artribune.com/arti-performative/cinema/2021/08/roma-riapre-cinema-troisi/｜https://www.dire.it/20-09-2021/668866-a-roma-dopo-8-anni-riapre-il-cinema-troisi/｜https://www.ilpost.it/2025/12/06/cinema-modernissimo-troisi-rivalita/｜https://www.ilpost.it/2026/07/27/piccolo-america-politica-roma/,,https://www.artribune.com/wp-content/uploads/2021/08/Cinema-Troisi-%C2%A9Claudia-Rolando-1024x683.jpg,Artribune,2026-08-30,https://yusu0326.github.io/terroir-site/p/it-0006.html
it-0008,4つの自治体が食料政策を統合し、学校給食の食材を地元産に切り替えた。2026年に食の拠点を3カ所新設し、同年の給食残食調査で減少が報告された,Piana del Cibo,イタリア,トスカーナ州,カパンノリ（アルトパッショ・ポルカリ・ヴィッラ・バジリカと共同運営）,46644,5万人未満,お金を地域で回す,学校・公共施設,2019,,継続中,混合,Food Action Cities のケーススタディ（2021年4月20日）は、2018年6月、ルッカ・カパンノリ・アルトパッショ・ポルカリ・ヴィッラ・バジリカの5市が参加型プロセス「Circularifood」に着手し、この取り組みは「カパンノリ市が主導した（led by the municipality of Capannori）」と書いている。同記事によれば、域内の食に関わる主体をすべて地図化したうえで、住民・利害関係者による10回のワークショップとフォーカスグループを経て、市間の食料戦略と「食の評議会（food council）」の設立に至った。評議会は、首長で構成する政治・組織的な層（Assembly of Mayors for Local Food Policies）と、住民・NGO・第三セクターが半年ごとに「Food Agorà」に集う参加的な層の二層構造だという。Milan Urban Food Policy Pact のプロジェクト登録ページ（2020年12月14日）は、この取り組みを「Piana del Cibo」の名で2019年・カパンノリ発として登録している。Toscana Chianti Ambiente（2026年6月11日）は、Piana del Cibo を「2019年にカパンノリ・アルトパッショ・ポルカリ・ヴィッラ・バジリカの4市の主導で生まれた食料戦略であり地域統治の実験室」と説明し、ピサ大学と「食の評議会（Consiglio del Cibo）」が支えていると書いている。**ルッカ市については、2021年出典（2018年のCircularifood参加5市を報じる）には含まれるが、2023年以降の出典はいずれもカパンノリ・アルトパッショ・ポルカリ・ヴィッラ・バジリカの4市体制として説明しており、名が挙がらない。どの時点でどのような経緯で外れたかは、参照した出典に記述がない。**,hybrid,4市が合同で食料政策を策定｜首長会議と市民評議会の二層統治｜学校給食の食材を地元産に転換｜給食の残食量を継続的に監視｜公共食堂に「食の家」を新設｜学校向け食育の部会を運営,2026,7,濃い,2019年発足後、2023年に4市協定の更新とFoodCLIC始動が予告され、2024年に部会再開が発表され、2026年6月に食の拠点を新設し8月に給食残食の減少が報告された。,,,6,https://foodactioncities.org/case-studies/circularifood/｜https://www.milanurbanfoodpolicypact.org/projects/inter-municipal-food-policies-in-piana-del-cibo/｜https://www.luccaindiretta.it/capannori-e-piana/2023/10/06/a-capannori-il-primo-festival-del-cibo-delizie-e-produttori-del-territorio-a-confronto/371989/｜https://www.comune.capannori.lu.it/notizia/ripartono-i-tavoli-tematici-della-piana-del-cibo/｜https://www.toscanachiantiambiente.it/a-capannori-nascono-le-case-del-cibo-tre-nuovi-presidi-per-la-cultura-del-piatto-sano-e-locale/｜https://www.luccaindiretta.it/capannori-e-piana/2026/08/08/mense-scolastiche-a-capannori-crollano-gli-sprechi-alimentari/515043,,,,2026-09-01,https://yusu0326.github.io/terroir-site/p/it-0008.html
it-0009,地震で放棄された歴史的建物を占拠し、利用者の公開総会が使い方を自分たちで決める仕組みに変えた,Ex Asilo Filangieri,イタリア,カンパニア州,ナポリ市（旧市街サン・ロレンツォ地区）,962003,25万超,住民が決める,空き家・空き店舗・遊休不動産,2012,,継続中,混合,「アズィーロ」運営総会（L'Asilo）。2012年3月に建物を占拠した文化・芸能分野の労働者の集団「ラ・バレーナ（La Balena）」を出発点とし、誰でも参加できる公開の運営総会が意思決定を担う。ナポリ市（デ・マジストリス市長期）は2015年の決議893号でこの自主運営規則を公式の管理規約として認め、光熱費・清掃・維持管理費の一部を負担している,hybrid,2012年3月に空き建物を占拠した｜3年かけ利用規則を自主策定した｜市の決議893号で規則を公認させた｜運営総会が唯一の意思決定機関｜決議446号で他施設にも制度を拡大,2022,10,濃い,2021年の学術誌論文は開設から約10年後に住民110人へ調査を行い、2022年には運営側が10年間の累計来場者32万6064人と発表した。,,,7,https://www.artribune.com/tribnews/2016/01/lex-asilo-filangieri-un-luogo-di-produzione-e-diffusione-di-cultura-il-comune-di-napoli-stabilizza-gli-occupanti-ma-non-mancano-le-polemiche/｜https://www.labsus.org/2016/03/lex-asilo-filangieri-ed-il-governo-dei-beni-comuni/｜https://napoli.fanpage.it/de-magistris-benedice-l-ex-asilo-filangieri-brindisi-e-delibera-per-regolarizzarlo/｜https://www.rockit.it/articolo/ex-asilio-filangieri-napoli-cultura-che-resiste｜https://www.ilroma.net/news/curiosita-type/252422/10-anni-per-l-ex-asilo-filangieri-di-napoli.html｜https://www.rivistaimpresasociale.it/rivista/articolo/la-recente-esperienza-napoletana-sui-beni-comuni｜https://cooperativecity.org/the-promotion-of-the-commons-in-naples/,,https://www.artribune.com/wp-content/uploads/2016/01/LEx-Asilo-Filangieri-a-Napoli-.jpg,Artribune,2026-09-01,https://yusu0326.github.io/terroir-site/p/it-0009.html
it-0010,2022年に学校前の空き空間を仮設の歩行者広場にする社会実験を始め、恒久化と複数校への拡大を経て、2026年に学校周辺の街路全体を対象にする段階に進んだ,piazza scolastica,イタリア,エミリア=ロマーニャ州,ボローニャ市,390151,25万超,歩けるようにする,学校・公共施設,2022,,継続中,混合,ボローニャ市（クァルティエーレ・ナヴィーレ、クァルティエーレ・サント・ステファノなど区も関与）が中心となり、2022年の出典はFondazione per l'Innovazione Urbanaを、2026年の出典はFondazione IU Rusconi Ghigiを協働主体として挙げている（両者の関係は参照した出典に記述がない）。EU助成事業EX-TRA（ミラノ工科大学と連携）・REALLOCATE（Centro Antartideと連携）のもとで進められている,hybrid,学校前の車道を歩行者空間に転換｜ベンチや遊具を仮設で設置し社会実験｜12カ月の試行後に恒久化を判断｜排水性舗装や植樹で温暖化対策｜児童の意見を反映した路面デザイン｜前後の観察と住民アンケートで効果を検証,2026,4,薄い,2022年に始まった学校前の歩行者広場化は、2023年にボロニーナ地区の別の学校でも実施されたが、開始から3年以上あとの出典は2026年のパルコ・グロッソ地区の1本のみで、その間の変化を追う記事は確認できていない。,,,5,https://www.bikeitalia.it/2022/01/25/bologna-una-nuova-piazza-scolastica-sperimentale/｜https://zero.eu/en/news/in-bolognina-la-prima-piazza-scolastica-tattica-di-bologna/｜https://www.ecodallecitta.it/bologna-ecco-la-prima-piazza-scolastica-pedonale-definitiva/｜https://gazzettadibologna.it/primo-piano/una-nuova-piazza-scolastica-in-bolognina/｜https://sestopotere.com/bologna-ecco-la-nuova-zona-residenziale-scolastica-intorno-al-parco-grosso/,funding_scale,https://gazzettadibologna.it/wp-content/uploads/2023/12/piazza-scolastica.jpg,Gazzetta di Bologna,2026-09-02,https://yusu0326.github.io/terroir-site/p/it-0010.html
jo-0001,観光コンサルタント会社が国境沿いの村に三部屋の宿を開き、地元での仕入れ・雇用の徹底で観光収入の7割強を村に残す仕組みを作った,Baraka Destinations,ヨルダン,イルビド県,ウム・カイス,6124,5万人未満,お金を地域で回す,空き家・空き店舗・遊休不動産,2015,,継続中,民間（その他）,Baraka Destinations（サステナブル・ツーリズムを専門とするアンマン拠点の企業。代表は社会起業家のムナ・ハダッド氏）,hybrid,村内に三部屋の宿泊施設を開いた｜地元での仕入れ・雇用を徹底した｜住民の技能を観光体験に変えた｜小口助成で個人の事業化を支援した｜接客訓練を継続的に提供した,2019,4,濃い,2019年時点でBaraka代表は、地元での仕入れ・雇用によって観光収入の73%が村内に残り、住民約130人・30家族の収入が地域平均より44%高いと述べた。,,,3,https://backup.arabnews.com/node/1160576/business-economy｜https://adventure.com/community-jordan-trail-north/｜https://www.aa.com.tr/en/middle-east/community-driven-tourism-leads-jordanian-village-out-of-poverty/1682296,,,,2026-09-03,https://yusu0326.github.io/terroir-site/p/jo-0001.html
jp-0001,街区再編でできた通路を企業対抗の綱引き会場にした,京橋綱引き大会,日本,東京都,中央区京橋,192145,5万〜25万,誇りをつくる,交通・道路・駅,2019,,継続中,デベロッパー・鉄道事業者,東京スクエアガーデン（東京建物）と京橋エドグラン（日本土地建物）の共催,soft,ビルの貫通通路を競技会場にした｜入居企業の対抗戦として組んだ｜日本綱引連盟の公式ルールで行った｜1チーム8人中2人以上を女性とした｜予選会場を近隣3棟に広げた,2025,6,濃い,2019年の第1回は11社、2023年の第2回は18社、2024年の第3回は東京ミッドタウン八重洲の企業を含む20チーム。2025年の第4回は3棟で予選会を開き、10チームが決勝に進んだ。,,true,5,https://guidetokyo.info/join/report/repo85.html｜https://www.enworld.com/blog/blog-02.html｜https://www.kyobashi.tokyo/news/11403.html｜https://www.kyobashi.tokyo/news/11489.html｜https://www.kyobashi.tokyo/news/11748.html,funding_scale,https://guidetokyo.info/common/image/join_image/repo85-1.jpg,東京街人,2026-08-17,https://yusu0326.github.io/terroir-site/p/jp-0001.html
jp-0002,車を地下に落として出てきた幅13mの歩道を運営に回した,新虎通り,日本,東京都,港区（新橋〜虎ノ門）,270509,25万超,歩けるようにする,交通・道路・駅,2014,,継続中,混合,一般社団法人新虎通りエリアマネジメント（事務局：森ビル／都市再生機構／東京都道路整備保全公社）,hybrid,車の通行を地下トンネルに移した｜車道の左右に幅13mの歩道を取った｜歩道にオープンカフェを置いた｜道路占用許可の特例を使った｜都内初のほこみち区域に指定された,2023,9,濃い,2014年3月の開通後、2019年に国家戦略道路占用事業に認定され、2022年に社会実験を経て、2023年3月17日に都内で初めてほこみちの利便増進誘導区域に指定された。同年4月と6月にマルシェが開かれた。,,,4,https://www.nikkei.com/article/DGXMZO76335150Z20C14A8000000/｜https://www.spt.metro.tokyo.lg.jp/tosei/hodohappyo/press/2023/03/16/03.html｜https://project.nikkeibp.co.jp/atclppp/PPP/news/032202835/｜https://www.homes.co.jp/cont/press/buy/buy_01536/,funding_scale,https://article-image-ix.nikkei.com/https%3A%2F%2Fimgix-proxy.n8s.jp%2FDSXZZO7633520029082014000000-12.jpg?auto=compress&bg=FFFF&crop=focalpoint&fit=crop&fm=jpg&h=630&w=1200&s=163009b0ca50b1ce0e963304fe5e8bbc,日本経済新聞,2026-08-17,https://yusu0326.github.io/terroir-site/p/jp-0002.html
jp-0003,丘のスタジアムに福祉と農園を混ぜて365日使う場にした,里山スタジアム,日本,愛媛県,今治市,151672,5万〜25万,人を呼ぶ,学校・公共施設,2014,,継続中,民間（その他）,株式会社今治.夢スポーツ,hard,丘にスタジアムを建てた｜カフェと福祉事業所を併設した｜ドッグランと農園とビオトープを置いた｜雨水を浸透させる緑溝を回した｜井戸水と雨水を散水に使った,2024,10,濃い,2014年に岡田武史がオーナーに就任し、2023年1月29日に里山スタジアムが開業した。2024年1月時点で、カフェ・福祉事業所・ドッグラン・農園・ビオトープを敷地内に配している。,,,3,https://xtrend.nikkei.com/atcl/contents/casestudy/00012/01150/｜https://xtech.nikkei.com/atcl/nxt/column/18/02717/011500002/｜https://www.potluck-yaesu.com/magazine/20240329/1956/,funding_scale,https://xtrend.nikkei.com/atcl/contents/casestudy/00012/01150/nxr_m.jpg,日経クロストレンド,2026-08-17,https://yusu0326.github.io/terroir-site/p/jp-0003.html
jp-0004,空き家率53%の温泉街を、宿と飲食店に変えながら町民で100年後を決めた,温泉津,日本,島根県,大田市温泉津町,,不明,商いを起こす,空き家・空き店舗・遊休不動産,2004,,継続中,混合,空き家活用を行なう民間企業と、温泉津100年会議の企画・運営（移住者の近江雅子・西田優花）,hybrid,空き家を宿と飲食店に変えた｜分散型ホテルの形になった｜町民113人で100年後を話した｜合言葉「湧くで温泉津」を作った,2026,22,濃い,2004年に国の重要伝統的建造物群保存地区に指定された。2023年に温泉津100人会議が初めて開かれ、2025年12月には113人が参加する温泉津100年会議が開かれた。民間企業による空き家活用の開始年は出典から確認できなかった。,,true,2,https://www.jstage.jst.go.jp/article/reportscpij/23/4/23_487/_article/-char/ja/｜https://yamatogokoro.jp/report/59452/,population_scale｜funding_scale,https://yamatogokoro.jp/inbound/wp-content/uploads/2026/02/49745c3fc146c4f5c267aaeefe00893f.jpg,やまとごころ.jp,2026-08-17,https://yusu0326.github.io/terroir-site/p/jp-0004.html
jp-0005,壊滅した商店街を市が買い上げ、44棟の再開発ビルに建て替えるのに30年近くかけている,新長田駅南地区,日本,兵庫県,神戸市長田区,,25万超,住む人を増やす・戻す,商店街・市場,1995,,判定不能,行政,神戸市,hard,市が用地をまとめて買い上げた｜再開発ビル44棟を建てる計画にした｜商業床を3層構造にして分譲した｜買収が進まぬ1区画を対象から外した,2025,30,濃い,1995年3月に都市計画決定され、2003年と2006年の論文が商業床の空きと入居者の実態を調べた。2020年12月の神戸市の検証報告書は収支見込みを赤字326億円とし、商業のにぎわいに課題が残るとした。2024年10月の記事は、最後の1棟の完成見通しが立ち、事業が10月末で完了すると伝えている。,,,5,https://www.jstage.jst.go.jp/article/aija/68/564/68_KJ00004230657/_article/-char/ja/｜https://www.jstage.jst.go.jp/article/aija/71/599/71_KJ00004390435/_article/-char/ja/｜https://www.kobe-np.co.jp/news/sougou/202012/0013958930.shtml｜https://www.kobe-np.co.jp/news/society/202410/0018219466.shtml｜https://www.kobe-np.co.jp/opinion/202503/0018737155.shtml,population_current｜end_year｜status_current,https://i.kobe-np.co.jp/news/society/202410/img/a_18219470.jpg,神戸新聞,2026-08-17,https://yusu0326.github.io/terroir-site/p/jp-0005.html
jp-0006,駅前の町有地に、図書館と体育館と住宅を民間と組んで建てた,オガール,日本,岩手県,紫波郡紫波町（紫波中央駅前）,33000,5万人未満,人を呼ぶ,学校・公共施設,,,継続中,混合,紫波町と民間事業者による公民連携。2021年の論文は中心人物として岡崎正信氏に聞き取りをしている,hard,駅前の町有地に施設群を建てた｜推進組織を先に立ち上げた｜スポーツ施設を核に据えた｜住宅地を同じ区域に組み込んだ,2025,,濃い,開始年は出典から確認できず、記録は2014年から2025年にわたる。2014年には住宅地のエコハウスが専門誌で紹介され、2021年の論文は展開を始動期・形成期・展開期の3期に整理した。2025年8月にも駅前の広場で4日間の祭りが開かれている。,,,3,https://www.jstage.jst.go.jp/article/jares/28/3/28_126/_article/-char/ja｜https://www.jstage.jst.go.jp/article/ckg/14/0/14_217/_article/-char/ja｜https://www.iwate-np.co.jp/article/2025/8/2/185560,start_year｜elapsed_years｜funding_scale,https://img.japandx.co.jp/shiwatown/cms/soshiki/4_2/2_1_1/DJI_0007_20180719%E3%82%AA%E3%82%AC%E3%83%BC%E3%83%AB%E7%A9%BA%E6%92%AE.JPG,紫波町,2026-08-17,https://yusu0326.github.io/terroir-site/p/jp-0006.html
jp-0007,建物の高さや色ではなく「美の原則」8つで開発と個別に交渉する条例を作った,真鶴町まちづくり条例,日本,神奈川県,足柄下郡真鶴町,6327,5万人未満,誇りをつくる,住まいと暮らし（住宅・医療・福祉・子育て）,,,継続中,行政,真鶴町,soft,抽象的な美の原則を8つ定めた｜69の言葉を具体の基準にした｜開発ごとに個別に協議した｜協議の記録を調書として残した,2024,,濃い,開始年は出典から確認できず、記録は1994年から2024年にわたる。2003年の論文は美のリクエスト53件を数え上げ、2005年には日経アーキテクチュアがマンション計画による揺らぎを景観法の特集で扱った。2024年の学会報告は地域アイデンティティの面から評価している。,,,4,https://www.jstage.jst.go.jp/article/jappm/17/3/17_83/_article/-char/ja｜https://www.jstage.jst.go.jp/article/journalcpij/38.3/0/38.3_199/_article/-char/ja/｜https://cir.nii.ac.jp/crid/1520572357918839424｜https://www.jstage.jst.go.jp/article/jitrproceedings/39/0/39_264/_article/-char/ja,start_year｜elapsed_years｜funding_scale,https://www.zck.or.jp/uploaded/image/7883.jpg,全国町村会,2026-08-17,https://yusu0326.github.io/terroir-site/p/jp-0007.html
jp-0008,住民が自分たちで憲章を作り、それが2段階で法律の形になった,妻籠宿,日本,長野県,木曽郡南木曽町,3545,5万人未満,誇りをつくる,住まいと暮らし（住宅・医療・福祉・子育て）,1971,,継続中,混合,妻籠宿の住民（住民憲章の制定主体）と南木曽町（条例の制定主体）,soft,住民が自主規範として憲章を作った｜町が3年後に保存条例にした｜国の伝建制度の創設につながった｜制定の過程を段階的に踏んだ,2017,46,濃い,1971年に住民が憲章を作り、1973年に南木曽町が保存条例にした。この動きが1975年の伝統的建造物群保存地区の制度の創設につながり、1976年に妻籠宿は他6地区とともに指定された。2016年の論文は憲章が約半世紀運用されてきたとしている。,,,3,https://cir.nii.ac.jp/crid/1571698602389331456｜https://www.jstage.jst.go.jp/article/journalcpij/51/3/51_328/_article/-char/ja｜https://www.jstage.jst.go.jp/article/aija/82/740/82_2637/_article/-char/ja,funding_scale,https://tsumago.jp/wordpress/wp-content/uploads/2020/12/bkg_main2.jpg,妻籠観光協会,2026-08-17,https://yusu0326.github.io/terroir-site/p/jp-0008.html
jp-0009,栗の町の商業地を修景し、30年後に「らしさ」がどこにあるか測られた,小布施町,日本,長野県,上高井郡小布施町,11000,5万人未満,誇りをつくる,商店街・市場,,,継続中,混合,小布施町と地元の民間企業（2012年の論文は「地元の民間企業や行政」が起点だとする）,hybrid,商業地の建物の外観を整えた｜建物の設計を規制で揃えた｜庭を来訪者に開く事業を組んだ｜特産品を地域の名前で売った,2025,,濃い,開始年は出典から確認できず、研究の記録は1996年から2025年にわたる。1996年の論文は町並み整備を導く「触媒」を論じ、2011年には景観の変遷が、2012年には活性化の手法が整理された。2025年の論文は「小布施らしい」景観がどこにあるかを住民と関係人口に測っている。,,,4,https://www.jstage.jst.go.jp/article/journalcpij/31/0/31_211/_article/-char/ja｜https://www.jstage.jst.go.jp/article/aija/76/670/76_670_2353/_article/-char/ja｜https://www.jstage.jst.go.jp/article/jasmin/2012f/0/2012f_151/_article/-char/ja｜https://www.jstage.jst.go.jp/article/aija/90/834/90_1739/_article/-char/ja,start_year｜elapsed_years｜funding_scale,https://www.town.obuse.nagano.jp/fs/1/1/3/4/7/_/submachi301.jpg,小布施町,2026-08-17,https://yusu0326.github.io/terroir-site/p/jp-0009.html
jp-0010,汚れた川を住民が掃除したことが、町並み保存に火をつけた,佐原,日本,千葉県,香取市佐原（小野川沿い）,66100,5万〜25万,誇りをつくる,自然・緑地・水辺,,,継続中,混合,小野川の清掃を始めた地域住民と市民団体、および香取市（旧佐原市）,hybrid,住民が汚れた川を掃除した｜町並み保存の運動に広がった｜大祭の担い手と別々に動いた｜川沿いに観光の店が増えた,2025,,濃い,開始年は出典から確認できず、研究の記録は2007年から2025年にわたる。2009年の論文が成立要因を分析し、2016年には震災による屋根被害が調査された。2025年の論文は、住民の意識が景観維持派と観光推進派に分かれたことを報告している。,,,5,https://www.jstage.jst.go.jp/article/sogokanko/06/0/06_35/_article/-char/ja/｜https://www.jstage.jst.go.jp/article/sociotechnica/6/0/6_0_93/_article/-char/ja｜https://www.jstage.jst.go.jp/article/aija/81/726/81_1839/_article/-char/ja/｜https://cir.nii.ac.jp/crid/1520291855054792832｜https://www.jstage.jst.go.jp/article/jags/18/1/18_15/_article/-char/ja/,start_year｜elapsed_years｜funding_scale,https://www.city.katori.lg.jp/living/sumai/machinamihozon.images/honcho.jpg,香取市,2026-08-17,https://yusu0326.github.io/terroir-site/p/jp-0010.html
jp-0011,りんご並木の両側に再開発ビルを建て、上を住宅、下を店舗と福祉にした,飯田まちづくりカンパニー,日本,長野県,飯田市,92847,5万〜25万,住む人を増やす・戻す,商店街・市場,,,継続中,混合,株式会社飯田まちづくりカンパニー（出資者は商業者・企業・市民有志・行政・金融機関・商工会議所）,hybrid,中心市街地に再開発ビルを3棟建てた｜上層を住宅、下層を店舗と福祉にした｜りんご並木沿いの空き店舗を仲介した｜高齢者住宅とテナントビルを運営した｜市民団体とNPOの立ち上げを支えた,2018,,濃い,開始年は出典から確認できず、記録は2000年から2018年にわたる。2006年の検討会資料は成果と課題を挙げ、2010年の事例紹介は3つの再開発事業と空き店舗の仲介を、2018年の聞き取りはまちづくり組織の呼び込みを扱っている。,,,11,https://www.env.go.jp/council/27ondanka-mati/y270-09/mat02.pdf｜https://machi.smrj.go.jp/machi/public/example/100903iida.html｜https://machi.smrj.go.jp/machi/public/example/181010iida.html｜https://cir.nii.ac.jp/crid/1522825130943139456｜https://cir.nii.ac.jp/crid/1521980704957898368｜https://cir.nii.ac.jp/crid/1520010380780795392｜https://cir.nii.ac.jp/crid/1521417755451480064｜https://cir.nii.ac.jp/crid/1520573330173846656｜https://cir.nii.ac.jp/crid/1520854804737958784｜https://cir.nii.ac.jp/crid/1050564288816021760｜https://cir.nii.ac.jp/crid/1522825129757572864,start_year｜elapsed_years｜funding_scale,https://machi.smrj.go.jp/machi/public/example/n1i3ft0000002gdp-img/iida03.jpg,中心市街地活性化協議会支援センター（中小企業基盤整備機構）,2026-08-19,https://yusu0326.github.io/terroir-site/p/jp-0011.html
jp-0012,商店街の住民が建物の規範を自分たちで作り、35年以上、建て方に口を出し続けた,川越一番街,日本,埼玉県,川越市,353018,25万超,住民が決める,商店街・市場,1987,,継続中,住民組織,川越町並み委員会（住民による自主的なまちづくりの協議機関）,soft,住民が「町づくり規範」を作った｜建築行為に委員会が助言・提案した｜伝統的建造物群保存地区に指定された｜規範を約5年かけて改訂した｜市が都市景観推進団体に指定した,2025,38,濃い,1987年の発足から、記録は2025年まで続く。1992年の論文は委員会の役割と限界を、2009年の論文は歴史的環境の変容を扱い、2025年の論文は観光地化に老舗商店がどう対応したかを類型に分けている。,,,9,https://www.jstage.jst.go.jp/article/journalcpij/27/0/27_67/_article/-char/ja｜https://cir.nii.ac.jp/crid/1573950398965179008｜https://cir.nii.ac.jp/crid/1523951030347095296｜https://cir.nii.ac.jp/crid/1571980075284635008｜https://cir.nii.ac.jp/crid/1390282679191182080｜https://cir.nii.ac.jp/crid/1521699231107740544｜https://www.city.kawagoe.saitama.jp/shisei/toshikei/1010554/1010635/1010636/1010640.html｜https://www.city.kawagoe.saitama.jp/shisei/toshikei/1010554/1010635/1010636/1016035.html｜https://www.jstage.jst.go.jp/article/journalcpij/60/1/60_20242408/_article/-char/ja/,funding_scale,https://kawagoe-machinami.com/wp-content/uploads/2025/02/olympic02.jpg,川越町並み委員会,2026-08-19,https://yusu0326.github.io/terroir-site/p/jp-0012.html
jp-0013,天井川が廃川になって残った高い河床を、削らずに公園にした,草津川跡地,日本,滋賀県,草津市,141983,5万〜25万,空間をひらく,自然・緑地・水辺,,,継続中,混合,草津市（公園・土木・建築）と草津まちづくり株式会社（公園内商業施設ココリバ）,hard,天井川の廃川敷を都市公園にした｜堤防に囲まれた地形をそのまま残した｜園内に商業施設3棟を誘致した｜災害時の避難・物資供給拠点にした｜設計から施工まで市民の意見を聞いた,2024,,濃い,開始年は出典から確認できず、記録は2003年から2024年にわたる。2003年の論文は跡地利用をめぐる市民と行政の対話を、2019年の土木学会デザイン賞は選考委員の講評を載せ、2024年のガバナンスは廃川跡地の活用として取り上げている。,,,9,https://design-prize.sakura.ne.jp/archives/result/1237｜https://cir.nii.ac.jp/crid/1570854176811660672｜https://cir.nii.ac.jp/crid/1520009407818023936｜https://cir.nii.ac.jp/crid/1523106605941239168｜https://cir.nii.ac.jp/crid/1521980704759969152｜https://cir.nii.ac.jp/crid/1520020165315042432｜https://cir.nii.ac.jp/crid/1521699230917306624｜https://cir.nii.ac.jp/crid/1520010380862927744｜https://cir.nii.ac.jp/crid/1520580561492113408,start_year｜elapsed_years,https://design-prize.sakura.ne.jp/wp/wp-content/uploads/2019/11/b1_kusatsu_cs.jpg,土木学会デザイン賞（土木学会景観・デザイン委員会）,2026-08-19,https://yusu0326.github.io/terroir-site/p/jp-0013.html
jp-0014,川と公園を稼げる場所にして、駐車場の売上をまちづくりの原資に回した,紀州まちづくり舎,日本,和歌山県,和歌山市,349208,25万超,商いを起こす,自然・緑地・水辺,2014,,継続中,民間（その他）,株式会社紀州まちづくり舎（代表取締役 吉川誠人）,hybrid,川沿いで社会実験のイベントを開いた｜公園と地下駐車場を一括で受託した｜駐車場の売上を市に納めて残す形にした｜公園の倉庫をカフェと貸室にした｜川沿いに毎日の夜市を出した,2025,11,濃い,2014年設立から、記録は2025年まで続く。2017年の記事は市堀川の社会実験を、2020年の記事は本町公園と地下駐車場の指定管理と収入の仕組みを、2025年の記事は毎日開いてきた夜市を4月以降も継続すると報じている。,,,4,https://www.living-web.net/%E6%B0%B4%E8%BE%BA%E3%82%92%E6%AD%A9%E3%81%93%E3%81%86-%E6%9C%AA%E6%9D%A5%E3%81%AB%E3%81%A4%E3%81%AA%E3%81%8C%E3%82%8B%E9%AD%85%E5%8A%9B%E3%82%92%E6%B1%82%E3%82%81%E3%81%A6/｜https://www.nwn.jp/news/200328_honmachi-park/｜https://www.city.wakayama.wakayama.jp/kurashi/douro_kouen_machi/1007741/1017946.html｜https://wakayama.keizai.biz/headline/2800/,funding_scale,https://images.keizai.biz/wakayama_keizai/headline/1745587283_photo.jpg,和歌山経済新聞,2026-08-19,https://yusu0326.github.io/terroir-site/p/jp-0014.html
jp-0015,空きビルを宿にした一級建築士が、そのまま地下駐車場と公園の管理まで引き受けた,ワカヤマヤモリ舎,日本,和歌山県,和歌山市,349208,25万超,商いを起こす,空き家・空き店舗・遊休不動産,2014,,継続中,民間（その他）,株式会社ワカヤマヤモリ舎（代表取締役 宮原崇。一級建築士）,hybrid,空きビルの一部を宿に改修した｜市民とワークショップで自ら改修した｜同じビルに食堂とシェアオフィスを入れた｜都市再生推進法人の指定を受けた｜公園の地下駐車場の管理を引き受けた,2024,10,濃い,2014年のリノベーションスクールから、記録は2024年まで続く。2016年の記事は空きビルの宿への改修を、2018年の記事は都市再生推進法人の指定と地下駐車場の管理を、2023年の記事は大新エリア全体の変化を扱っている。,,,7,https://www.nwn.jp/news/16010904_renov/｜https://wakayama.keizai.biz/headline/541/｜https://www.nwn.jp/news/16050701_guesthouse/｜https://www.nwn.jp/news/180120_sihorikawa/｜https://wakayama.keizai.biz/headline/1348/｜https://www.living-web.net/%E3%80%8C%E3%82%B2%E3%82%B9%E3%83%88%E3%83%8F%E3%82%A6%E3%82%B9rico%E3%80%8D%E3%82%92%E8%B5%B7%E7%82%B9%E3%81%AB%E3%81%AB%E3%81%8E%E3%82%8F%E3%81%86%E5%A4%A7%E6%96%B0%E3%82%A8%E3%83%AA%E3%82%A2/｜https://www.city.wakayama.wakayama.jp/kurashi/douro_kouen_machi/1007741/1017946.html,funding_scale,https://images.keizai.biz/wakayama_keizai/headline/1452605918_photo.jpg,和歌山経済新聞,2026-08-19,https://yusu0326.github.io/terroir-site/p/jp-0015.html
jp-0016,協議会の中に13人の少人数組織を置いて、駅前広場を貸せるようにした,TCCM,日本,愛知県,豊田市,413489,25万超,空間をひらく,交通・道路・駅,,,継続中,混合,一般社団法人TCCM（豊田市中心市街地活性化協議会の内部組織として発足。構成員は豊田まちづくり株式会社・豊田市商工会議所・豊田市商工観光課・建築士・タウンマネージャー）,soft,協議会の中に少人数の実行組織を置いた｜行政と商工会議所を組織の内側に入れた｜駅前デッキ広場の貸出制度を作った｜道路や公園に事業者が出店できるようにした｜広場の指定管理者になった,2023,,濃い,開始年は出典から確認できず、掲載日は2017年から2023年にわたる。2017年の記事は協議会・タウンマネージャー・TCCMの三層を、2020年の報道発表は国土交通大臣表彰の審査委員長賞を扱う。豊田市のページは掲載日が2023年だが本文は更新されている。,,,4,https://machi.smrj.go.jp/machi/interview_block/170426toyota.html｜https://www.mlit.go.jp/report/press/toshi05_hh_000293.html｜https://www.mlit.go.jp/toshi/toshi_machi_mn_000005.html｜https://www.city.toyota.aichi.jp/shisei/gyoseikeikaku/toshiseibi/1057117/index.html,start_year｜elapsed_years｜funding_scale,https://machi.smrj.go.jp/machi/interview_block/i7q3ae0000000x1z-img/170426toyota01.jpg,中小企業基盤整備機構,2026-08-19,https://yusu0326.github.io/terroir-site/p/jp-0016.html
jp-0017,貨物駅の跡地に4千億円で作った街が、核店舗の連続撤退を経て30年後に民営化へ向かった,神戸ハーバーランド,日本,兵庫県,神戸市中央区,,25万超,人を呼ぶ,交通・道路・駅,1982,,継続中,混合,神戸市（総事業費約4千億円の再開発を計画）と神戸ハーバーランド株式会社（まちづくりを担う市の外郭団体）,hard,貨物駅の跡地23haを再開発した｜百貨店と商業施設を核に据えた｜撤退後にこども向け施設を誘致した｜高層マンションの建設が続いた｜三宮と結ぶ連節バスを通した,2026,44,濃い,1982年の貨物駅の廃止から、記録は2026年まで続く。神戸新聞は2022年に全面開業30年の連載で核店舗の連続撤退と回復を、2025年に商業施設の店舗入れ替えを、2026年に市が同社を民営化する方針を固めたことを報じている。,,,9,https://cir.nii.ac.jp/crid/1521980704646940544｜https://cir.nii.ac.jp/crid/1521980705323864320｜https://cir.nii.ac.jp/crid/1520573330606098944｜https://cir.nii.ac.jp/crid/1520290883771269248｜https://cir.nii.ac.jp/crid/1521136279799254272｜https://www.kobe-np.co.jp/news/kobe/202209/0015678231.shtml｜https://www.kobe-np.co.jp/news/kobe/202209/0015681764.shtml｜https://www.kobe-np.co.jp/news/economy/202507/0019239338.shtml｜https://www.kobe-np.co.jp/news/society/202606/0020510981.shtml,population_current｜funding_scale,https://www.kobe-np.co.jp/news/kobe/202209/img/b_15681765.jpg,神戸新聞,2026-08-19,https://yusu0326.github.io/terroir-site/p/jp-0017.html
jp-0018,駅前ビルを持つ第三セクターが、8億円の累損と金銭支出問題を経て核テナントを入れ替えた,三田地域振興,日本,兵庫県,三田市,104724,5万〜25万,商いを起こす,商店街・市場,,,継続中,混合,三田地域振興株式会社（三田市が株式の52.49%を出資する第三セクター）,hybrid,駅前再開発ビルを所有し運営した｜駐車場を省力化して費用を下げた｜撤退した核テナントを入れ替えた,2022,,濃い,開始年は出典から確認できず、記録は2019年から2022年にわたる。2019年の記事は累積損失の解消と金銭支出問題を、2020年の記事は核テナントの撤退を、2022年の記事は後継テナントの開業を報じている。,true,,5,https://www.kobe-np.co.jp/rentoku/bizplus/chiiki_news/201909/0012726653.shtml｜https://www.kobe-np.co.jp/news/odekake-plus/news/detail.shtml?url=news/odekake-plus/news/pickup/202012/13949524｜https://www.kobe-np.co.jp/news/sanda/202204/0015222881.shtml｜https://www.kobe-np.co.jp/news/sanda/202209/0015662071.shtml｜https://www.kobe-np.co.jp/news/sanda/202212/0015859420.shtml,start_year｜elapsed_years,https://www.kobe-np.co.jp/news/sanda/202209/img/b_15662072.jpg,神戸新聞,2026-08-19,https://yusu0326.github.io/terroir-site/p/jp-0018.html
jp-0019,大幅に縮んだ駅前再開発のあと、病院跡地2000坪に市場を建てて連鎖させた,ふらのまちづくり,日本,北海道,富良野市,,5万人未満,商いを起こす,商店街・市場,,,継続中,混合,ふらのまちづくり株式会社（富良野市・富良野商工会議所と連携）,hybrid,病院跡地に市場型の施設を建てた｜駅前に交通結節点を整備した｜中心市街地の計画を段階で認定させた｜3例目の市街地再開発を進めた,2022,,濃い,開始年は出典から確認できず、記録は2010年から2022年にわたる。2010年の2本はフラノマルシェの開業を、2011年から2013年の3本はまちづくり会社の展開過程を、2022年の記事は12年目の状況と3例目の再開発を扱っている。,,,6,https://www.city.furano.hokkaido.jp/life/docs/2015022100506.html｜https://machi.smrj.go.jp/machi/closeup/town/100521furano.html｜https://cir.nii.ac.jp/crid/1524232505326948480｜https://cir.nii.ac.jp/crid/1523106605284533760｜https://cir.nii.ac.jp/crid/1520290882171498240｜https://machi.smrj.go.jp/machi/public/example/furano_rorikumi_jirei_20220415.html,population_current｜start_year｜elapsed_years,https://machi.smrj.go.jp/machi/public/example/koaok100000004uy-img/huranomaruche1_jireiyou_image.png,中心市街地活性化協議会支援センター（中小企業基盤整備機構内）,2026-08-19,https://yusu0326.github.io/terroir-site/p/jp-0019.html
jp-0020,港の再開発を束ねるために作られた市の会社が、解散を検討される側になった,神戸ウォーターフロント開発機構,日本,兵庫県,神戸市中央区,,25万超,人を呼ぶ,自然・緑地・水辺,2021,,判定不能,行政,神戸ウォーターフロント開発機構（神戸市の外郭団体）,soft,港の再開発を束ねる会社を作った｜改修中の塔の事業者候補を発表した｜塔の階ごとに担い手を割り振った,2026,5,薄い,設立は2021年5月末で、記録は2022年から2026年にわたる。2022年の記事は設立と担う役割を、2023年の記事はポートタワーの事業者候補3社の決定を、2026年の記事は市が解散を検討していることを報じている。,true,,3,https://www.kobe-np.co.jp/news/kobe/202201/0014956183.shtml｜https://www.kobe-np.co.jp/news/kobe/202304/0016266159.shtml｜https://www.kobe-np.co.jp/news/society/202606/0020507518.shtml,population_current｜funding_scale,https://i.kobe-np.co.jp/news/society/202606/img/a_20507519.jpg,神戸新聞,2026-08-19,https://yusu0326.github.io/terroir-site/p/jp-0020.html
jp-0021,不動産会社の経営者を中心に5人で空き家の相談窓口を作り、県内全域から年約150件を受けるまでになった,ミチル空間プロジェクト,日本,和歌山県,和歌山市,349208,25万超,住む人を増やす・戻す,空き家・空き店舗・遊休不動産,2015,,継続中,民間（その他）,一般社団法人ミチル空間プロジェクト（理事長 南順子。建築士や不動産オーナーら5人で発足）,soft,空き家の無料相談窓口を開いた｜相談員をボランティアで賄う設計にした｜建物の簡易調査を挟む設計にした｜士業や解体業者へつなぐ設計にした｜市町村と連携して相談会を開いた,2026,11,濃い,立ち上げは2015年3月で、記録は2015年から2026年にわたる。2015年の記事は国の事業への採択と相談センターの開設を、2026年2月の資料は和歌山市が指定した支援法人としての位置づけを、2026年6月の記事は年間約150件の相談を扱っている。,,,4,https://www.nwn.jp/news/2015061302aki/｜https://cir.nii.ac.jp/crid/1390023461083894656｜https://www.kkr.mlit.go.jp/kensei/jutaku/ol9a8v0000035gqj-att/r7_2_5.pdf｜https://www.living-web.net/%E7%84%A1%E6%96%99%E7%9B%B8%E8%AB%87%E7%AA%93%E5%8F%A3%E3%82%92%E6%B4%BB%E7%94%A8%E3%81%97%E3%81%A6%E4%B8%8D%E8%A6%81%E3%81%AA%E7%A9%BA%E3%81%8D%E5%AE%B6%E3%82%92%E4%B8%8A%E6%89%8B%E3%81%AB%E6%89%8B/,funding_scale,https://www.nwn.jp/cms/nwn_wdp/wp-content/uploads/2015/06/2015061302akiya.jpg,ニュース和歌山,2026-08-19,https://yusu0326.github.io/terroir-site/p/jp-0021.html
jp-0022,繊維問屋街のまちづくり構想を地区内外の人が作り、町内会・協議会・協同組合が会社をつくった,錦二丁目,日本,愛知県,名古屋市,2353515,25万超,住民が決める,交通・道路・駅,2011,,継続中,混合,錦二丁目エリアマネジメント株式会社（町内会・まちづくり協議会・地域の企業で構成する協同組合が主体となって設立）,hybrid,地区のまちづくり構想を発行した｜町内会・協議会・協同組合で会社をつくった｜再開発ビルの商業床の企画を担った｜喫茶店と貸しスペースを運営した｜屋上やベランダで都市農業を続けた｜エリアプラットフォームの事務局に入った,2025,14,濃い,2011年から2025年まで出典がある。2018年に会社化、2022年に再開発施設と拠点が開き、2024年には2021年から続く都市農業プログラムが報じられている。,,,14,https://cir.nii.ac.jp/crid/1522825130114289792｜https://cir.nii.ac.jp/crid/1520009407625349760｜https://sakae.keizai.biz/headline/2773/｜https://cir.nii.ac.jp/crid/1523951030982316416｜https://sakae.keizai.biz/headline/3069/｜https://sakae.keizai.biz/headline/3216/｜https://sakae.keizai.biz/headline/3305/｜https://sakae.keizai.biz/headline/3400/｜https://sakae.keizai.biz/headline/3414/｜https://www.reallocal.jp/100331｜https://cir.nii.ac.jp/crid/1520576656672782464｜https://sakae.keizai.biz/headline/3696/｜https://www.city.nagoya.jp/shisei/keikaku/1009818/1009928/1009952/1009953/1009954/1034881/1009961.html｜https://www.city.nagoya.jp/shisei/keikaku/1009818/1009928/1009940/1009944.html,funding_scale,https://s3-ap-northeast-1.amazonaws.com/reallocalglobal/uploads/2022/08/20022537/7ban01.png,real local 名古屋,2026-08-20,https://yusu0326.github.io/terroir-site/p/jp-0022.html
jp-0023,商店街が共同で会社をつくり、駐車券の差益を活性化の原資にあてる形にした,新潟古町まちづくり,日本,新潟県,新潟市,754152,25万超,お金を地域で回す,商店街・市場,2012,,継続中,混合,新潟古町まちづくり株式会社（7つの商店街振興組合が出資）と新潟中心商店街協同組合の両輪体制,soft,商店街が共同出資で会社をつくった｜無料駐車券を磁気カードで一元化した｜差益を活動の原資にあてる形にした｜商店街共通の免税カウンターを作った｜まちの案内アプリを会費制で運営した｜市の計画が空き店舗の窓口に指名した,2022,10,薄い,協同組合の設立は平成24年6月、会社は同年10月で、出典は2018年6月から2022年3月にわたる。2018年の事例紹介は3つの事業の仕組みを、2022年の新潟市の計画は空き店舗のあっせん窓口としての位置づけを書いている。,,,6,https://machi.smrj.go.jp/machi/public/example/180606niigata_furumachi.html｜https://machi.smrj.go.jp/machi/public/example/180606niigata_furumachi01.html｜https://machi.smrj.go.jp/machi/public/example/180606niigata_furumachi02.html｜https://machi.smrj.go.jp/machi/public/example/180606niigata_furumachi03.html｜https://www.pref.niigata.lg.jp/sec/chiikishinko/1356780461098.html｜https://www.city.niigata.lg.jp/business/shoko/shokoshien/shien/shogyo2023.files/keikaku.pdf,funding_scale,https://www.pref.niigata.lg.jp/uploaded/image/48438.jpg,新潟県,2026-08-20,https://yusu0326.github.io/terroir-site/p/jp-0023.html
jp-0024,官民12者が出資した会社が空き店舗に店を入れ、105店舗が出たが1店舗あたりの売上は目標に届かなかった,大分まちなか倶楽部,日本,大分県,大分市,469139,25万超,商いを起こす,商店街・市場,2007,,継続中,混合,株式会社大分まちなか倶楽部（大分市・大分商工会議所などが出資したまちづくり会社）,soft,空き店舗にテナントを誘致した｜テナントミックス事業を進めた｜広場の仮設店舗の運営を受託した｜共同催事を担う委員会の事務局に入った｜市の出店・催事補助の相談窓口になった,2026,19,濃い,設立は平成19年5月で、出典は2013年から2026年にわたる。2017年の市の計画が新規出店105店舗と1店舗あたりの売上の未達を並べて書いており、2021年と2026年の出典では同社が広場の運営と補助の相談窓口に置かれている。,,,7,https://cir.nii.ac.jp/crid/1570572702925495040｜https://cir.nii.ac.jp/crid/1573387452649764096｜https://www.city.oita.oita.jp/o154/machizukuri/toshi/documents/20170728-4.pdf｜https://oita.keizai.biz/headline/1161/｜https://oita.keizai.biz/headline/1871/｜https://www.city.oita.oita.jp/o170/toshisaiseisuisinhoujin.html｜https://www.city.oita.oita.jp/o154/shigotosangyo/shokogyo/1455607383200.html,,https://images.keizai.biz/oita_keizai/headline/1634784181_photo.jpg,大分経済新聞,2026-08-20,https://yusu0326.github.io/terroir-site/p/jp-0024.html
jp-0025,市が中心街に無料の複合施設を建て、8年で延べ800万人が訪れた,八戸ポータルミュージアム,日本,青森県,八戸市,210609,5万〜25万,人を呼ぶ,学校・公共施設,2011,,継続中,行政,八戸市（商工労働まちづくり部 八戸ポータルミュージアム はっち）,hybrid,中心街に複合施設を建てた｜駐車場を置かない設計にした｜飲食とものづくりの挑戦の場を入れた｜子育て交流の場を同居させた｜中期の運営方針を作り継いできた,2026,15,濃い,2011年の開館から2026年まで出典がある。2017年と2019年の八戸経済新聞が延べ来館者600万人と800万人の到達を伝え、2026年の八戸市のページは2030年に向けた第4期の中期運営方針の素案がパブリックコメントにかけられたことを載せている。,,,9,https://cir.nii.ac.jp/crid/1521699230364732032｜https://cir.nii.ac.jp/crid/1524232504784209024｜https://cir.nii.ac.jp/crid/1520290884401752064｜https://cir.nii.ac.jp/crid/1521417755037026944｜https://hachinohe.keizai.biz/headline/594/｜https://hachinohe.keizai.biz/headline/1183/｜https://machi.smrj.go.jp/machi/public/example/seminar_hachinohe_jirei_20211112.html｜https://www.city.hachinohe.aomori.jp/soshikikarasagasu/hachinoheportalmuseum_hatchi/4571.html｜https://www.city.hachinohe.aomori.jp/gyoseijoho/koho_kocho/publiccomment/25114.html,funding_scale,https://images.keizai.biz/hachinohe_keizai/headline/1571301813_photo.jpg,八戸経済新聞,2026-08-20,https://yusu0326.github.io/terroir-site/p/jp-0025.html
jp-0026,合併を拒み森林に賭けた村が、移住者を起業家として迎える仕組みをつくった,西粟倉村,日本,岡山県,西粟倉村,1333,5万人未満,住む人を増やす・戻す,農林水産・食,2008,,継続中,混合,西粟倉村役場／牧大介氏が2009年に設立した株式会社西粟倉・森の学校と2015年に設立したエーゼロ株式会社。2023年に両社は合併して株式会社エーゼログループとなり、牧氏が代表取締役CEOに就任した,hybrid,単独存続を選び百年の森林構想を策定｜移住者向け起業支援スクールを開講｜地域おこし協力隊で活動費を支給｜中間支援会社が事業化を伴走｜森林事業者を協同組合に統合｜全国のローカルベンチャー協議会を結成,2026,18,濃い,2026年にDRIVEメディアが交付金事業終了後の状況を、山陽新聞が移住者の動向を報じた。地域おこし協力隊ポータルは同年、62事業が生まれたとしている。,,,7,https://www.sbbit.jp/article/cont1/35397｜https://www.projectdesign.jp/201809/local-venture/005337.php｜https://jichitai.works/articles/422｜https://drivemedia.etic.or.jp/73574/｜https://nishiawakura.jp/column/cooperation-corps-after-term/｜https://www.sanyonews.jp/article/1915468｜https://www.sanyonews.jp/article/1915808,funding_scale,https://drivemedia.etic.or.jp/wp-content/uploads/8a758e9b0d407a5c582c3a433e860101.jpg,DRIVEメディア（NPO法人ETIC.）,2026-08-30,https://yusu0326.github.io/terroir-site/p/jp-0026.html
jp-0027,国のウォーカブル推進都市になった山形市が、七日町商店街の道路空間を「ほこみち」や「粋七」で歩行者中心に変えてきた,七日町,日本,山形県,山形市,233964,5万〜25万,歩けるようにする,商店街・市場,2019,,継続中,混合,山形市（まちづくり政策部まちづくり政策課）、七日町商店街振興組合,hybrid,国のウォーカブル推進都市になった｜令和3年度から社会実験を重ねた｜国道を「ほこみち」に指定した｜ベンチとデッキを歩道に設けた｜「粋七」で御殿堰沿いを再編中｜大沼跡地の再開発も別途動く,2026,7,濃い,2019年に事業検討が始まり、2023年にほこみち指定、2026年も粋七の専用サイト開設や地球の歩き方の記事があり継続が確認できる。,,true,8,https://www.city.yamagata-yamagata.lg.jp/shiseijoho/machizukuri/1007090/1007440.html｜https://www.city.yamagata-yamagata.lg.jp/shiseijoho/machizukuri/1007090/1010691.html｜https://ikinana.com/overview｜https://www.furusato-yamagata.jp/?p=881｜https://nanokamachi.com/cat_event/%E3%80%8C%E3%81%BB%E3%81%93%E3%81%BF%E3%81%A1%E3%80%8D%E3%81%8C%E3%82%B9%E3%82%BF%E3%83%BC%E3%83%88%E3%81%97%E3%81%BE%E3%81%97%E3%81%9F/｜https://hi-yamagata-deshita.com/events/event/%E3%81%BB%E3%81%93%E3%81%BF%E3%81%A1%EF%BD%9E%E6%AD%A9%E8%A1%8C%E8%80%85%E5%88%A9%E4%BE%BF%E5%A2%97%E9%80%B2%E9%81%93%E8%B7%AF%EF%BD%9E%E3%81%8C%E5%A7%8B%E3%81%BE%E3%82%8A%E3%81%BE%E3%81%97%E3%81%9F/｜https://www.arukikata.co.jp/tokuhain/371300/｜https://www.arukikata.co.jp/tokuhain/385238/,funding_scale,https://www.arukikata.co.jp/wp-content/uploads/LINE_ALBUM_%E5%9C%B0%E7%90%83%E3%81%AE%E6%AD%A9%E3%81%8D%E6%96%B9_260628_11_2026_0629_2032.jpeg,地球の歩き方（特派員ブログ）,2026-08-30,https://yusu0326.github.io/terroir-site/p/jp-0027.html
jp-0028,空き家の古民家4棟を、フロント一つの分散型ホテルに仕立てた,篠山城下町ホテルNIPPONIA,日本,兵庫県,丹波篠山市,38734,5万人未満,人を呼ぶ,空き家・空き店舗・遊休不動産,2015,,継続中,混合,一般社団法人ノオト／株式会社NOTE（代表取締役 藤原岳史）,hybrid,空き家の古民家4棟を客室棟に改修した｜フロントを1棟に集約する特例を特区で取った｜補助金に頼らず調達したと運営元が述べている｜城下町全体をひとつの宿に見立てた｜地元の飲食店・商店と提携し滞在客を回遊させた｜旅館業法改正につながったと運営元が言う,2025,10,濃い,2024年に日本政策投資銀行と日本経済研究所が全国44施設の分散型宿泊施設の一覧にこの施設を含め、2025年にNOTEは客室棟が開業時の4棟11室から7棟19室に増えたと発表した。,,true,4,https://colocal.jp/topics/lifestyle/renovation/20150924_54003.html｜https://www.reallocal.jp/15207｜https://www.dbj.jp/upload/investigate/docs/62fe1e8cb271e4f9e90061d2aaabb841.pdf｜https://team.nipponia.or.jp/news_release/3567/,funding_scale,https://s3-ap-northeast-1.amazonaws.com/reallocalglobal/uploads/2016/03/001.jpg,real local,2026-08-30,https://yusu0326.github.io/terroir-site/p/jp-0028.html
jp-0029,津波で全壊した駅を内陸の高台に再建し、駅前に住宅・商業・公共施設を集約して住民の帰還を図った,女川駅,日本,宮城県,牡鹿郡女川町,5656,5万人未満,住む人を増やす・戻す,交通・道路・駅,2015,,継続中,混合,女川町（事業主体）／独立行政法人都市再生機構 宮城震災復興支援本部（事業実施の総合調整）／女川みらい創造株式会社（第三セクター、商業施設事業主体）／NPO法人アスヘノキボウ（創業・移住支援、代表理事：小松洋介）,hybrid,駅を内陸の高台へ移設・かさ上げ｜駅前広場からレンガみちを海へ延伸｜町有地を貸し商業施設を集約整備｜第三セクターが商業エリアを運営｜NPOが移住・創業の相談窓口を運営｜高台の宅地造成と住宅再建が進む,2022,7,濃い,開始（2015年）から3年以上あとの出典が3本ある。2019年に土木学会デザイン賞、2020年と2022年に内閣府広報誌が女川駅を取り上げている。,,,5,https://casabrutus.com/architecture/6977｜https://suumo.jp/journal/2016/09/23/118299/｜https://design-prize.sakura.ne.jp/archives/result/1205｜https://www.gov-online.go.jp/eng/publicity/book/hlj/html/202005/202005_02_jp.html｜https://www.gov-online.go.jp/eng/publicity/book/hlj/html/202202/202202_03_jp.html,個々の店舗・事業所の再建費用、アスヘノキボウの運営費、災害公営住宅の整備費（今回集めた出典に金額表記が無い）｜駅前整備・NPO運営それぞれの財源の内訳（国費・県費・町費・民間資金の比率）,https://suumo.jp/journal/wp/wp-content/uploads/2016/09/118299_main.jpg,SUUMOジャーナル（リクルート）,2026-08-30,https://yusu0326.github.io/terroir-site/p/jp-0029.html
jp-0030,組合が道路使用許可をまとめて申請する形にして、港そばの公道での朝市を毎日続けている,呼子朝市,日本,佐賀県,唐津市,111498,5万〜25万,歩けるようにする,農林水産・食,1998,,継続中,混合,呼子朝市組合（事務局はNPO法人SCRUM呼子が運営）／唐津市（新規出店者育成の「朝市学校」を実施）,hybrid,露店商を組合の登録制にした｜組合が道路使用許可を一括申請｜出店区画を配置図で固定した｜朝市通り駐車場を商工会が整備｜新規出店者を朝市学校で育成｜マルシェで新しい業態を誘致,2018,20,濃い,1998年発足の組合は2002年に174人でピークとなった後に減り、2015年度は99人。2018年には新規出店者育成と「呼子マルシェ」開催で客層拡大を図った。,,,3,http://jags.ne.jp/wp/wp-content/uploads/g2015_8-2-6.pdf｜https://kankou-redesign.jp/pov/7431/｜https://cir.nii.ac.jp/crid/1050861936168872704,funding_scale（駐車場整備や朝市通りの公共インフラ整備にかかった事業費は、今回の出典に金額表記が無い）｜朝市通りの長さ（出典に道路長の記述が無い。図1にある「200m」は地図の縮尺バーである）,https://kankou-redesign.jp/wp/wp-content/uploads/2018/07/964d649bc7a7bc8f521993a98223da4b-3.jpg,観光Re:デザイン（株式会社ジェイクリエイト）,2026-08-30,https://yusu0326.github.io/terroir-site/p/jp-0030.html
jp-0031,アーティスト滞在事業を起点に、職種を逆指名して移住者を選ぶ町にした,グリーンバレー,日本,徳島県,神山町,4548,5万人未満,住む人を増やす・戻す,文化・アート・祭り,1999,,継続中,NPO,特定非営利活動法人グリーンバレー（2013年時点の理事長は大南信也。2024年の出典2本はいずれも大南を「前理事長」と呼んでおり、現在の理事長名は今回の出典から確認できない）,hybrid,毎年アーティストを招く滞在制度を始めた｜空き店舗を改修し移住者に貸した｜招きたい職種を町側から逆指名した｜移住交流支援センターを町から受託した｜ITベンチャーのサテライト誘致を進めた,2024,25,濃い,1999年のKAIR開始から2024年まで出典がある。2024年の月刊不動産とLumiarchはいずれも創設から25年後の到達点として、15年間で150世帯255人が移住した数字や、企業16社の集積を伝えている。,,,5,https://www.zck.or.jp/site/forum/1263.html｜https://soken.xymax.co.jp/hatarakikataoffice/viewpoint/column013.html｜https://wirelesswire.jp/2019/10/72412/｜https://magazine.zennichi.or.jp/town/17659｜https://lumiarch.ntt-east.co.jp/articles/2412_kamiyamacho/,funding_scale,https://lumiarch.ntt-east.co.jp/assets/uploads/2024/10/thumb_kamiyamacho.jpg,Lumiarch（NTT東日本）,2026-08-30,https://yusu0326.github.io/terroir-site/p/jp-0031.html
jp-0032,高齢化率5割を超えた集落の老朽町営住宅を、木質バイオマス熱供給つきの集住化住宅に建て替えた,一の橋バイオビレッジ,日本,北海道,上川郡下川町,2732,5万人未満,住む人を増やす・戻す,エネルギー・資源循環,2013,,継続中,行政,下川町（産業振興課ほか）。運営には町が受け入れる地域おこし協力隊・NPO法人地域おこし協力隊が加わる,hybrid,老朽町営住宅を集住化住宅に建替｜木質バイオマスボイラー2基で地域熱供給｜余熱でシイタケ菌床栽培・雇用創出｜地域おこし協力隊が生活支援を担当｜灯油販売業者を燃料供給組合に編入,2023,10,濃い,2023年3月時点で、10年以上が経っても人口はほぼ変わらず、高齢化率は低下したとCircular Economy Hubは伝えている。,,,4,https://colocal.jp/odekake/60403.html｜https://greenz.jp/2017/03/03/shimokawa/｜https://cehub.jp/interview/shimokawa-circular-city/｜https://www.town.shimokawa.hokkaido.jp/section/2022/11/post-94.html,funding_scale,https://libs.colocal.jp/wp-content/uploads/2015/12/ode-dohoku-ichinohashi-main.jpg,colocal（コロカル、マガジンハウス）,2026-08-30,https://yusu0326.github.io/terroir-site/p/jp-0032.html
jp-0033,震災で流出しかけた郷土史料を住民有志がデジタル化し、冊子や写真展で地域に返している,石巻アーカイブ,日本,宮城県,石巻市,128689,5万〜25万,誇りをつくる,デジタル・情報発信,2016,,継続中,NPO,特定非営利活動法人石巻アーカイブ（代表理事 小野寺豊）,soft,私蔵の古写真・古地図をデジタル化｜撮影者・撮影地・年代を記録｜生データは非公開のまま冊子で還元｜住民参加で地区ごとの郷土史をまとめた｜街なかで写真パネル展を開いた,2026,10,濃い,開始から6年後の2022年に地域安全学会論文集が活動の意味を分析し、2026年（2025年度分）まで内閣府のNPO法人ポータルサイトに事業報告書の提出記録がある。,,true,7,https://www.jstage.jst.go.jp/article/jisss/40/0/40_61/_pdf/-char/en｜https://www.npo-homepage.go.jp/npoportal/detail/004000918｜https://ishinomaki-archives.com/activity/｜https://ishinomaki-archives.com/activity02/miyagi1951/｜https://ishinomaki-archives.com/machinaka/｜https://ishinomaki-archives.com/｜https://ishinomaki-archives.com/reborn_1951/,,,,2026-08-30,https://yusu0326.github.io/terroir-site/p/jp-0033.html
jp-0034,線路跡地に家賃を抑えた個人商店の街を連ねた,下北線路街,日本,東京都,世田谷区,929272,25万超,商いを起こす,交通・道路・駅,2020,,継続中,デベロッパー・鉄道事業者,小田急電鉄（開発）／株式会社散歩社（BONUS TRACKの運営。greenz.jp共同創業者の小野裕之氏とB&B経営者の内沼晋太郎氏が設立）,hybrid,店舗兼住宅棟BONUS TRACKを新設｜個店24区画のreloadを新設｜BONUS TRACKは家賃を3割抑えた｜同施設は20年定借マスターリース｜BONUS TRACKは開発部門が運営も担った｜住民と200回超の対話を重ねた,2024,4,薄い,開始から3年以上あとの出典は2024年5月の公共R不動産の取材記事1本のみで、運営会社が仕組みを説明する内容にとどまる。,,,4,https://greenz.jp/2020/09/02/bonus_track_shimokitazawa/｜https://www.watch.impress.co.jp/docs/news/1325009.html｜https://www.zaikai.jp/articles/detail/1709｜https://www.realpublicestate.jp/post/bonus-track_1/,,https://images.zaikai.jp/articles/1000/1709/478x850/9b50688cc507f7ebd26b71a78b16f796.jpg,財界オンライン,2026-08-30,https://yusu0326.github.io/terroir-site/p/jp-0034.html
jp-0035,建築士ら4人が10万円ずつ出資してつくった会社が、補助金を使わず空き店舗を借金で改修し、稼いだ分をまちに再投資した,北九州家守舎,日本,福岡県,北九州市,904289,25万超,お金を地域で回す,空き家・空き店舗・遊休不動産,2012,,継続中,民間（その他）,北九州家守舎（嶋田洋平氏ら4人のパートナーが少額出資して設立した株式会社）,hybrid,パートナー4人が少額出資して設立した｜補助金を使わず借金で改修費を賄った｜家賃を下げ若手事業者を先に集めた｜稼いだ利益をまちに再投資する方針にした｜リノベーションスクールの実現をフォローした,2015,3,濃い,2015年5月時点で嶋田氏は小倉で17件が実現し380人以上の雇用を生んだと述べ、同年3月には学術誌が同社を遊休不動産活用の社会企業の事例として分析した。,,,5,https://shigoto100.com/2013/08/yamorisha.html｜https://suumo.jp/journal/2014/09/30/70186/｜https://greenz.jp/2014/11/04/renovationschool_shimada/｜https://colocal.jp/topics/think-japan/innovators-intaview/20150514_47808.html｜https://cir.nii.ac.jp/crid/1390848647548644096,,https://suumo.jp/journal/wp/wp-content/uploads/2014/09/70186_main.jpg,SUUMOジャーナル（リクルート）,2026-08-30,https://yusu0326.github.io/terroir-site/p/jp-0035.html
jp-0036,移住希望者と地域をスカウト形式でつなぐデジタルマッチング「SMOUT」を、IT企業カヤックが2018年に始めた,SMOUT,日本,全国,特定の自治体に紐づかない全国向けサービス（本文中の利用例：長野県伊那市）,,不明,住む人を増やす・戻す,デジタル・情報発信,2018,,継続中,民間（その他）,面白法人カヤックの子会社カヤックLiving（運営：面白法人カヤック）,soft,興味・スキル登録でスカウトを待つ会員制｜自治体・企業が案件を継続的に掲載｜2024年5月に月額制へ移行と発表｜導入直後の電話オンボーディング支援｜伊那市は体験企画中心に継続発信,2024,6,濃い,2018年6月に始まり、2021年に利用者が前年比2.3倍に増えたと運営元は振り返る。2024年5月に無料プランを廃止し有料化すると1月に発表、同年11月時点で伊那市が利用実績3年連続1位。,,,4,https://www.itmedia.co.jp/news/articles/1806/06/news085.html｜https://ina-dani.net/topics/detail/?id=63304｜https://ina.keizai.biz/headline/166/｜https://lab.smout.jp/news/plan-revisions-20240116,population_current｜population_scale,https://images.keizai.biz/ina_keizai/headline/1730459112_photo.jpg,伊那経済新聞（みんなの経済新聞ネットワーク）,2026-08-30,https://yusu0326.github.io/terroir-site/p/jp-0036.html
jp-0037,廃止された路線バスを、住民が自らNPOを作って引き継ぎ、沿線企業の協賛金で走らせ続けている,生活バスよっかいち,日本,三重県,四日市市（羽津・大矢知・垂坂・大谷台の各地区）,305068,25万超,お金を地域で回す,交通・道路・駅,2003,,継続中,住民組織,西脇良孝氏（富士電機を退職後、四日市市羽津いかるが町の自治会長などを務めた。廃線直前の役職を副会長とする出典もある）が中心となり、地区住民がつくったNPO法人「生活バス四日市」。運行そのものは三重交通に委託し、沿線企業の協賛と四日市市の補助を得ている,soft,住民自らNPO法人を設立｜沿線企業の協賛金で運行費を支える｜バス停名を協賛企業名にして返礼｜住民の要望で路線を延伸｜定期券をNPO代表が自作｜児童の車体お絵描きで若い世代にPR,2026,23,濃い,2003年4月に有料運行を始め、2010年に大谷台まで延伸、2023年3月に20年、2024年1月に20周年記念講演会があった。2026年時点で運賃は150円、利用者は1日40〜50人程度で推移している。,,,6,http://www.ashita.or.jp/publish/mm/mm98/mm98-2-1.htm｜https://www.city.yokkaichi.lg.jp/www/contents/1681290535806/index.html｜https://www.you-yokkaichi.com/2024/01/20/30288/｜https://www.you-yokkaichi.com/2026/02/23/45306/｜https://community.cty-cns.jp/hokusei-topics/topics-6401/｜https://www.city.yokkaichi.mie.jp/yokkaichikougai-kankyoumiraikan/wp/wp-content/uploads/2026/04/r7seikatubus.pdf,,https://www.you-yokkaichi.com/wp-content/uploads/2026/02/DSC_7296.jpg,YOUよっかいち,2026-08-30,https://yusu0326.github.io/terroir-site/p/jp-0037.html
jp-0038,車いすで通れる道と施設をユーザー投稿で地図化するアプリ「WheeLog!」を、当事者の織田友理子氏が2017年に始めた,WheeLog!,日本,全国,特定の自治体に紐づかない全国向けサービス（本文中の利用例：吉祥寺での街歩きイベント）,,不明,歩けるようにする,デジタル・情報発信,2017,,継続中,NPO,一般社団法人WheeLog（代表理事：織田友理子）,soft,車いすの走行ルートをGPSで記録｜施設のバリアフリー情報をスポット投稿｜全国各地で街歩きイベントを開催｜「つぶやき」でユーザー同士が交流｜寄付で支えられる無料提供モデル,2025,8,濃い,2017年にアプリをリリースし、2019年に総務省ICT地域活性化大賞優秀賞、2021年に国交省バリアフリー化推進功労者大臣表彰の受賞が決定した。 2024年末時点で総ユーザー数10万人・スポット情報約6万件に達したと歩行空間DX研究会の記事が伝えている。,,,6,https://ascii.jp/elem/000/004/091/4091889/｜https://www.walkingspacedx.go.jp/post-1281/｜https://chizaizukan.com/property/367/｜https://nponews.jp/article/wheelog/｜https://response.jp/article/2021/03/14/343932.html｜https://www.soumu.go.jp/menu_news/s-news/01ryutsu06_02000206.html,population_current｜population_scale｜funding_scale,https://nponews.jp/wp-content/uploads/f2a69cf0e589964fbda17bb69c2668b1-e1607582273285.jpg,NPONews,2026-09-01,https://yusu0326.github.io/terroir-site/p/jp-0038.html
ke-0001,植民地期の公共図書館を、所有を市郡に残したまま民間が直して運営した,Book Bunk,ケニア,ナイロビ市郡,ナイロビ（イーストランズ／カロレニ／マクミラン記念図書館）,,不明,誇りをつくる,学校・公共施設,2018,,継続中,混合,Book Bunk Trust（2017年に出版者アンジェラ・ワチュカ氏と作家ワンジル・コイナンゲ氏が設立）。建物はナイロビ市郡が所有し、中核の図書館職員も市郡が出す,hybrid,建物は市郡の所有のまま残した｜改修と資金集めを民間が担う｜音楽と踊りの教室を入れた｜利用者や志願者を職員にした｜催しの支出を地元の業者に回す,2026,8,濃い,2017年に設立され、2018年にナイロビ市郡と組んで図書館の改修を始めた。2026年3月の時点でイーストランズとカロレニの2館が終わり、1931年開館のマクミラン記念図書館の工事が続いている。,,,4,https://www.paukwa.or.ke/story-series/kelibraries/mcmillan-memorial-library-and-the-book-bunk/｜https://gulfnews.com/uae/sharjah-to-help-restore-historic-library-in-nairobi-1.68514835｜https://hapakenya.com/2025/11/20/how-book-bunk-is-reimagining-kenyas-libraries/｜https://www.wri.org/insights/reviving-nairobis-libraries-builds-healthier-communities,population_scale｜population_current,https://files.wri.org/d8/s3fs-public/styles/1222x722/s3/2026-03/nairobi-mcmillan-library_0.jpg?VersionId=Tsny9GieK2DKsEbvGLLt7oGOSnrzBcSF&h=8aa5fa2d&itok=jJquxThq,World Resources Institute,2026-08-19,https://yusu0326.github.io/terroir-site/p/ke-0001.html
ke-0002,現金が乏しいスラム街で住民が紙の代用通貨を刷り、のちにブロックチェーンでデジタル化した,Bangla-Pesa,ケニア,モンバサ郡,モンバサ市（バングラデシュ地区）,1208333,25万超,お金を地域で回す,デジタル・情報発信,2013,,判定不能,混合,始めたのはモンバサに住む米国人経済学者ウィル・ラディック氏（Will Ruddick）で、The World（PRX、2013年11月13日）によれば、地元の商人たちと共に企画し、トマトやキャベツを売るエマ・オニャンゴ氏ら100人以上の商店主が加わった。Brookings（2013年7月17日）によれば、参加者は「バンガラ・ビジネス・ネットワーク」に登録した。2018年の時点でラディック氏は非営利団体Grassroots Economicsの創設者であり、Bancorの「Director of Community Currencies」を務めていたとDecrypt（2018年8月29日）は書いている。デジタル・トークン化を担ったのはGrassroots Economicsで、イーサリアム基盤のBancor Protocolを使ったと同記事は伝えている。,soft,現金の代わりに使う紙の代用通貨を刷った｜加盟した商店に均等に配った｜地区の外の店では使えない仕組みにした｜のちにブロックチェーンでデジタル化した｜スマホを持たない住民へSMS対応を計画した,2018,5,薄い,2013年11月に紙の代用通貨として再開し、2018年8月にブロックチェーン上のデジタル・トークンとして刷新されたとDecryptが報じている。それ以降の続報は確認できていない。,,,5,https://theworld.org/stories/2013/11/13/when-you-dont-have-cash｜https://www.brookings.edu/articles/bangla-pesa-slum-currency-and-implications-for-the-poor-in-developing-countries/｜https://decrypt.co/2472/decentralizing-africa｜https://www.standardmedia.co.ke/coast/article/2000085013/mombasa-in-spotlight-over-currency-that-improves-lives｜https://www.standardmedia.co.ke/article/2000104244/bangla-pesa-makes-huge-comeback-after-court-battle,,,,2026-09-03,https://yusu0326.github.io/terroir-site/p/ke-0002.html
kh-0001,トンレサップの水上漁村が、密漁監視のかたわら宿泊と渡し船を観光客に提供し始めた,Phat Sanday,カンボジア,コンポントム州,カンポンスヴァーイ郡,90271,5万〜25万,人を呼ぶ,農林水産・食,2019,,継続中,混合,Phat Sanday コミューンの住民パトロール隊・エコツーリズム小委員会と、カンボジア観光省・コンポントム州政府,hybrid,密漁監視パトロール隊を組織した｜宿泊・渡し船を提供した｜燻製・干し魚を観光客に販売した｜漁業から養殖・野菜栽培への転換を計画した｜政府がコミュニティ施設を新設した,2026,7,濃い,2019年の設立以降、2022・2024・2026年と報道が続き、2026年には養殖・観光への生業転換計画が報じられている。,true,,5,https://www.khmertimeskh.com/50938052/new-community-proposed-to-protect-stung-sen-ramsar-site/｜https://www.khmertimeskh.com/501051709/two-mous-to-promote-ecotourism-in-cambodia-signed/｜https://www.khmertimeskh.com/501565671/kampong-thom-governor-calls-on-fishermen-to-prevent-illegal-fishing-promote-tourism/｜https://www.khmertimeskh.com/501612886/ecotourism-community-on-tonle-sap-lake-a-must-visit-destination/｜https://www.khmertimeskh.com/501847942/fish-farming-tourism-seen-as-new-economic-lifeline-for-kampong-thom/,funding_scale,,,2026-09-03,https://yusu0326.github.io/terroir-site/p/kh-0001.html
kr-0001,住民が自分で決める地域活動を市が10年支えたのち、条例ごと廃止した,서울시 마을공동체,韓国,ソウル特別市,ソウル特別市（25の自治区すべて）,,25万超,住民が決める,住まいと暮らし（住宅・医療・福祉・子育て）,2012,2022,終了,行政,ソウル特別市。中間支援組織として서울시마을공동체종합지원센터（総合支援センター）を置き、民間に委託して運営した,soft,センターの運営を民間に委託する｜住民が自分で計画を立てて出す｜中間支援のセンターを区ごとに置く｜活動する人を育てる講座を開く｜共同保育や路地の手入れを行なう,2023,11,濃い,2012年に条例ができ、10年間で25の自治区に1万件あまりの活動と延べ13万人の参加があった。2022年12月に条例が廃止され、2023年には支援センター25か所のうち16か所が閉じ、一部の区だけが区の予算で続けている。,,,6,https://www.ohmynews.com/NWS_Web/View/at_pg.aspx?CNTN_CD=A0001764992｜http://www.ohmynews.com/NWS_Web/View/at_pg.aspx?CNTN_CD=A0002411847｜https://www.ohmynews.com/NWS_Web/View/at_pg.aspx?CNTN_CD=A0002888106｜https://futurechosun.com/archives/71158｜https://www.labortoday.co.kr/news/articleView.html?idxno=212615｜https://futurechosun.com/archives/72272,population_current,https://futurechosun.com/wp-content/uploads/2023/02/230201-0002-1.jpg,더나은미래,2026-08-19,https://yusu0326.github.io/terroir-site/p/kr-0001.html
kr-0002,日曜だけの車両禁止を14年かけて平日にも広げたら、27年後には古書店や画廊が土産物店に置き換わっていた,인사동길,韓国,ソウル特別市,ソウル特別市 鍾路区（仁寺洞길一帯）,135919,5万〜25万,歩けるようにする,文化・アート・祭り,1997,,継続中,行政,鍾路区（종로구）。정책브리핑（2013年6月27日）は、仁寺洞文化地区の伝統文化の保存・継承と営業権の保障を目的に、鍾路区が2011年11月から仁寺洞길の一部区間で車両通行禁止を実施していると書いている。同記事はソウル市の担当者が、車両通行禁止の目標は歩行者中心にとどまらず、ソウルの文化の中心となる空間にすることだという趣旨で述べたと伝えている。1997年の日曜禁止と2003年の週末拡大については、参照した出典のいずれにも実施主体の記載がない,soft,日曜だけ車両禁止にした（1997）｜週末禁止に広げた（2003）｜平日の昼にも広げた（2011）｜業種を絞る文化地区に指定した（2002）｜画廊等の搬入車は許可制にした,2024,27,濃い,1997年の日曜車両禁止から2011年に平日にも広がった規制は、2024年4月の建築専門紙の寄稿で、伝統的な店舗が土産物店等に置き換わったと報じられている。,,,4,https://www.news1.kr/local/seoul/441084｜https://www.korea.kr/briefing/policyBriefingView.do?newsId=148759260｜https://mediahub.seoul.go.kr/archives/2009280｜https://kiramonthly.com/1914,funding_scale,https://mediahub.seoul.go.kr/uploads/mediahub/2023/10/qhVzIzZJplcpynQYWyZWXkQDBsxiQoHL.png?ver=1.0,내 손안에 서울（ソウル市、市民記者制度）,2026-08-30,https://yusu0326.github.io/terroir-site/p/kr-0002.html
kr-0003,全国に散らばる公共施設の空き時間を1つのオンライン窓口にまとめ、後にネイバー地図・KakaoTalkからも予約できるようにした,공유누리,韓国,全国（韓国全土）,全国の地方自治体・公共機関（記事に出る例：大田広域市）,,不明,空間をひらく,デジタル・情報発信,2020,,継続中,行政,行政安全部（행정안전부）と調達庁（조달청）が共同で開いた。実際の資源登録は全国の地方自治体・公共機関が個別に行う,soft,全国の公共施設を1つの窓口に集約｜オンラインで検索・予約・決済ができる｜ネイバー地図・KakaoTalkで予約｜自治体ごとに登録件数を増やし続ける｜利用マニュアルと相談窓口を用意,2025,5,薄い,開始は2020年3月。2022年10月に大田広域市の登録拡大、2025年4月にネイバー地図・KakaoTalkとの連携が報じられている。,,,3,https://www.thepublic.kr/news/articleView.html?idxno=18311｜https://www.goodmorningcc.com/news/articleView.html?idxno=278627｜https://www.eachj.co.kr/news/articleView.html?idxno=12987,population_current｜population_scale｜funding_scale,,,2026-08-30,https://yusu0326.github.io/terroir-site/p/kr-0003.html
kr-0004,国の公募で選ばれた統合観光アプリを2023年に売り出し、3年で会員が11万人を超えた,경주로ON,韓国,慶尚北道,慶州市,244055,5万〜25万,人を呼ぶ,デジタル・情報発信,2022,,継続中,混合,文化体育観光部と韓国観光公社が全国の自治体を対象に公募する「스마트관광도시 조성사업」に慶州市が選ばれ、2022年6月16日に慶州市・慶尚北道・韓国観光公社の3者が業務協約を結んで着手した（プレシアン2022年6月17日）。アプリ開発には統合観光アプリ開発企業の役員が関わったとTBCは2023年9月13日に伝えているが、社名・企業名は出典に書かれていない。2026年2月時点で会員向けの販促行事を運営しているのは（재）경주스마트미디어센터（慶州スマートメディアセンター）である（대경일보2026年2月12日）,hybrid,統合観光アプリを開発する｜AR技術で店舗や史跡を案内｜多言語音声ガイドを提供｜交通・宿泊・体験の予約を一元化｜生活文化センターを旅行者ラウンジに｜マスコットと景品で会員数を伸ばす,2026,4,濃い,2022年に始まった「경주로ON」は、2025年5月に会員が10万人に迫り、2026年2月時点で11万6千人に達したと地元紙は伝えている。,,,4,https://www.pressian.com/pages/articles/2022061616364185156｜https://www.tbc.co.kr/news/view?c1=8news&c2=&pno=20230913153456AE04087&id=181262｜https://www.imaeil.com/page/view/2025052715325197953｜https://www.dkilbo.com/news/articleView.html?idxno=533996,,,,2026-08-30,https://yusu0326.github.io/terroir-site/p/kr-0004.html
kr-0005,共同保育から広がった住民組織が、出資と授業料だけで回る代案学校を2004年に開き、村の通貨も使えるようにした,성미산학교,韓国,ソウル特別市,ソウル特別市 麻浦区（성미산마을一帯・城山洞ほか）,356154,25万超,お金を地域で回す,学校・公共施設,2004,,継続中,住民組織,성미산학교 설립추진위원회（学校設立推進委員会、委員長 김상복）。母体は共同育児協同組合の保護者たちと2001年設立の마포두레생협（麻浦ドゥレ生協）の組合員,soft,出資金を集め共同保育の保育園を開いた｜その保護者らが学校設立推進会を作った｜定員の15%を無償の枠にあてた｜寄付品の半額を村の通貨で払い戻す｜学校の売店でも村の通貨を使えるようにした｜国の補助なしに授業料だけで運営した,2018,14,濃い,2018年の記事は、開校から14年後も政府補助を受けず授業料のみで運営され、学費負担が続いていると伝えている。,,,3,https://www.pressian.com/pages/articles/26253｜https://inews.ewha.ac.kr/news/articleView.html?idxno=16521｜https://www.domin.co.kr/news/articleView.html?idxno=1218368,construction_cost｜total_students_current,https://www.domin.co.kr/news/photo/201811/1218368_340905_4441.jpg,全北道民日報（전북도민일보）,2026-08-30,https://yusu0326.github.io/terroir-site/p/kr-0005.html
kr-0006,統廃合で空いた中学校を、認知症ケアの相談拠点と介護施設に変えた,알프스하동치매요양원,韓国,慶尚南道,慶尚南道 河東郡（横川面）,39539,5万人未満,空間をひらく,住まいと暮らし（住宅・医療・福祉・子育て）,2018,,継続中,行政,河東郡（郡庁）。事業を担った具体的な社会福祉法人・委託運営先の名称は、参照した4本の出典のいずれにも記されていない,hybrid,廃校の一部を相談拠点に改修｜旧校舎を壊し介護施設を新築｜通所と入所の機能を併設｜看護強化の試行事業に参加,2025,7,濃い,2018年開設の相談拠点から2025年の看護体制強化事業選定まで、河東郡による段階的な整備が複数年にわたり報じられている。,,,4,https://www.hadongnews.co.kr/news/articleView.html?idxno=8331｜https://www.dementianews.co.kr/news/articleView.html?idxno=5744｜https://www.100ssd.co.kr/news/articleView.html?idxno=104035｜https://www.idomin.com/news/articleView.html?idxno=939184,,https://cdn.idomin.com/news/photo/202506/939184_642109_1330.jpg,경남도민일보,2026-08-30,https://yusu0326.github.io/terroir-site/p/kr-0006.html
kr-0007,郡が漢方をテーマにした博物館・宿泊施設群をつくり、開業から15年で年84万人が訪れる観光地に育てた,동의보감촌,韓国,慶尚南道,山淸郡（산청군）,34103,5万人未満,人を呼ぶ,住まいと暮らし（住宅・医療・福祉・子育て）,2010,,継続中,行政,山淸郡（한방항노화실〔漢方抗老化室〕・한방약초힐링산업육성사업단〔漢方薬草ヒーリング産業育成事業団〕）,hybrid,漢方博物館とテーマ公園を建てた｜宿泊施設を複数種類そろえた｜世界伝統医薬エクスポを誘致した｜団体向け宿泊プログラムを運営する｜毎年、漢方薬草祭りを開く｜つり橋など新名所を増やし続けた,2025,15,濃い,慶南新聞（2017年）が2013〜2017年の来訪者数の推移を、慶南道民日報（2025年）が2024年に84万6千人が訪れ韓国観光100選に選ばれたと伝えている。,,,6,https://www.dailypharm.com/user/news/306371｜http://www.knnews.co.kr/news/articleView.php?idxno=1085191｜https://www.gynet.co.kr/news/articleView.html?idxno=33104｜http://www.knnews.co.kr/news/articleView.php?idxno=1217815｜http://www.knnews.co.kr/news/articleView.php?idxno=1373969｜https://www.idomin.com/news/articleView.html?idxno=929841,actual_total_cost（2000年時点の計画額は出典にあるが、実際に投じられた総額を報じた出典は見つからなかった）,https://cdn.idomin.com/news/photo/202502/929841_631973_3456.jpg,慶南道民日報（경남도민일보）,2026-08-30,https://yusu0326.github.io/terroir-site/p/kr-0007.html
kr-0008,廃校した小学校を、まちの起業を支える5つの中間支援組織の拠点に変えた,완주군 지역경제순환센터,韓国,全羅北道,完州郡（완주군）高山面（고산면）,,5万〜25万,商いを起こす,学校・公共施設,2010,,継続中,行政,完州郡（전라북도）。2008年3月に希望製作所（희망제작소、ソウルの民間シンクタンク）とMOUを結んで地域共同体づくりに着手し、コミュニティビジネス育成条例を制定した（出典内で制定日の表記が2009年6月と2009年12月30日に分かれる。詳細は本文参照）。開所時の郡守は임정엽氏,hybrid,廃校小学校を改修して拠点に転用｜中間支援組織5つを1棟に集約｜村の起業を支える組織を常設｜地元産直売所の運営組織を設置｜都市農村交流の窓口を設置,2026,16,濃い,2010年開所の施設は、2014年の論文でCB政策の形成要因が分析され、2026年には「완주군 미래행복센터」として国の改修事業に選ばれたと報じられた。,,,3,http://www.domin.co.kr/news/articleView.html?idxno=777497｜https://www.kci.go.kr/kciportal/landing/article.kci?arti_id=ART001912883｜https://www.ajunews.com/view/20260610115916481,population_current,,,2026-09-01,https://yusu0326.github.io/terroir-site/p/kr-0008.html
kr-0009,2018年から2年かけて地域史のデジタルアーカイブ化を始め、住民の記録団と大学の参加を得て8年育て、2026年に国の表彰を受けた,성북마을아카이브,韓国,ソウル特別市,ソウル特別市城北区（성북구）,421106,25万超,誇りをつくる,デジタル・情報発信,2018,,継続中,混合,성북구（区長は2020・2026年のいずれの出典でも이승로氏）と、区立の文化施設「성북문화원」（院長は2020年の出典で조태권氏、2026年の出典では김영일氏）が共同で始めた。2019年からは住民が結成した「주민기록단（住民記録団）」、2022年からは한성대（漢城大学）芸術学部が加わった,soft,住民の記録団が地域資料を発掘｜聞き取り映像を누리집で公開｜再開発現場の写真を継続撮影｜文学作品の舞台を地図で紹介｜民間記録物の収集条例を制定｜大学芸術学部と毎年合同展示,2026,8,濃い,2018年に始まった事業は2020年にウェブサイトを公開し、2022年から大学の学生展示が毎年続き、2026年に国務総理表彰を受けて記録物は約1万8千件に増えた。,,,3,https://www.asiae.co.kr/article/2020012906563503565｜https://www.veritas-a.com/news/articleView.html?idxno=611520｜https://biz.heraldcorp.com/article/10771260,funding_scale,,,2026-09-01,https://yusu0326.github.io/terroir-site/p/kr-0009.html
kr-0010,大株主だった郡・農協の出資金を返し、農民が1人1票で経営を決める協同組合に転換した,완주로컬푸드협동조합,韓国,全北特別自治道,完州郡（완주군）,,5万〜25万,住民が決める,農林水産・食,2014,,継続中,住民組織,完州로컬푸드협同組合の組合員（農民・職員）。株式会社「(株)完州ローカルフード」時代の大株主だった完州郡庁・畜協・農協は2013年に出資金を全額返還し、以後は出資口数によらず1人1票を持つ組合員の総会が最高意思決定機関になっていると報じられている。2023年・2026年の両出典がそろって理事長を권승환（権承桓）氏としており、この間の継続が確認できる。,soft,大株主（郡・畜協・農協）の出資金を全額返還｜出資口数によらない1人1票制を導入｜農民・職員のみの出資に組み替え｜毎年の総会で予算・決算・役員・定款を議決｜陳列期間や手数料など出荷規則を組合で共有,2026,12,濃い,2014年の協同組合転換から、2019年の運営実態記事、2023年の受賞・売上報道、2026年の定期総会報道まで、複数年にわたる報道が続いている。,,,3,https://www.boeunpeople.com/news/articleView.html?idxno=52769｜https://www.domin.co.kr/news/articleView.html?idxno=1435548｜https://www.jif.re.kr/jbfood/policy_promo/168,population_current,https://www.jif.re.kr/jbfood/data/editor/2603/thumb-11af740589352d99275cb0823f547bfe_1774860190_802_600x400.png,전북먹거리통합지원센터（완주군청報道資料の転載）,2026-09-01,https://yusu0326.github.io/terroir-site/p/kr-0010.html
kr-0011,民間14社から島々のバスを買い取り、里長も加わる協議体が路線を決める仕組みに変えた,버스 완전공영제,韓国,全南光州統合特別市（전남광주통합특별시）,新安郡（신안군）,42384,5万人未満,住民が決める,交通・道路・駅,2007,,継続中,混合,バスの買い取り・公営化を進めたのは新安郡庁である。교통경제신문（2019年9月15日）によれば、郡は2007年から段階的に公営制を推進し、2013年までに14社が保有していた郡内バス22台を計86億3000万ウォンで買い取った。現在の運行全般（路線・停留所など）は、郡職員に加え、地域事情に詳しい마을 이장（村の里長）や現場の運輸従事者が参加する民官協議体「공영버스 권역별 운영협의회（公営バス圏域別運営協議会）」が決定していると농민신문（2025年12月30日）は伝えている。協議会が具体的にいつ発足したかは、参照した3本のどの出典にも書かれていない。,hybrid,民間14社からバス22台を買収｜運営協議会が路線・停留所を決定｜里長・運輸従事者も協議会に参加｜65歳以上・児童生徒は無料｜夜間はDRT「天使バス」で補完｜四半期ごとに事故防止運動,2025,18,濃い,2007年に始まった買い取りは、2019年・2024年・2025年の出典でも運行継続が確認でき、路線数は2006年の33本から2024年に117本へ増えたと報じられている。,,,3,http://www.tbnews.co.kr/news/view.php?idx=897｜https://www.nongmin.com/article/20251229500546｜https://www.namdonews.com/news/articleView.html?idxno=755706,,https://www.nongmin.com/-/raw/srv-nongmin/data2/content/image/2025/12/30/.cache/512/20251230500250.jpg,농민신문,2026-09-01,https://yusu0326.github.io/terroir-site/p/kr-0011.html
kr-0012,19の洞ごとに住民が場所とプログラムを決める祭りに、自治計画を決める住民総会の投票を組み込んで10年以上続けている,동 마을축제,韓国,ソウル特別市,ソウル特別市 蘆原区（노원구）,480045,25万超,住民が決める,文化・アート・祭り,2015,,継続中,混合,노원구（ソウル特別市蘆原区）。区内19の洞それぞれで、住民が結成した民間の「祝祭推進委員会」が会場とプログラムの選定を含む準備の全過程を自律的に企画・推進する（大韓経済 2024-09-05／헤럴드경제 2025-08-27／시정일보 2026-08-31）。同じ期間に開かれる住民総会は洞ごとの住民自治会が運営し、祭りの会場に投票ブースを設ける（시정일보 2025-11-04）。区は交付金や수어통역비・무대설치비の支援（문화도시과が担当。大韓経済 2024-09-05）、標準運営ガイドラインの整備・住民自治支援団（주민자치지원단）によるコンサルティング（担当部署名の記載なし。시정일보 2026-08-31）を担う,soft,洞ごとに住民が実行委員会を結成｜場所とプログラムを住民が選ぶ｜祭り会場に住民総会の投票所を設置｜区が交付金と運営指針で支援｜選ばれた議題を翌年度予算に反映｜子ども専用の投票板を新設,2026,11,濃い,"2015年に始まった洞ごとの住民主導型の祭りは、2023年に祭り会場と一体の「祭り型住民総会」を導入し、住民総会の投票参加者は2022年の5,170人から2025年に2万622人へ増えたと2025年11月・2026年8月の記事が伝えている。",,,4,https://m.dnews.co.kr/m_home/view.jsp?idxno=202409051547171680308｜https://biz.heraldcorp.com/article/10562464｜https://www.sijung.co.kr/news/articleView.html?idxno=418969｜https://www.sijung.co.kr/news/articleView.html?idxno=435962,,https://image.dnews.co.kr/photo/photo/2024/09/05/202409051547171680308-2-537052.jpg,대한경제,2026-09-01,https://yusu0326.github.io/terroir-site/p/kr-0012.html
lk-0001,茶を運んだ植民地期の古道をつなぎ、22区間・約300kmの長距離徒歩道に仕立てた,Pekoe Trail,スリランカ,中央州・ウバ州,キャンディ県ハンタナ〜ヌワラエリヤ県ヌワラエリヤ間（ヌワラエリヤ県ハットン、ウバ州バドゥッラ県ハプタレー・エッラを経由する22区間）,,不明,歩けるようにする,交通・道路・駅,2023,,継続中,混合,スリランカに長年暮らすサステナブル観光の第一人者、ミゲル・クナート（Miguel Cunat）氏が 構想した。Daily FT（2025年8月28日）によれば、クナート氏は中央高地を10年以上かけて 踏査・地図化し、国内初の長距離徒歩道を作り上げた。整備は欧州連合（EU）資金による3年間の プログラムが支え、米国国際開発庁（USAID）が追加支援した（同記事）。The Island （2023年11月7日）によれば、沿線中小事業者向けの「The Pekoe Trail Business Incubator」は Tourism Resilience Project（TRP）の一部として、実施主体のGadfly Innovationが運営した。 2025年にクナート氏が退任した後、観光相ビジタ・ヘラス（Vijitha Herath）氏は事業が個人に 依存しないと述べ、政府として継続を保証した（Daily FT、2025年8月28日。退任後の運営体制の 詳細は出典に明記されていない）。,hybrid,旧茶葉運搬路をつなぎ1本の歩道に｜22区間に区分し1本のルートに統合｜専用アプリで区間情報を提供｜沿線MSME向け事業支援を併走｜女性を含むガイドを養成｜創設者退任後も政府が継続を保証,2026,3,薄い,開始から3年後にあたる2026年4月、旅行業界誌TravelMoleが年間を通じた観光体験としてPekoe Trailを紹介した。3年以上あとの出典はこの1本にとどまる。,,,8,https://www.ft.lk/business/SL-s-Pekoe-Trail-wins-big-at-British-Guild-of-Travel-Writers-International-Tourism-Awards/34-754928｜https://island.lk/sri-lankas-first-long-distance-trail-empowers-60-micro-small-and-medium-enterprises-to-seize-emerging-business-prospects/｜https://www.ft.lk/front-page/The-Pekoe-Trail-Sri-Lanka-makes-National-Geographic-s-coveted-Best-of-the-World-List-for-2024/44-758001｜https://www.ft.lk/front-page/President-tours-Pekoe-Trail-explores-opportunities-to-boost-tourism-along-Central-Highlands/44-760706｜https://time.com/collections/worlds-greatest-places-2025/7263135/the-pekoe-trail/｜https://www.ft.lk/business/Govt-assures-continuity-of-Pekoe-Trail-despite-Founder-s-exit/34-780901｜https://news.mongabay.com/2025/12/cyclone-ditwah-exposes-climate-risks-to-nature-based-tourism-in-sri-lanka/｜https://travelmole.com/news/sri-lanka-tourism-alliance-showcases-new-pekoe-trail-in-love-sri-lanka-always-campaign,population_current｜population_scale,https://api.travelmole.com/wp-content/uploads/2026/04/Hike-along-the-Pekoe-Trail-Sri-Lanka-1000x717.jpg,TravelMole,2026-09-03,https://yusu0326.github.io/terroir-site/p/lk-0001.html
lt-0001,街路の車線を法定の最小幅まで削り、浮いた分を歩道・自転車道・緑地に回して通りをつくり替えている,Gatvių humanizavimas,リトアニア,ヴィリニュス県,ヴィリニュス市,607667,25万超,歩けるようにする,交通・道路・駅,2018,,継続中,行政,ヴィリニュス市（2015〜2023年はレミギユス・シマシュス市長が主導。2025年時点の実務は市の交通機関JUDUが担う）,hard,車道を法定の最小幅まで狭める｜浮いた幅を歩道と緑地に回す｜新しい自転車道を敷設する｜駐車マスを整理し配置し直す｜街路樹とベンチを増やす,2025,7,濃い,2025年10月、市の交通機関JUDUのデータとして、対象街路で交通量13%減・平均速度17%減・事故54%減になったとLRTが報じた。ただしアルギルド通りでは平均速度がわずかに上がったとも伝えている。,,,3,https://www.tv3.lt/naujiena/lietuva/gera-gatve-perdare-uz-2-6-mln-euru-kritikai-stebisi-cia-kazkoks-kosmosas-n1202176｜https://www.respublika.lt/lt/naujienos/lietuva/kitos_lietuvos_zinios/gatviu-humanizavimas-uz-25-mln-euru/｜https://www.lrt.lt/naujienos/eismas/7/2691205/ivertino-garsiojo-gatviu-siaurinimo-vilniuje-efekta-leciau-ir-ramiau-bet-ne-visur,,https://static2.inspektorius.lt/usi/1200x630/3/b8/5f/75/b85f75c83584eeae3c6e751a32a74750.jpg?v=4.2.7.461&t=cr&s=1200x630&m=3&f=/Uploads/UArticles/leadPhotos/12/9a/60/31/129a6031e8a8034c2570b27d280544fd.jpg,TV3,2026-09-04,https://yusu0326.github.io/terroir-site/p/lt-0001.html
lv-0001,第一次大戦後に国境で分断された双子都市を、共有の歩行者広場と国境を越える木質チップ地区熱供給網で結び直した,Valka,ラトビア,ヴィゼメ地方（Vidzeme）,ヴァルカ市（Valkas novads）,7500,5万人未満,歩けるようにする,エネルギー・資源循環,2020,,継続中,混合,"広場の整備は、ラトビアのヴァルカと国境を挟んだ対岸エストニアのヴァルガ、両自治体が近年進めてきた取り組みの一環である。ERR（エストニア公共放送、2020-12-27）によれば、両者は「この分断を和らげる方法」を模索しており、ヴァルガの自治体建築家イジー・ティンテラ氏は、分断された都市空間を一つに戻すことと、この場所ならではの特徴を際立たせることという相反する課題に建築家たちが向き合ったと説明した。同記事によれば、設計競技はカタルーニャの建築家グループが手がけ、木材やレンガなど地元になじむ素材のペルゴラ、両国にまたがって座れるベンチ、国境をまたいで漕げるブランコを広場に設けたという。Euronews（2026-04-27）は、同じくティンテラ氏を元ヴァルガの建築家として、2025年9月の若者向けハッカソン「Hack the Border」の文脈で紹介している。一方、越境の地域熱供給網を実現させたのは、エストニアのエネルギー企業ユーティリタスである。同社は2024年3月にヴァルカ側の熱電併給プラントを買収し、既に保有していたヴァルガ側のボイラー施設と合わせて両国境の町の熱供給を握った（ERR, 2025-10-07）。",hybrid,国境をまたぐ共有広場を整備｜国境を越える熱供給パイプラインを新設｜旧境界の川沿いに国境公園を整備｜熱電併給の余剰熱を隣国へ供給｜若者向け越境ハッカソンを開催,2026,6,濃い,2025年11月には財政難、2026年4月には見えない壁の残存が報じられ、開始2020年から6年後も独立媒体による検証的な報道が続いている。,,,5,https://news.err.ee/1220302/valga-and-valka-get-unique-shared-central-square｜https://eng.lsm.lv/article/features/features/25.11.2023-along-the-latvia-estonia-border-valka-valga-express.a532392/｜https://news.err.ee/1609822374/europe-s-first-cross-border-heating-link-opens-between-estonia-and-latvia｜https://news.err.ee/1609863696/valka-municipality-on-the-estonian-latvian-border-in-dire-financial-straits｜https://www.euronews.com/my-europe/2026/04/27/two-countries-one-city-how-young-people-are-hacking-the-border-between-estonia-and-latvia,,https://s.err.ee/photo/crop/2025/10/07/3041925h7d74t24.jpg,ERR News（エストニア公共放送）,2026-09-03,https://yusu0326.github.io/terroir-site/p/lv-0001.html
ma-0001,アルガンオイルの搾油を、モロッコ初の女性だけの協同組合という事業に変えた,Amal Cooperative,モロッコ,マラケシュ・サフィ地方（エサウィラ県）,タマナル,,不明,商いを起こす,農林水産・食,1996,,継続中,混合,モロッコ・ラバトのモハメッド5世大学の化学教授ズビダ・シャルーフ（Zoubida Charrouf）氏。氏が設立した非営利団体Ibn Al Baytar（1999年、ラバトに設立）が複数の協同組合の資金確保を支援した,hybrid,搾油作業の一部を機械化した｜女性向けの識字教室を開いた｜化粧品・食用油の新商品を開発｜IDRC等の国際助成金を確保した｜2007年の干ばつで半年休業した,2017,21,濃い,1996年の設立から2007年の干ばつ休業を経て、2013年・2016年の現地調査まで、複数の独立した媒体に21年にわたり取り上げられている。,,,3,https://www.wipo.int/en/web/ip-advantage/w/stories/protecting-society-and-the-environment-with-a-geographical-indication｜https://www.scidev.net/global/capacity-building/feature/research-oil-market-women.html｜https://www.ijih.org/volumes/article/668,population_current｜population_scale,https://www.scidev.net/global/wp-content/uploads/2019/08/argan_women_coop_panos.jpg,SciDev.Net,2026-09-03,https://yusu0326.github.io/terroir-site/p/ma-0001.html
mx-0001,グスタボ・A・マデロ区へロープウェイを通し、5年で3路線に増やした,Cablebús,メキシコ,メキシコシティ,メキシコシティ（グスタボ・A・マデロ区ほか）,9209944,25万超,歩けるようにする,交通・道路・駅,2021,,継続中,行政,メキシコシティ政府。1号線と3号線の建設は Doppelmayr が担った,hard,グスタボ・A・マデロ区に索道を通した｜1号線を9.2kmで開いた｜5年で3路線に増やした｜次の3路線の予算を組んだ,2026,5,濃い,"2021年7月に1号線が動き出し、2週間で1日5万6,000人を超えた。2024年11月には1号線が3年で1日6万5,000人になり、2025年9月には3号線が開業1年で540万人を運んだ。2026年1月時点で2号線が年間2,300万人近くを運んでいる。",,,4,https://www.milenio.com/politica/comunidad/cablebus-cdmx-teleferico-usado-america-latina｜https://www.eluniversal.com.mx/metropoli/linea-1-del-cablebus-sin-casos-de-acoso-asalto-o-accidentes-a-3-anos-de-funcionamiento-transporta-65-mil-usuarios-al-dia/｜https://www.eluniversal.com.mx/metropoli/linea-3-del-cablebus-cumple-un-ano-de-operacion-y-ha-transportado-a-54-millones-de-usuarios/｜https://www.eluniversal.com.mx/metropoli/linea-2-del-cablebus-lidera-afluencia-en-2025-movilizo-a-casi-23-millones-de-usuarios/,,https://cdn.milenio.com/uploads/media/2021/07/25/la-linea-tiene-una-longitud.jpg,Milenio,2026-08-17,https://yusu0326.github.io/terroir-site/p/mx-0001.html
mx-0002,月に一度、資源ごみを持ち込むと点数がつき、近郊の農産物と交換できる市を開いた,Mercado de Trueque,メキシコ,メキシコシティ連邦区,メキシコシティ（チャプルテペック森林公園ほか）,9209944,25万超,お金を地域で回す,エネルギー・資源循環,2012,,継続中,行政,メキシコシティ環境局（Sedema）。売り手は市南部とモレロス州の農業者,soft,月に一度だけ開く市にした｜持ち込んだ量を計って点数にした｜点数を近郊の農産物と交換した｜生産者が仲買を通さず売れる｜衣類と古着も後から加えた,2026,14,濃い,"2012年の第4回では最初の3回で延べ2万5,000人が参加した。2025年3月の記事は2024年の来場が4,917人だったと書き、2025年5月には衣類の受け入れが始まり、2026年8月にも開催が告知されている。",,,5,https://archivo.eluniversal.com.mx/ciudad/111881.html｜https://www.eluniversal.com.mx/metropoli/mercado-de-trueque-el-reto-es-su-expansion/｜https://www.excelsior.com.mx/comunidad/cdmx-recicla-mas-de-25-toneladas-dia-reciclatron-mercado-de-trueque/1716509｜https://www.eluniversal.com.mx/metropoli/dia-mundial-del-reciclaje-mercado-del-trueque-ya-recibe-ropa-acopian-mas-de-3-mil-kilos-de-residuos-reciclables-y-4-toneladas-de-textiles/｜https://www.eluniversal.com.mx/tendencias/mercado-de-trueque-en-iztacalco-que-es-como-funciona-y-donde-estara/,funding_scale,https://www.eluniversal.com.mx/resizer/v2/QX3BNE247RETLM5J6OHBJGLHYE.jpg?auth=48d2fc4eef7b157b2fdc52a020949f0bc83cf8f855bf7bc811b583b576a3bd3b,El Universal,2026-08-18,https://yusu0326.github.io/terroir-site/p/mx-0002.html
mx-0003,放棄された船形の建物を工芸と芸術の場にし、同じ型を市内に増やした,Faro de Oriente,メキシコ,メキシコ市,イスタパラパ区,,不明,誇りをつくる,文化・アート・祭り,2000,,継続中,行政,メキシコ市の文化行政。2000年に詩人アレハンドロ・アウラ氏とエドゥアルド・バスケス氏らの集まりが設立した。文化省の試行事業として始まっている,hybrid,放棄された建物を使い直した｜工芸と芸術の講座を開く｜デジタルの講座を後から足した｜同じ型の施設を市内に増やした｜周縁の区に最初の1つを置いた,2025,25,濃い,2000年に放棄されていた船形の建物で始まり、2017年には市内5か所の網に広がった。2025年2月に El Universal が施設の傷みと支払いの遅れを報じ、同年6月には25周年の催しが開かれている。,,,5,https://www.milenio.com/cultura/faro-oriente-15-anos-iluminando-iztapalapa｜https://heraldodemexico.com.mx/cultura/2017/6/21/el-faro-de-oriente-espacio-para-el-arte-la-cultura-12956.html｜https://www.eluniversal.com.mx/cultura/tras-25-anos-los-faros-de-la-ciudad-padecen-abandono-y-clima-laboral-hostil/｜https://ntcd.mx/noticias-faro-oriente-25-aniversario-conciertos-iztapalapa｜https://oncenoticias.digital/cultura/el-faro-de-oriente-late-fuerte-en-su-25-aniversario/489920/,population_scale｜population_current｜funding_scale,https://www.eluniversal.com.mx/resizer/v2/NSHAKPS5RNFMFGRCR7A3DXTFQM.jpg?auth=3e0dee15ee2935eebc47ad8286b59e8cbf0ff7cf100a9b830d91eaacd6069aba,El Universal,2026-08-19,https://yusu0326.github.io/terroir-site/p/mx-0003.html
mx-0004,アプリで呼ぶと女性が電動自転車で資源ごみを取りに来る仕組みをつくった,Biciclando,メキシコ,ソノラ州,エルモシヨ,936263,25万超,商いを起こす,エネルギー・資源循環,2022,,継続中,混合,エルモシヨ市役所。Milenio（2022年1月20日）の対談記事によれば、着想は市民の側から出ており、市の計画機関の元長であるルピタ・ペニュニュリ氏が、当時の市長セリダ・ロペス氏（Morena）とともに進め、次の市長アントニオ・アスティアサラン氏（PAN）に引き継いだ。2025年には団体「Caminantes del Desierto」と組んで地区に広げている（Uniradio Informa Sonora 2025年7月5日）,hybrid,アプリで戸口の回収を予約する｜女性が電動自転車で集めて回る｜資源の売り上げは本人の収入になる｜循環経済センターを建てて拠点にした｜自転車の道を4キロ敷き始めた｜団体と組んで地区に広げた,2025,3,濃い,2022年1月にブルームバーグ財団の賞で100万ドルを得た。2024年11月にはモデロ地区で3人が動いていると報じられ、2025年7月には8人が契約していると報じられた。同年8月にアプリの一般公開が報じられている。,,,10,https://proyectopuente.com.mx/2022/01/18/gana-hermosillo-un-millon-de-dolares-con-premio-de-bloomberg-biciclando-apoyara-a-mujeres-y-reciclaje/｜https://expansion.mx/tecnologia/2022/01/18/biciclando-app-sustentabilidad-y-emplear-mujeres｜https://www.kjzz.org/2022-01-19/content-1748969-hermosillo-wins-1-million-toward-innovative-recycling-program｜https://www.milenio.com/opinion/hector-zamarron/el-manubrio/biciclando-por-hermosillo-un-ejemplo-de-economia-circular｜https://www.elimparcial.com/son/hermosillo/2024/11/20/biciclando-un-proyecto-de-reciclaje-que-busca-empoderar-a-las-mujeres-de-hermosillo/｜https://proyectopuente.com.mx/2025/06/05/biciclando-en-hermosillo-una-oportunidad-para-mujeres-de-generar-recursos-con-reciclaje-urbano-asi-puedes-conseguir-empleo/｜https://www.elimparcial.com/son/hermosillo/2025/07/04/mujeres-van-pedaleando-y-reciclando-en-hermosillo-conocias-este-programa-piloto-del-ayuntamiento/｜https://www.uniradiosonora.com/gobierno/biciclando-llega-colonias-hermosillo-n829352｜https://proyectopuente.com.mx/2025/08/30/ciudadanos-de-hermosillo-ya-pueden-usar-app-biciclando-para-reciclar-desde-casa｜https://noro.mx/hermosillo/recicla-en-hermosillo-con-app-biciclando/,funding_scale,https://proyectopuente.com.mx/wp-content/uploads/2022/01/biciclando.jpg,Proyecto Puente,2026-08-19,https://yusu0326.github.io/terroir-site/p/mx-0004.html
my-0001,荒れた路地裏の空き店舗10軒を、壁画とテナント誘致で観光名所に変えた,Kwai Chai Hong,マレーシア,クアラルンプール連邦直轄領,クアラルンプール市（チャイナタウン、プタリン通り周辺）,2100000,25万超,人を呼ぶ,空き家・空き店舗・遊休不動産,2019,,継続中,混合,空間管理会社 Bai Chuan Management Sdn Bhd（共同創業者5人。取材に応じた代表格はマネージングパートナーの Zeen Chang 氏）。都市再生団体 Think City が助言と一部助成金を提供した,hybrid,空き店舗10軒を改修した｜路地裏に壁画6点を描いた｜QRコードで音声解説を流した｜私財1.5百万リンギを投じた｜Think Cityの助成金を得た｜空き店舗にバー等を誘致した,2025,6,濃い,2019年4月に開業し、2020年6月にThe Starが観光名所として紹介した。2023年2月には路地内の店舗にバーが新規に開業したと報じられ、2025年にはクアラルンプールの観光徒歩ツアーの立ち寄り先として紹介されている。,,,5,https://www.malaymail.com/news/malaysia/2019/04/12/kwai-chai-hong-neglected-lane-in-kls-chinatown-restored/1742506｜https://www.thestar.com.my/lifestyle/travel/2020/06/29/journey-to-the-past-at-kl039s-kwai-chai-hong｜https://www.thestar.com.my/metro/metro-news/2023/02/03/old-world-vibe-back-in-chinatown｜https://www.thestar.com.my/metro/metro-news/2025/05/29/charms-of-chinatown｜https://www.thestar.com.my/news/nation/2025/09/16/a-walk-through-time,,https://www.malaymail.com/uploads/imported_images/2019/2019-04/20190411MH16_kwai_chai_hong.jpg,Malay Mail,2026-09-02,https://yusu0326.github.io/terroir-site/p/my-0001.html
na-0001,密猟で減った砂漠の野生動物を、ロッジとの共同所有権と宿泊税で守る仕組みに変えた,Torra Conservancy,ナミビア,クネネ州,ダマラランド地方（クネネ州南部）,120762,5万〜25万,お金を地域で回す,自然・緑地・水辺,1998,,継続中,混合,"1995年に投資家との交渉窓口として結成された住民組織（ICTは""a residents association""と呼ぶ。名称は明らかにされていない）と、南部アフリカの観光会社Wilderness Safaris Namibia。ICT（2012年2月16日）によれば、発足以来の議長はBennie Roman氏",hybrid,住民組織が投資家と交渉した｜宿泊税と土地使用料を契約に明記した｜ロッジの所有権を段階的に地域へ移した｜密猟監視員を住民自身が務めた｜各世帯から1人をロッジで雇用した,2024,26,濃い,2015年に旅行業界誌が取り上げ、2024年には保護区研究を紹介するMongabay記事で写真とともに取り上げられるなど、開始から3年以上あとの記事が26年にわたり複数回続いている。,,,3,https://ictnews.org/archive/ecotourism-and-career-training-ease-poverty-for-southern-african-tribes/｜https://www.tourismupdate.com/article/namibias-top-six-conservancies｜https://news.mongabay.com/2024/12/study-looks-for-success-factors-in-african-projects-that-heal-land-and-help-people/,,,,2026-09-03,https://yusu0326.github.io/terroir-site/p/na-0001.html
ng-0001,観光客を呼ぶために架けたケーブルカーが、歴代知事のもとで運休と再開を繰り返し、21年後に25年間の民間委託に託された,Obudu Mountain Resort,ナイジェリア,クロスリバー州,オバンリク地方政府地域（Obanliku LGA）,109633,5万〜25万,人を呼ぶ,交通・道路・駅,2005,,縮小,混合,クロスリバー州政府（ドナルド・デューク知事、1999〜2007年在任、が改修を主導）。2026年からは民間コンセッション事業者 Living Curation Real Estate Limited（代表 Col. Amit Ghosh）が運営を担う,hard,山頂まで870mのケーブルカーを設置した｜迎賓館・会議棟・水上公園を整備した｜山岳マラソン大会を誘致した｜保守契約の解消でケーブルカーが運休した｜25年間の民間コンセッションで再生を始めた,2026,21,濃い,2005年に完成したケーブルカーは、その後歴代知事のもとで運休と復旧を繰り返し、2026年に25年間の民間委託契約が結ばれた。,,,7,https://www.fearlessreports.com/2018/04/n10bn-obudu-mountain-resort-wasting-away.html｜https://guardian.ng/saturday-magazine/travel-a-tourism/cross-river-states-tourist-sites-rot-away-from-neglect/｜https://guardian.ng/saturday-magazine/cross-river-intensifies-turnaround-maintenance-of-obudu-resort/｜https://von.gov.ng/governor-otu-commences-reconstruction-of-obudu-ranch/｜https://www.vanguardngr.com/2026/08/redeveloping-obudu-resort-to-burnish-nigerian-tourism/｜https://www.arise.tv/francis-ntamu-obudu-international-airport-cable-car-to-return-under-n60bn-living-curation-deal/｜https://atqnews.com/africa-reviving-a-crown-jewel-governor-bassey-otu-obudu-ranch-resort-and-all-year-round-tourism/,funding_scale,https://blogger.googleusercontent.com/img/b/R29vZ2xl/AVvXsEgTa-Zw5uzHtQpHrY48LR-kr8h26LUihLe1-yu4zkaJV7SQMGKFw04Pjl8_Y_mXHPjpxK8qN1_SdwnygBG28zRPnIbaX1nQNJ9CZ4S-e2OmfQMfdPP2kkUS14QVBqlFuayv427wXIMDl_Aq/w1200-h630-p-k-no-nu/IMG_20180425_081805.jpg,Fearless Reports（原典：Orient Daily、記者 Joseph Kingston）,2026-09-02,https://yusu0326.github.io/terroir-site/p/ng-0001.html
nl-0001,村が持つ風車の収益で村の設備をまかなう,Dorpsmolen Reduzum,オランダ,フリースラント州,Leeuwarden,130162,5万〜25万,お金を地域で回す,エネルギー・資源循環,1994,,継続中,住民組織,Stichting Dorpsmolen Reduzum,hybrid,"村が風車を所有し収益を村に配る｜一口5ユーロで住民が組合員になる｜近隣3村にも出資と配当を広げた｜住民出資で677,000ユーロを集めた",2025,31,濃い,"1994年の風車の建て替えに向けて2019年9月に近隣の村から677,000ユーロが集まり、2022年9月に新しい風車が組み上げられると報じられた。2025年3月には送電網の障害で約1週間止まり、運営側はこれが4回目だと述べている。",true,,4,https://www.omropfryslan.nl/nl/nieuws/907204/bijna-zeven-ton-opgehaald-in-dorpen-voor-financiering-windmolen-reduzum｜https://www.omropfryslan.nl/nl/nieuws/1062354/doarpsmune-reduzum-heeft-500-leden-nodig-voor-nieuwe-windturbine｜https://www.omropfryslan.nl/nl/nieuws/1167838/nieuwe-reduster-dorpsmolen-wordt-donderdag-eindelijk-opgebouwd｜https://www.omropfryslan.nl/nl/nieuws/17307995/dorpsmolen-reduzum-staat-al-een-week-stil-het-zorgt-voor-problemen,総事業費の最終確定額（出典にあるのは「100万ユーロ近く」という概数のみ）｜住民出資が建設費に占める割合（出典が比率を書いていないので算出しない）,https://i.regiogroei.cloud/f5ae813d-8eff-3dfa-8b0c-5db6925290a4.jpg?width=1200&height=630&aspect_ratio=1200:630,Omrop Fryslân,2026-08-16,https://yusu0326.github.io/terroir-site/p/nl-0001.html
nl-0002,取り壊しを決められた集落が計画を撤回させた,Ganzedijk blijft,オランダ,フローニンゲン州,Oldambt,39746,5万人未満,住民が決める,住まいと暮らし（住宅・医療・福祉・子育て）,2008,,判定不能,住民組織,Actiecomité Ganzedijk blijft!,soft,住民が対案を自分たちで作った｜州議会に出向いて直接発言した｜全戸取り壊しを一部に押し戻した,2025,17,濃い,2008年2月に自治体が全戸取り壊しの結論を示し、住民が対案を出して取り壊しは行われなかった。2011年8月の検証記事は、残った再建に200万ユーロの費用がかかったと書いている。2025年11月、近隣モエルダイクの集落消滅を伝える報道は、2008年のハンゼダイクを引き合いに出している。,,,5,https://www.rtvnoord.nl/nieuws/71832/ganzedijk-moet-van-aardbodem-verdwijnen｜https://www.bnnvara.nl/zembla/artikelen/ganzedijk-blijft-en-zal-blijven｜https://www.socialevraagstukken.nl/ganzedijk-met-fluwelen-handschoenen-gered/｜https://www.rtvnoord.nl/nieuws/898643/deze-dag-ganzedijk-moest-plat｜https://www.rtvnoord.nl/economie/RX-357/verdwijning-moerdijk-echoot-na-in-ganzedijk-en-oudeschip-de-emoties-zijn-hetzelfde,funding_scale,"https://zembla-bnnvara.cdn.prepr.io/w_1920,q_100/b144ad6f-1039-4352-969b-98d37eb67109.jpg",Zembla (BNNVARA),2026-08-16,https://yusu0326.github.io/terroir-site/p/nl-0002.html
nl-0003,農地に湖を掘って住む人を呼び戻そうとした,Blauwestad,オランダ,フローニンゲン州,Oldambt,39746,5万人未満,住む人を増やす・戻す,自然・緑地・水辺,1998,,継続中,行政,Provincie Groningen,hard,,2025,27,濃い,"1998年5月に最初の土地を取得し、2005年5月に湖への注水が始まって2006年12月に満水になった。2009年末の販売は180戸にとどまったが、2016年の港地区の決定から販売が伸び、2021年には154区画が売れた。2025年9月の報道は、1億1,800万ユーロの初期投資のうち2,200万ユーロを回収したと書いている。",true,,5,https://www.rtvnoord.nl/nieuws/857983/bedenkers-blauwestad-wij-hebben-nooit-aan-het-plan-getwijfeld｜https://www.rtvnoord.nl/nieuws/920378/deze-dag-de-eerste-grond-voor-blauwestad-aangekocht｜https://www.rtvnoord.nl/nieuws/1091775/is-blauwestad-een-succes-of-mislukking-er-werd-een-heel-dorp-gebouwd｜https://www.rtvnoord.nl/politiek/1300367/20-jaar-oldambtmeer-grondlegger-en-burgemeester-zijn-trots-op-blauwestad｜https://www.rtvnoord.nl/politiek/1340089/hoe-blauwestad-na-twintig-jaar-toch-nog-een-succes-werd,,https://i.regiogroei.cloud/96b452bc-eaf3-3855-b51c-a764836dff27.jpg?width=1200&height=630&aspect_ratio=1200:630,RTV Noord,2026-08-16,https://yusu0326.github.io/terroir-site/p/nl-0003.html
nl-0004,退屈な広場を掘って雨水の受け皿と運動場を兼ねさせた,Benthemplein,オランダ,南ホラント州,ロッテルダム（ロッテルダム北部）,673804,25万超,空間をひらく,自然・緑地・水辺,2013,,判定不能,混合,De Urbanisten とロッテルダム市,hard,退屈なタイル張りの広場を作り替えた｜雨水を集める3つの水盤を掘った｜光る樋で水を広場に流した｜浸水する範囲を青く塗り分けた,2016,3,薄い,2013年12月の完成後、設計したDe Urbanistenは2016年にティエルのVogelbuurtで2つ目の水広場を開いた。2016年11月の記事は、3年近く経って目標が達成されたかを問うている。,,,2,https://nieuws.top010.nl/waterplein-benthemplein.htm｜https://www.architectuur.nl/kennis/onderzoek/leren-van-het-waterplein/,funding_scale｜status_current,https://images.squarespace-cdn.com/content/v1/5f082078d610926644d22e00/af036ceb-2084-4ece-b885-f6595fcb92e6/01+Water+square++Benthemplein+.jpg,De Urbanisten（撮影 Ossip van Duivenbode）,2026-08-17,https://yusu0326.github.io/terroir-site/p/nl-0004.html
nl-0005,森の中の集合住宅を、景観の側から組み直して建て替えた,Kerckebosch,オランダ,ユトレヒト州,ザイスト,66648,5万〜25万,住む人を増やす・戻す,自然・緑地・水辺,,2025,終了,混合,Wijkontwikkelingsmaatschappij Kerckebosch（WOM）,hard,森の中の集合住宅を建て替える｜景観の側から街区の配置を決める｜元の住人を同じ地区に住み直させる｜分譲と賃貸と介護住宅を混ぜる｜住民が緑地の管理に加わる,2025,,濃い,2025年7月の Stadszaken は、社会賃貸の割合が当初の基本計画の見込みより低いと書き、中間の価格帯の供給は限られているとも書いている。開始年は出典から確認できず、報道は2016年から2025年にわたる。,true,,4,https://stadszaken.nl/artikel/713/kerckebosch-is-beste-plek｜https://stadszaken.nl/artikel/2219/kerckebosch-oogst-succes-met-middenhuur｜https://stadszaken.nl/artikel/3747/deze-vijf-projecten-maken-kans-op-de-neprom-prijs-voor-beste-gebiedsontwikkeling｜https://stadszaken.nl/artikel/8005/leefbare-wijk-in-bossen-zeist-biedt-inzichten-gebiedsontwikkeling,start_year｜elapsed_years,https://stadszaken.nl/upload/images/1/stuifduinen-Kerckebosch-Zeist-foto-gemeente-948x533.jpg,Stadszaken,2026-08-19,https://yusu0326.github.io/terroir-site/p/nl-0005.html
nl-0006,団地の暖房をガスから熱供給網に切り替える計画に、住民の反対が続いている,Nieuwe Energie voor Groenoord,オランダ,南ホラント州,スヒーダム（Groenoord 地区）,81931,5万〜25万,住民が決める,エネルギー・資源循環,2020,,継続中,混合,スヒーダム市・住宅法人 Woonplus・エネルギー会社 Eneco,hard,地区に熱供給網を敷く｜排熱を受ける熱供給施設を建てる｜団地の住戸をガスから切り離す｜断熱と修繕を同時に行う｜住戸ごとに同意を取りに回る,2024,4,濃い,2021年10月に Milieudefensie と地区の7つの区分所有組合が中止を求め、2024年3月には市議会の3会派が中止の用意があるかを書面で問うたと報じられている。一方で2022年3月には最初の1棟がガスから切り離されて引き渡され、市は2030年までに地区全体をガスから外す方針だと同紙は書いている。,true,,4,https://www.schiedam24.nl/nl/nieuws/politiek/raadsbesluit-bepaalt-koers-in-schiedamse-energietransitie-voor-tientallen-jaren/16014｜https://www.schiedam24.nl/nl/nieuws/wonen/milieudefensie-en-bewoners-zie-af-van-warmtenet-groenoord/18832｜https://schiedam24.nl/nl/nieuws/wonen/woonplus-levert-eerste-aardgasvrij-complex-op-in-groenoord/20318｜https://schiedam24.nl/artikel/raadsfracties-stopt-bw-met-nieuwe-energie-voor-groenoord,,https://lokaal24.cdn-tmo.nl/slir/w1200-c20x15/files/schiedam24/2024/maart/IMG_4996.jpeg,Schiedam24,2026-08-19,https://yusu0326.github.io/terroir-site/p/nl-0006.html
nl-0007,弱い立場の地区で、脱ガスの工事に社会面の手当てを抱き合わせようとした,Verduurzaming van Kwetsbare Wijken,オランダ,全国（10自治体）,10自治体（Amsterdam・Assen・Delft・Den Haag・Geldrop-Mierlo・Groningen・Leeuwarden・Maastricht・Rotterdam・Utrecht）,,不明,住民が決める,エネルギー・資源循環,2018,,終了,混合,Platform31・Nyenrode 大学・Verwey-Jonker 研究所と10自治体,soft,脱ガスと社会面の手当てを束ねる｜自治体ごとに1地区を選んで試す｜途中経過を報告書で出し続ける｜自治体どうしで詰まりを持ち寄る｜終了時に外部が総括を書く,2026,8,濃い,出典[3]は2026年8月に、2019年の最初の報告では拙速と行政の圧力、財政・技術・法の不確かさが統合的な進め方を多くの場合阻んだと総括が書いていると伝えている。3年後の中間報告でも進みは乏しく、2022年に住民の巻き込みと住環境の手直しで前進があったとしている。,,true,3,https://www.platform31.nl/artikelen/samen-naar-een-duurzame-en-leefbare-wijk/｜https://www.platform31.nl/artikelen/wijken-verduurzamen-in-turbulente-tijden/｜https://www.gebiedsontwikkeling.nu/artikelen/zeven-jaar-zoeken-naar-koppelkansen-in-kwetsbare-wijken/,population_current｜population_scale｜end_year,https://dh1hpfqcgj2w7.cloudfront.net/media/original_images/Overzicht_naar_het_westen_gezien_vanaf_flat_Burghsluissingel_-_Rotterdam_-.jpg,"Thea van den Heuvel／Rijksdienst voor het Cultureel Erfgoed（Wikimedia Commons）, via Gebiedsontwikkeling.nu",2026-08-19,https://yusu0326.github.io/terroir-site/p/nl-0007.html
nl-0008,市民が出資して農場を共同所有し、農家を雇って自分たちの食べるものを作らせた,Herenboeren,オランダ,北ブラバント州,ボクステル,34302,5万人未満,お金を地域で回す,農林水産・食,2013,,継続中,住民組織,Herenboeren Wilhelminapark（市民の協同組合）と Stichting Herenboeren NL,hybrid,市民が出資して農場を共同所有する｜農家を雇って給与を払う｜会員が何を作るかを決める｜果樹と放牧と野菜を組み合わせる,2025,12,濃い,Nieuwe Oogst は2025年6月24日に、東ブラバント地裁が同日に Stichting Herenboeren NL の破産を宣告したと伝えている。同記事によれば、財団は2022年に投資と成長計画を進めたが、不確かな政策と土地の確保の停滞、それに伴う資金の不足で計画を完遂できなかったと自ら説明している。,true,,4,https://www.nieuweoogst.nl/nieuws/2016/03/16/herenboeren-starten-gemengd-bedrijf｜https://www.nieuweoogst.nl/nieuws/2019/06/26/herenboeren-kans-of-bedreiging｜https://www.nieuweoogst.nl/nieuws/2022/10/21/herenboeren-verwelkomt-collegas-die-moeten-extensiveren｜https://www.nieuweoogst.nl/nieuws/2025/06/24/stichting-herenboeren-nl-failliet-burgerbeweging-gaat-door,,https://cdn.nieuweoogst.nu/public/image/960x431/210638.jpg,Nieuwe Oogst,2026-08-19,https://yusu0326.github.io/terroir-site/p/nl-0008.html
nl-0009,"運河沿いの旧工業地帯に6,000戸を建て、車を街区の縁の地下ハブにだけ置こうとしている",Merwede,オランダ,ユトレヒト州,ユトレヒト,378121,25万超,歩けるようにする,住まいと暮らし（住宅・医療・福祉・子育て）,2018,,継続中,混合,ユトレヒト市と、5つの企業連合をなす6者の民間土地所有者,hard,"24ヘクタールに6,000戸を建てる｜車を街区の縁の地下ハブに置く｜私有車を1,500台余りに抑える｜250台の共用車を置く｜歩道と緑の通りを軸にする",2025,7,濃い,Stadszaken は2025年3月3日に、Merwede の建設が同日に正式に始まったこと、最初の住戸は2027年に引き渡される予定だと伝えている。同記事は都市計画を担当する参事の話として、近年の住宅建設には強い逆風があったが、事業ごとに何が要るかを見る進め方によって着工にこぎつけたと書いている。,,,3,https://www.stadszaken.nl/artikel/1397/300-miljoen-voor-nieuwe-utrechtse-wijk｜https://www.gebiedsontwikkeling.nu/artikelen/de-autos-de-wijk-uit-zo-doen-ze-dat-in-merwede/｜https://stadszaken.nl/artikel/7409/eerste-paal-de-grond-in-voor-duurzame-nieuwbouwwijk-merwede-utrecht,,https://dh1hpfqcgj2w7.cloudfront.net/media/original_images/25f22f3b-4614-4156-88a7-d5fea3ef836d_800.jpg,Gebiedsontwikkeling.nu,2026-08-19,https://yusu0326.github.io/terroir-site/p/nl-0009.html
nl-0010,庇護申請者の受け入れ先に地区の若者も住まわせ、講座を近隣にも開いた,Plan Einstein,オランダ,ユトレヒト州,ユトレヒト,,25万超,住む人を増やす・戻す,住まいと暮らし（住宅・医療・福祉・子育て）,2016,2018,終了,混合,ユトレヒト市（欧州委員会の urban innovative action の助成が入っている）,hybrid,受け入れる人数を400人から300人に減らす｜空いた分に若者向けの仮設住宅を作る｜庇護申請者と近隣の住民が一緒に講座を受ける｜大学と市民大学と組んで講座を用意する,2024,8,濃い,Stadszaken は2024年9月2日に、アインシュタインドレーフの場所は仮設で、住んでいた人は移され場所は解かれたこと、後継の Plan Einstein Pahud がオーフェルフェヒトにでき、300人の庇護申請者と30人の starters を受け入れていることを書いている。,,,4,https://www.socialevraagstukken.nl/rubrieken/essay/zet-de-deuren-van-asielzoekerscentra-wagenwijd-open-naar-de-buurt/｜https://www.platform31.nl/artikelen/wat-we-kunnen-leren-uit-de-utrechtse-versnellingspilot-huisvesting-statushouders/｜https://stadszaken.nl/artikel/6611/de-utrechtse-asielaanpak-samen-wonen-leren-en-werken｜https://www.compas.ox.ac.uk/publication/the-utrecht-refugee-launchpad-final-evaluation-report,population_current,https://stadszaken.nl/upload/images/2/AZC-Plan-Einstein-Pahud-Rufus-de-Vries_948x533.jpg,Stadszaken / ROmagazine,2026-08-20,https://yusu0326.github.io/terroir-site/p/nl-0010.html
no-0001,都心の路上駐車をやめて、通りを人が過ごす場所に作り替えた,Bilfritt byliv,ノルウェー,オスロ,オスロ,729799,25万超,歩けるようにする,交通・道路・駅,2016,,判定不能,行政,オスロ市（Oslo kommune）,hybrid,都心の路上駐車枠を振り替える｜私有車の通り抜けを止める｜夏のあいだ通りを車両通行止めにする｜歩道を広げてベンチと植栽を置く｜通りの一部を店に開放する,2023,7,濃い,2018年には Karl Johans gate の歩行者が前年より7.7%少ないと報じられ、市の委託調査で事業者の半数近くが否定的だったとも報じられた。2022年に Grønland、2023年に Torshov で bylivsgate が開いた。,true,,7,https://www.vartoslo.no/blir-det-mer-byliv-i-oslo-sentrum-nar-vi-far-bilfritt-byliv/｜https://www.vartoslo.no/bilfritt-byliv-byfolk-christian-boger/faerre-fotgjengere-forer-til-mindre-handel-i-oslos-paradegate--vi-er-bekymret-sier-stroksforening/180989｜https://www.vartoslo.no/bilfritt-byliv-hele-oslo-ntb/nesten-halvparten-er-positive-til-bilfritt-byliv-i-oslo-butikkene-mest-negative/186909｜https://www.vartoslo.no/anders-hoilund-astrid-ledang-bilfritt-byliv/dronningens-gate-fylt-opp-av-folk-og-boder-varfest-feiret-at-forste-gate-i-bilfritt-byliv-er-ferdigstilt/202213｜https://www.vartoslo.no/bilfritt-byliv-bydel-gamle-oslo-bylivsgate/gronnsakshandler-erkan-jubler-over-at-bilene-na-fjernes-fra-gronland-mer-folk-og-mer-liv-dette-er-paradis/388320｜https://www.vartoslo.no/bilfritt-byliv-bydel-sagene-bylivsgate/torshov-beboerne-om-den-nye-bylivsgata-man-bor-ogsa-tenke-pa-hva-det-gar-pa-bekostning-av/474872｜https://www.vartoslo.no/bilfritt-byliv-eirik-lae-solberg-kvadraturen/vi-har-sorget-for-liv-i-kvadraturen-et-byrad-med-hoyre-kan-fore-til-brabrems-i-utviklingen/480982,status_current,https://image.vartoslo.no/472859.jpg?imageId=472859&x=0&y=19.31&cropw=100&croph=35.83&panox=0&panoy=19.31&panow=100&panoh=35.83&width=1200&height=683,VårtOslo,2026-08-19,https://yusu0326.github.io/terroir-site/p/no-0001.html
no-0002,市と国が同額ずつ出した地区の底上げで、使い道の一部を住民の投票で決めた,Tøyenløftet,ノルウェー,オスロ,オスロ（ガムレ・オスロ区テーヤン）,,不明,住民が決める,住まいと暮らし（住宅・医療・福祉・子育て）,2014,,判定不能,行政,オスロ市とノルウェー国（区の住民組織 Tøyenrådet が配分に関わる）,soft,市と国が同額ずつ出す｜試みとして住民の投票で配る｜別の地区の取り組みの型に近づける,2021,7,濃い,Vårt Oslo は2018年9月26日に、市の監査による批判を伝えている。批判の中心は、地区で最も弱い立場にある人たちが、テーヤンをどう良くするかを決める場に加われなかったという点である。同記事によれば、市政府はテーヤンとグレンランの取り組みを2026年まで8年延ばしたいとして国と交渉しており、決まっていたのは、新しい取り組みをグロルードダーレンの型に近づけることだけだった。,true,,4,https://www.vartoslo.no/toyenloftet-tester-na-ut-et-demokratieksperiment-beboere-pa-toyen-far-stemme-over-tildelingene-i-budsjettet/｜https://www.vartoslo.no/kraftig-kritikk-av-toyenloftet-i-ny-rapport-de-stille-stemmene-ble-ikke-hort/｜https://www.vartoslo.no/omradeloftene-for-toyen-og-gronland-viderefores-over-atte-nye-ar/｜https://www.vartoslo.no/arifi-ali-fattigdom-gamle-oslo/kampen-om-toyen--na-lurer-vi-pa-om-toyenloftet-kom-for-a-skyve-oss-ut-ikke-lofte-oss/281039,population_current｜population_scale,https://image.vartoslo.no/137908.jpg?imageId=137908&x=0&y=0&cropw=100&croph=50&panox=0&panoy=0&panow=100&panoh=50&width=1200&height=683,Vårt Oslo,2026-08-19,https://yusu0326.github.io/terroir-site/p/no-0002.html
np-0001,カトマンズの歴史的市場アサンが2018年に四輪車を締め出し、2026年には土曜限定の車両乗り入れ禁止をさらに重ねた,Asan,ネパール,バグマティ州,カトマンズ市,862400,25万超,歩けるようにする,商店街・市場,2018,,継続中,行政,カトマンズ都市圏庁（KMC）、大都市圏交通警察部（MTPD）、区（ward）代表ら（2018年）。2026年の取り組みは代理市長スニタ・ダンゴルと区（ward）事務所、大都市圏警察隊が主導,soft,2018年に四輪車の乗り入れを禁止した｜住民の四輪車には通行証を発行した｜違反者に罰金500〜1000ルピーを科した｜2022年の再徹底は初週末で頓挫した｜2026年に土曜限定の車両禁止を新設した｜商店主の間で経済負担への不満も出た,2026,8,濃い,2018年の禁止措置は2022年に取締りの不徹底が報じられ、2026年には土曜限定の新たな車両禁止がアサンで始まった。,,,10,https://kathmandupost.com/valley/2018/01/12/car-ban-in-capitals-core-areas-from-tuesday｜https://kathmandupost.com/valley/2018/01/17/four-wheelers-barred-from-city-core｜https://kathmandupost.com/miscellaneous/2018/02/24/best-foot-forward-20180224073651｜https://thehimalayantimes.com/kathmandu/core-city-areas-no-go-zone-four-wheelers｜https://english.onlinekhabar.com/after-thamel-and-pashupatinath-now-ason-indrachok-is-also-no-vehicle-zone.html｜https://en.setopati.com/social/115123｜https://kathmandupost.com/valley/2022/09/26/city-traffic-police-fail-to-enforce-four-wheeler-ban-at-new-road｜https://thehimalayantimes.com/kathmandu/vehicle-free-asan-campaign-to-begin-from-april-18｜https://english.ratopati.com/story/58153/vehicle-free-access-every-saturday｜https://english.ratopati.com/story/59598/vehicle-free-saturday-in-asan-celebration-for-some-neither-swallow-nor-vomit-for-others,funding_scale,https://assets-cdn.kathmandupost.com/uploads/source/news/2018/miscellaneous/No-Vehicle-Zone-Thamel--3--12012018072928.jpg,The Kathmandu Post,2026-09-03,https://yusu0326.github.io/terroir-site/p/np-0001.html
nz-0001,地震で住めなくなった川沿いの住宅街を、土地の移管を経て歩行者・自転車の回廊に変えていく30年計画,Ōtākaro Avon River Corridor,ニュージーランド,カンタベリー地方,クライストチャーチ市,419200,25万超,歩けるようにする,自然・緑地・水辺,2019,,継続中,行政,クライストチャーチ市議会（2017年に暫定の自転車道を提案）。計画そのものは政府大臣が承認し、地震対応を担った国（クラウン）が土地を取得・解体したのち、2023年8月に土地所有権を市に移管した,hard,被災した住宅を買い取り解体・撤去｜土地所有権を国から市へ移管｜11kmの歩行者・自転車専用路を設計｜ダリントンに歩行者・自転車橋を設計｜ベクスリーに汽水域の湿地を計画｜堤防沿いに暫定の自転車道を提案,2026,7,濃い,2019年に30年計画が承認された後、2023年8月に土地所有権が国から市へ移管され、2026年6月には区画の売却をめぐって議会と住民の意見が分かれている。,,,5,https://www.stuff.co.nz/the-press/news/89231644/cycleway-proposed-along-christchurchs-avon-river-through-the-red-zone｜https://www.nzherald.co.nz/nz/earthquake-hit-christchurch-red-zones-makeover-plan-approved/EJ4KZL7OEWUPIUU7KHMSTLEMII/｜https://www.chrislynchmedia.com/new-regeneration-projects-set-to-transform-christchurchs-tkaro-avon-river-corridor/｜https://www.rnz.co.nz/news/regions/495103/government-completes-christchurch-red-zone-transfer-to-council｜https://www.thepress.co.nz/nz-news/361027909/council-consider-first-sale-river-corridor-red-zone-land,,https://www.stuff.co.nz/media/images/9Tzi8ywRz924XE3uHaD6DfGZQfjEdZd7oKlsiR53VLHvSZExpMzuRmKdwHbkL9Pkk9mGQJka+CfOOiX0zUd1PRYFiSy01JSLZnZB1MuZYVk%2FfCObVhAENK6NXimAm0fNgSqtdE6RN0HTAdgkpY5Ljd7LrvQZxla%2FETung7WCn9AMF+mLFSkl%2FUI0n9ty2HRs,The Press（Stuff）,2026-09-03,https://yusu0326.github.io/terroir-site/p/nz-0001.html
pe-0001,銅鉱山への輸送業務を、外部業者でなく住民出資の企業に任せ、収益を地区に残す,Empresa Comunal Apu Llallawa de Fuerabamba,ペルー,アプリマック州,コタバンバス郡（フエラバンバ地区）,55526,5万〜25万,お金を地域で回す,交通・道路・駅,2022,,継続中,住民組織,フエラバンバ地区の住民が出資・所有する企業「Empresa Comunal Apu Llallawa」。契約当時（2022年）の地区代表はEdison Vargas Huillca氏、2024年時点の地区代表はEdison Vargas Huamanga氏、同社の統括支配人はJulio Benavides Chavez氏。契約相手はMMGなどが出資する銅鉱山運営会社Minera Las Bambas,hybrid,住民出資の企業が鉱山会社と直接契約｜自己資金で最新鋭トラック50台を購入｜5年間の銅精鉱輸送を独占的に受託｜隣接する集落にも同じ仕組みが波及｜認定を受けた運転手が安全基準で運行,2025,3,濃い,2022年8月に5年契約を結び、2024年11月に銅精鉱の輸送を始めた。2025年には隣の集落にも同じ仕組みが広がり、住民企業としての参加は続いている。,,,5,https://elcomercio.pe/economia/peru/las-bambas-suscribe-contrato-con-empresa-comunal-de-fuerabamba-para-transporte-de-concentrado-de-cobre-rmmn-noticia/｜https://proactivo.com.pe/empresa-comunal-apu-llallawa-recibe-el-premio-iberoamericano-a-la-calidad-empresarial-por-brindar-servicios-de-transporte-a-las-bambas/｜https://www.desdeadentro.pe/2024/11/empresa-comunal-apu-llallawa-de-fuerabamba-inicia-traslado-de-concentrado-de-cobre-de-minera-las-bambas/｜https://www.desdeadentro.pe/2025/03/empresa-comunal-corhuan-de-huancuire-inicia-traslado-de-concentrado-de-cobre-de-las-bambas/｜https://proactivo.com.pe/minera-las-bambas-desarrolla-exitosa-rueda-de-negocios-workshop-financiero,funding_scale,https://www.desdeadentro.pe/wp-content/uploads/2024/11/565001-2P3A1290-1-cb2fdc-original-1732119395.jpg,Desde Adentro（ペルー鉱業石油エネルギー協会 発行）,2026-09-02,https://yusu0326.github.io/terroir-site/p/pe-0001.html
ph-0001,有機農業で紛争を克服した町が、都市からの帰郷者を受け入れる全国初のモデル村をつくった,Kauswagan,フィリピン,Lanao del Norte,Kauswagan,24193,5万人未満,住む人を増やす・戻す,農林水産・食,2020,,判定不能,混合,ミンダナオ開発庁（MinDA、当時長官エマニュエル・ピニョル氏）と国家住宅公社（NHA）が中心となった国の「バリック・プロビンシャ、バゴン・パグアサ」（BP2）事業。受け入れ地はカウスワガン町役場（ロンメル・アルナド町長）。民間企業GNパワー・カウスワガン社が用地取得費を寄付した,hybrid,元反政府勢力向け有機農業事業を先行実施｜都市の帰郷希望者をBP2で公募・選定｜私企業が用地取得費1千万ペソを寄付｜集合住宅50戸を建設し200世帯分を計画｜農産物の買取企業と販売契約を先に締結,2023,3,薄い,2023年の続報はカウスワガン町の有機農業の実績を伝えるが、帰郷者村そのものの現況には触れていない,,,4,https://www.ikot.ph/1st-balik-probinsya-model-village-breaks-ground-in-lanao-del-norte-pinol/｜https://newsinfo.inquirer.net/1364176/lanao-norte-town-to-launch-balik-probinsya-village｜https://www.ikot.ph/kauswagans-balik-probinsya-gets-p15m-arnado/｜https://newsinfo.inquirer.net/1796095/from-arms-to-farms,,,,2026-09-02,https://yusu0326.github.io/terroir-site/p/ph-0001.html
pk-0001,店の看板と電線に覆われた旧市街の王の道を、掘り起こして遺産の姿に戻した,Shahi Guzargah,パキスタン,パンジャブ州,ラホール市（旧市街／Walled City of Lahore）,13004135,25万超,誇りをつくる,文化・アート・祭り,2012,,継続中,混合,ラホール旧市街庁（Walled City of Lahore Authority、2012年設立の準政府機関、事務局長Kamran Lashari氏）。The News（2023年10月29日）によれば、アガ・カーン文化サービス・パキスタン（AKCSP）がノルウェー大使館の助成を受けて修復の一部を担った,hybrid,電線・電話線・ガス管の地中化｜下水と雨水管の分離敷設｜石畳の敷設と歩道家具の設置｜店舗の不法占用の撤去と補償｜ファサードと壁画の修復｜開通を祝う3日間の文化祭の開催,2024,12,濃い,開通から3年以上あとの2023年10月、The News on Sundayが総括記事でWCLAの各事業の進捗（第1期2015年・第2期2018年完了、第4期進行中）を伝えている。,,,4,https://dailytimes.com.pk/101570/shahi-guzargah/｜https://www.thenews.com.pk/print/24852-jashn-e-shahi-guzargah-to-revive-culture-of-lahore｜https://www.thenews.com.pk/tns/detail/1123718-why-wcla｜https://the.akdn/en/where-we-work/south-asia/pakistan/walled-city-of-lahore-conservation-pakistan,end_year（プロジェクトは複数期に分かれて現在も継続しており、終了時期は出典に無い）,https://www.thenews.com.pk/assets/uploads/tns/2023-10-29/1123718_064122_tns.jpg,The News on Sunday（thenews.com.pk）,2026-09-04,https://yusu0326.github.io/terroir-site/p/pk-0001.html
pl-0001,児童養護の施設を出る若者が働いて仕事を覚えるためのホテルを、財団が開いて10年続けている,So Stay Hotel,ポーランド,ポモージェ県,グダンスク市,489160,25万超,商いを起こす,住まいと暮らし（住宅・医療・福祉・子育て）,2015,,継続中,NPO,Gdańska Fundacja Innowacji Społecznej（社会革新財団）。建物は市が所有し無償で貸す。改修にはデンマークの Velux 財団が出資した,hybrid,財団がホテルを1軒運営する｜施設を出る若者を雇って教える｜職業人が現場で技術を教える｜働く人が誰かを客に知らせない｜市有の空き建物を借りて使う,2025,10,濃い,2015年3月に17室のホテルとして開いた。2023年の取材では新型コロナとウクライナの戦争が財団に重くのしかかったこと、ホテルがウクライナからの避難民も雇うことにしたことが伝えられ、2025年に10年を迎えた。,,,3,https://www.e-hotelarz.pl/artykul/54662/so-stay-hotel-gdansk-pierwszy-hotel-naprawde-odpowiedzialny-spolecznie/｜https://cooperativecity.org/so-stay-polands-first-socially-responsible-hotel/｜https://publicystyka.ngo.pl/pomysl-odwaga-misja-10-lat-firmy-spolecznej-sostay-hotel-gfis-wywiad,,https://cooperativecity.org/wp-content/uploads/2023/04/so-stay.jpeg,Cooperative City,2026-08-19,https://yusu0326.github.io/terroir-site/p/pl-0001.html
pl-0002,6〜10歳に大学生が5回ひと組の講座を届け、企業訪問と学校まわりの緑地案の競技を組み合わせた市と大学の事業,Przedsiębiorcze Dzieciaki,ポーランド,ルブリン県,ルブリン市,339784,25万超,商いを起こす,学校・公共施設,2018,,継続中,混合,ルブリン市とマリ・キュリー＝スクウォドフスカ大学（UMCS）教育心理学部。市の側の担当の書かれ方は出典によって違い、2023年12月の記事では市の戦略・起業局の副局長 Monika Król が市の側から発言し、2024年2月の記事は、実施主体をルブリン市役所（文化局のうち、起業と創造産業の振興および企業との協働を担う係）と UMCS 教育心理学部の2つだと書いている。同じ枠組みの事業がウクライナのルーツクでも行われており、そちらの実施主体はルーツク市役所・レーシャ・ウクラインカ記念ヴォルィーニ国立大学・Fundacja Efekt Dziecka だと2024年2月の記事に書かれている,soft,6〜10歳に5回ひと組の講座｜研修した大学生が講座を進める｜市内の企業と創造産業を訪ねる｜国立銀行が貯蓄の回を受け持つ｜学校まわりの緑の空間の案を競う｜山羊の登場人物が全回に付き添う,2025,7,薄い,2025年2月5日の記事は、6つの版で2千人近い子どもが86の学級から参加し、115の企業と創造産業の担い手が関わり、166回の集まり・講座・企業訪問があったと書いている。,,,4,"https://radio.lublin.pl/2023/12/lublin-i-przedsiebiorcy-jak-wygladala-wspolpraca-podczas-europejskiej-stolicy-mlodziezy/｜https://www.lsi-lublin.pl/informacje-dnia/miasto-lublin-zaczyna-vi-edycje-projektu-przedsiebiorcze-dzieciaki/｜https://www.dziennikwschodni.pl/lublin/przedsiebiorcze-dzieciaki-jutro-rusza-rekrutacja,n,1000356765.html｜https://www.dziennikwschodni.pl/lublin/przedsiebiorcze-dzieciaki-odwiedzily-lubelskiego-koziolka,n,1000360523.html",,https://static2.dziennikwschodni.pl/data/articles/xga-16x9-przedsiebiorcze-dzieciaki-jutro-rusza-rekrutacja-1751780353.jpg,Dziennik Wschodni,2026-08-20,https://yusu0326.github.io/terroir-site/p/pl-0002.html
pt-0001,片岩の集落27を1つの名前で束ね直した,Aldeias do Xisto,ポルトガル,中部地方（ピニャル・インテリオル）,Pinhal Interior（13〜21自治体にまたがる）,180000,5万〜25万,誇りをつくる,空き家・空き店舗・遊休不動産,,,継続中,混合,ADXTUR - Agência para o Desenvolvimento Turístico das Aldeias do Xisto,hybrid,空き家の修復費を7割補助した｜27の集落を1つの名前で束ねた｜片岩の伝統的な建て方を残した,2021,,濃い,2005年3月にセルタン町で19棟の修復に7割の補助が付いた。2018年11月には国の観光公式サイトに載り、2019年8月には星空の暗さで国際認証を受けた。2020年7月には過去最良の6月と発表され、滞在が2〜3泊から5〜6泊に伸びたとされる。2021年時点で21自治体・100を超える民間事業者が参加している。,,,5,https://www.publico.pt/2005/03/14/jornal/programa-aldeias-do-xisto-recupera-19-edificios-na-serta-11137｜https://www.dinheirovivo.pt/economia/turismo-mantem-tendencia-de-crescimento-no-centro-12680794.html｜https://www.noticiasaominuto.com/lifestyle/1114661/aldeias-do-xisto-na-plataforma-visit-portugal｜https://observador.pt/2020/07/23/aldeias-do-xisto-assinalam-o-melhor-junho-de-sempre/｜https://www.noticiasaominuto.com/economia/1791588/aldeias-do-xisto-exploracao-do-destino-dark-sky-sera-potenciada,start_year｜elapsed_years,https://media-manager.noticiasaominuto.com/960/naom_58eb478b9ee56.webp,Notícias ao Minuto,2026-08-16,https://yusu0326.github.io/terroir-site/p/pt-0001.html
pt-0002,教会や旧酒蔵や廃校に書店を入れ、村ぜんぶを文学の場として売り出した,Vila Literária,ポルトガル,レイリア県,オビドス,,不明,人を呼ぶ,文化・アート・祭り,2011,,継続中,混合,オビドス町（自治体）と、出版社 Ler Devagar のジョゼ・ピニョとの協働。のちに Sociedade Vila Literária が運営に加わる,soft,教会や旧酒蔵に書店を入れた｜廃校と有機市場も書店にした｜町の博物館にも書店を置いた｜国際文学祭を毎年開いた｜ユネスコの認定に申請した,2023,12,濃い,2011年に町と出版社の協働として始まり、2015年12月にユネスコの創造都市（文学）に認定された。2020年7月には来訪が年200万人から1日870人に落ちた状態が報じられ、2023年5月に発案者の一人が死去した。,true,,5,https://www.dn.pt/artes/interior/obidos-classificada-vila-literaria-pela-unesco-4925027.html｜https://www.dn.pt/arquivo/diario-de-noticias/festival-literario-latitudes-abre-em-obidos-com-viagens-pela-musica-e-gastronomia-6250943.html｜https://www.dn.pt/artes/interior/aprender-a-rebeldia-com-os-livros-em-obidos-8875489.html｜https://www.dn.pt/arquivo/diario-de-noticias/obidos-dos-2-milhoes-de-turistas-por-ano-aos-870-por-dia-como-se-ergue-a-vila-dentro-da-muralha-12385706.html｜https://www.dn.pt/arquivo/diario-de-noticias/jose-pinho-morre-aos-69-anos-um-percurso-dedicado-ao-livro-e-a-democratizar-acesso-a-cultura-16447612.html,population_scale｜funding_scale,https://obidosvilaliteraria.com/site/wp-content/uploads/2016/05/CDU_2883-1-702x336.jpg,Óbidos Vila Literária（オビドス町の公式事業サイト）,2026-08-18,https://yusu0326.github.io/terroir-site/p/pt-0002.html
pt-0003,老朽化していた公設市場の一部を雑誌社が20年契約で借り受け、雑誌の編集部がキュレーションした飲食店だけを集めたフードホールにした。残る空間で生鮮市場を存続させたが、小規模な独立系小売店の営業許可を巡って運営会社との紛争が続いている,Mercado da Ribeira,ポルトガル,リスボン県,リスボン市（カイス・ド・ソドレ地区）,544851,25万超,人を呼ぶ,商店街・市場,2014,,継続中,民間（その他）,"Time Out Lisboa（ポルトガルの雑誌『Time Out』のリスボン版を発行する会社）。2010年にリスボン市が
募集した市場改修のコンセッション公募に唯一応募し、審査を通って建物1階の半分と2階全体
（5,000平米超）を20年間運営する権利を得た。開業時（2014年）の責任者はTime Out Lisboaの
ディレクター João Cepeda。現在の運営会社はTime Out Plcの子会社MC – Mercados da Capital, Ldaで、
2021年・2025年の出典に登場する統括責任者はディレクターのAna Alcobia。
",hybrid,老朽市場の公募に応募し20年運営権を獲得｜雑誌の編集部がキュレーションした店を誘致｜生鮮市場は建物の残り半分で存続させた｜コロナ休業中はテナントの家賃を免除｜小規模小売店の営業許可を巡り紛争が起きた,2025,11,濃い,2025年9月と10月、伝統的な小規模小売店の営業許可を巡り運営会社と出店者の紛争が報じられた。決着は出典からは確認できない。,,,6,https://www.publico.pt/2014/05/14/local/noticia/time-out-lisboa-inaugura-o-seu-mercado-da-ribeira-1635924｜https://www.publico.pt/2020/11/09/fugas/noticia/time-out-encerra-temporariamente-mercado-ribeira-1938513｜https://eco.sapo.pt/2021/12/23/lisboa-nao-se-deve-posicionar-no-turismo-de-massas-diz-diretora-geral-do-time-out-market/｜https://mesamarcada.com/2023/09/01/ha-um-novo-pigmeu-no-mercado-da-ribeira/｜https://mesamarcada.com/2025/09/30/pigmeu-da-ribeira-ameacado-de-expulsao-do-mercado-da-ribeira-por-300-contraordenacoes-que-diz-nunca-ter-recebido/｜https://mesamarcada.com/2025/10/02/time-out-market-responde-ao-pigmeu-11-coisas-que-se-esqueceu-de-referir-na-peticao/,,https://mesamarcada.com/wp-content/uploads/2025/10/time-out-market-lisboa_1-1.jpeg,Mesa Marcada,2026-08-31,https://yusu0326.github.io/terroir-site/p/pt-0003.html
pt-0004,「プラタフォルマ・ダス・アルテス」内に、創造産業の起業家向け市営インキュベーターを設けた,LabPac,ポルトガル,ブラガ県,ギマランイス市,156849,5万〜25万,商いを起こす,文化・アート・祭り,,,継続中,行政,"ギマランイス市（自治体）。marca.guimaraes.pt（市の広報媒体「Guimarães Marca」、2018年8月3日）は、
市を「起業家や各分野の専門家を、起業と育成に適した環境で受け入れる空間の管理主体」と位置づけている。
LabPacはSet.Up Guimarãesという起業支援網を構成する5つの分野別拠点
（創造・技術・農業・産業・社会）のうち創造分野を担う。
",soft,既存施設内に起業支援拠点を設置｜創造産業の起業家に個別区画13を提供｜活動歴3〜5年以内の企業に限定｜技術支援・伴走型の助言を提供｜公開イベントで入居企業を披露,2022,,薄い,2022年7月時点でLabPacは稼働を続けており、入居企業としてAlma AtelierとCo.Laの2社が紹介された。開設年は出典から確認できず、報道は2018年から2022年にわたる。,,true,4,https://marca.guimaraes.pt/set-up-guimaraes-incubadora-labpac/｜https://www.fpguimaraes.pt/um-ano-incubadora-labpac-no-set-up-guimaraes/｜https://linktoleaders.com/start-up-do-mes-we-pub-laboratorio-criativo/｜https://www.avepark.pt/e-de-pequenino-quese-visita-o-lab-pac/,start_year｜elapsed_years,https://www.fpguimaraes.pt/wp-content/uploads/2016/11/2_1_1280_720.jpg,FreePass Guimarães,2026-09-01,https://yusu0326.github.io/terroir-site/p/pt-0004.html
pt-0005,南北738km超の国道を『ポルトガルのルート66』と名付け、紙とアプリのスタンプ帳で35自治体の周遊を促した,Passaporte EN2,ポルトガル,全国縦断（トラス・オス・モンテス地方からアルガルヴェ地方まで、11県）,35自治体にまたがる（起点シャベス、終点ファロ）,,不明,人を呼ぶ,デジタル・情報発信,2018,,継続中,混合,"Associação de Municípios da Rota da Estrada Nacional 2（AMREN2、国道2号線ルート自治体連合）。
NiT（2018年9月11日）によれば、同連合は国道2号線が通る自治体が集まり
2016年11月に発足し、サンタ・マルタ・デ・ペナギアン町（Câmara de Santa Marta de Penaguião）が
主導した。2020年には、コインブラ大学理工学部の情報工学専攻の学生4人（João Paiva、Tiago Ribeiro、
Jason Wrisez、João Calhau）が、AMREN2とは別の主体として、AMREN2と提携する形でデジタル版アプリを
開発した（Jornal de Leiria、2020年1月14日）。
",soft,紙のパスポートを1€で発売した｜参加自治体の窓口で配布した｜学生がQRコード式アプリを開発した｜SNSやガイド本で情報発信した｜パートナー650件の推奨を予定した,2021,3,薄い,2018年に紙のパスポートが発売され、2020年に学生開発のアプリが加わった。2021年5月時点でAMREN2は認証施設の拡大を報告しているが、それ以降の状況を確認できる出典は見つかっていない。,,,3,https://www.nit.pt/fora-de-casa/na-cidade/route-66-portuguesa-ja-tem-um-passaporte-e-so-custa-um-euro｜https://www.jornaldeleiria.pt/noticia/criada-app-de-apoio-turistico-a-rota-da-estrada-nacional-3｜https://newinoeiras.nit.pt/fora-de-casa/a-route-66-portuguesa-ja-faz-76-anos-e-continua-a-ser-o-melhor-roteiro-do-pais,population_current｜population_scale｜funding_scale,https://newinoeiras.nit.pt/wp-content/plugins/madmen-opengraph-image-v2/madmen-opengraph-image.php?post_id=35503&ts=20210511120502,New in Oeiras (NiT),2026-09-02,https://yusu0326.github.io/terroir-site/p/pt-0005.html
ro-0001,若者が出した企画を市民のネット投票で選び、市が1件ずつ資金を出す仕組みを2015年から続けている,Com’ON Cluj-Napoca,ルーマニア,クルージュ県,クルージュ＝ナポカ市,286598,25万超,住民が決める,デジタル・情報発信,2015,,継続中,混合,運営は Grupul PONT。Federația Tinerilor din Cluj と組んで行なう。資金はクルージュ＝ナポカ市役所と市議会が出す,soft,若者3人以上の組で企画を出す｜市民がネット投票で選ぶ｜1件あたりの上限額を決めて配る｜立場の弱い組に別枠を設ける｜選ばれた組が自分で実施する｜企画づくりの相談役を置く,2026,11,濃い,2018年の第3回では最低50件が市の資金で実施されるとされ、2025年の回は123件の応募のうち52件が選ばれた。2026年の回も同じ形で募集が始まっている。,,,4,https://www.clujlife.com/2018/11/12/incepe-inscrierea-de-proiecte-la-comon-cluj-napoca-19/｜https://rtsa.ro/rtsa/index.php/rtsa/article/view/653｜https://cluj.com/articole/52-de-initiative-propuse-de-tineri-vor-prinde-viata-in-cadrul-comon-cluj-napoca-2025/｜https://www.napocanews.ro/2026/06/comon-cluj-napoca-a-dat-startul-tinerii-clujeni-pot-primi-pana-la-5-000-de-lei-pentru-a-si-pune-ideile-in-aplicare.html,,https://www.napocanews.ro/wp-content/uploads/2026/06/comon-clujnapoca-start-depunere-idei-2026.jpg,NapocaNews,2026-08-18,https://yusu0326.github.io/terroir-site/p/ro-0001.html
rs-0001,クルミの苗木1本ごとにデジタルトークンを発行し、世界中からの共同出資で農園を育てる仕組みを作った,The Walnut Fund,セルビア,ヴォイヴォディナ自治州スレム郡（モロヴィン）と中央セルビア・ポモラヴリェ郡（レコバツ）の2農園,レコバツ市ロムニツァ村（初のトークン発行対象）およびシド市モロヴィン村。運営会社の本社はノヴィ・サド市,8214,5万人未満,お金を地域で回す,デジタル・情報発信,2021,,継続中,民間（その他）,ノヴィ・サドを拠点とする5人チームが、新型コロナウイルスの感染拡大期に着想を得て興し、いったん停止・出資返還を経て2021年末に再稼働させた新興企業The Walnut Fund。共同創業者としてMilan Žikić氏の名がすべての出典に登場する（Forbes Srbija、2023年12月2日ほか）。同氏の肩書きについては出典間に食い違いがある（discrepancies参照）。,hybrid,クルミ苗木を1本単位でトークン化｜オンライン契約と入金で出資完了｜証券委員会がホワイトペーパーを承認｜収穫益の半分を出資者に分配｜ブロックチェーンで所有権を記録｜複数農園で植樹を段階的に拡大,2025,4,濃い,2024年8月にレコバツ農園向けの初回トークンが承認され、2025年1月にはパノニア農園での第2次植樹が進んでいるとNetokracijaは伝えている。,,,6,https://forbes.n1info.rs/novac/digitalno-investiranje-u-poljoprivredu/｜https://forbes.n1info.rs/inovacije/u-srbiji-izdati-prvi-digitalni-tokeni-za-ulaganje-u-agrar-ima-li-interesovanja-za-takvo-investiranje/｜https://www.agronews.rs/srpski-startap-the-walnut-fund-za-investiranje-u-stabla-oraha-dobijate-token-koji-vam-daje-pravo-na-podelu-dobiti/｜https://www.netokracija.rs/the-walnut-fund-srbija-221803｜https://licnefinansije.rs/2024/12/14/the-walnut-fund-nova-plantaza-u-ponudi/｜https://licnefinansije.rs/2025/06/08/kraj-za-walnut-fund-nove-informacije/,,https://www.agronews.rs/wp-content/uploads/2024/08/Screenshot-2024-08-17-at-10.55.23.png,AGRO VESTI（写真クレジット BizLife）,2026-09-04,https://yusu0326.github.io/terroir-site/p/rs-0001.html
rw-0001,月に2回、日曜の朝だけ幹線から車を締め出し、その場で健康の検診もやる日にした,Car Free Day,ルワンダ,キガリ市,キガリ市,1745555,25万超,歩けるようにする,交通・道路・駅,2016,,継続中,行政,キガリ市と国の省庁。KT Press（2024年11月3日）によれば、2024年11月3日の回には保健大臣サビン・ンサンジマナ氏、内閣担当大臣イネス・ムパンバラ氏、緊急事態管理担当大臣アルベール・ムラシラ氏、キガリ市助言評議会議長クリスチャン・カジェネリ氏、市長サミュエル・ドゥセンギユンバ氏が出ている。The New Times（2020年9月20日）によれば、2020年の再開はスポーツ省の告知にもとづくもので、スポーツ大臣オーロール・ミモザ・ムニャンガジュ氏と当時の市長プルデンス・ルビンギサ氏が参加した,soft,日曜の朝だけ幹線から車を出す｜ふだんの道路をそのまま使う｜その場で自由参加の検診をやる｜大臣と市長が一緒に走る｜国内の他の地域にも広がった,2026,10,濃い,2016年にキガリで月1回として始まり、2018年に隔週になったと2026年の論文が書いている。2020年3月に感染症で止まり、同年9月20日に再開した。同論文は2022年から2024年の連続測定でPM2.5が下がったと報告している。,,,4,https://www.newtimes.co.rw/news/hundreds-throng-kigali-streets-car-free-day-returns｜https://www.ktpress.rw/2024/11/car-free-day-rwandans-urged-to-embrace-healthy-active-lifestyles/｜https://www.ktpress.rw/2024/11/the-beauty-of-kigali-car-free-day-and-room-for-improvement/｜https://www.frontiersin.org/journals/future-transportation/articles/10.3389/ffutr.2026.1857164/full,funding_scale,https://www.ktpress.rw/wp-content/uploads/2024/11/GbcWf0LakAAe97y-scaled.jpeg,KT Press,2026-08-19,https://yusu0326.github.io/terroir-site/p/rw-0001.html
rw-0002,土砂崩れの危険地域の住民を移した住宅地に、森林再生と協同組合の太陽光発電を組み合わせた,Green Gicumbi,ルワンダ,北部州,ギチュンビ郡,448824,25万超,住む人を増やす・戻す,エネルギー・資源循環,2019,2026,終了,行政,ルワンダ・グリーン基金（FONERWA）が実施主体。資金提供はグリーン気候基金（GCF）。TOP AFRICA NEWS（2026年6月3日）によれば、事業地はギチュンビ郡で、地方自治体（MINALOC）・環境大臣・郡長も式典に参加した,hybrid,危険地域から住宅地へ移転｜劣化した森林を再生させる｜協同組合に太陽光発電を導入｜集水域と土壌流出を管理｜気候に強い農業へ転換支援,2026,7,濃い,2026年5月29日に事業は正式に終了したが、住宅移転・森林再生・協同組合支援の継続を地元が担う体制へ移行したとTOP AFRICA NEWSは伝えている。,,,3,https://www.ktpress.rw/2022/01/green-gicumbi-invests-rwf1-6billion-in-model-village/｜https://www.newtimes.co.rw/article/28875/news/featured/kolmena-group-ltd-hands-over-30kw-solar-power-system-to-rwanda-green-fund-and-good-neighbors-cooperative｜https://www.topafricanews.com/2026/06/03/gicumbi-residents-urged-to-preserve-green-gicumbi-legacy-as-the-32-million-project-concludes/,funding_scale,https://www.newtimes.co.rw/thenewtimes/uploads/images/2025/08/14/83821.jpg,The New Times,2026-09-03,https://yusu0326.github.io/terroir-site/p/rw-0002.html
se-0001,リンシェーピング市が、中心市街地の商店街ストルガータン通りを夏季の仮設歩行者道路から恒久的な歩行者専用道路へと段階的に転換した,Storgatan,スウェーデン,エステルイェータランド県,リンシェーピング,168737,5万〜25万,歩けるようにする,商店街・市場,2019,,継続中,行政,リンシェーピング市（サムハッレスビュグナーズネムンデン＝地域整備委員会が所管）。バス路線の付け替えには地域公共交通機関エストゥイェータトラフィケンも関わる,hybrid,工事に伴い偶発的に着想｜夏季10週間の仮設歩行者道路｜毎年恒例の行事に格上げ｜中心市街地交通計画を策定｜隣接街路のバス路線を付替え｜恒久的な歩行者専用道路に,2026,7,濃い,2019年に工事に伴う仮設の夏季歩行者道路として始まり、2022年に恒例化、2024〜2025年に周辺street整備が進み、2026年6月に恒久化したと複数記事が伝える。,,,11,https://www.corren.se/nyheter/linkoping/artikel/har-far-linkoping-en-helt-ny-gagata/rko6nmxl｜https://www.corren.se/nyheter/linkoping/artikel/planen-storgatan-blir-gagata-bussar-och-cykelstrak-flyttas/lqykzokr｜https://www.corren.se/nyheter/linkoping/artikel/beslutet-ar-fattat-det-blir-sommargagata-varje-ar-i-linkoping/jngy7g8l｜https://www.corren.se/nyheter/linkoping/artikel/planen-gata-i-centrala-linkoping-stangs-av-for-bilar-/j8eo001j｜https://www.corren.se/nyheter/linkoping/artikel/klart-nu-har-storgatan-blivit-gagata-igen-har-ar-arets-tema/r5vn02wj｜https://www.svt.se/nyheter/lokalt/ost/har-kommer-det-bli-permanent-gagata-i-linkopings-innerstad｜https://www.corren.se/nyheter/linkoping/artikel/tre-stora-projekt-i-centrala-linkoping-sa-byggs-torgen-om/r5199wwj｜https://www.corren.se/nyheter/linkoping/artikel/nu-stangs-torget-av-bussar-och-handlare-far-flytta-pa-sig/re7p520j｜https://www.svt.se/nyheter/lokalt/ost/nu-blir-storgatan-i-linkoping-gagata-permanent-jatteharligt｜https://www.corren.se/nyheter/linkoping/artikel/storgatan-blir-permanent-gagata-i-linkoping/rexv1q5l｜https://www.linkoping.se/stadsplanering-och-trafik/gator-och-torg/sommargagatan,funding_scale,https://ips.ntm.se/1l7qv51j?crop=2:1&width=1200&variant=1744405166000&format=jpeg,Corren,2026-09-02,https://yusu0326.github.io/terroir-site/p/se-0001.html
si-0001,製糖工場の廃水池の所有者になった鳥の団体が、そこを自然保護区にした。使い終えた船のコンテナが観察小屋で、水牛が草を食べて管理する,Naravni rezervat Ormoške lagune,スロベニア,ポドラウスカ統計地域（podravska statistična regija）,オルモジュ自治体（Občina Ormož）,11840,5万人未満,空間をひらく,自然・緑地・水辺,2010,,継続中,NPO,DOPPS（Društvo za opazovanje in proučevanje ptic Slovenije。スロベニアの鳥を観察し研究する団体）。自治体ではなくこの団体が区域の所有者になり、生息地の管理を行っている。2017年9月の式には、環境総局の総局長 Tanja Bolte、オルモジュ自治体の首長（župan）Alojz Sok、Tovarna sladkorja（TSO）の監督委員会の長 Hans Hogeweg、DOPPS の会長 Rudolf Tekavčič が出て、オランダ王国の大使 Bart Twaalfhoven も来たと Ptujinfo が書いている。2023年の Siol.net には、DOPPS の保護区の管理担当 Ana Vaupotič が出てくる,hybrid,廃水池に鳥の営巣島を掘ってつくる｜ドラヴァ川から水を引き入れ水位を調節する｜水牛を放して草と水草を食べさせる｜使い終えた船のコンテナを観察小屋にする｜10人を超える団体には案内を必須にする,2025,15,濃い,2023年、保護区の管理担当は Siol.net に、個人の客の入場は無料で、10人を超える団体には案内を付けると述べている。2025年10月、Ptujinfo は、保護区が11月3日から2026年3月31日まで工事のため閉まると報じた。,,,5,https://ptujinfo.com/novica/slovenija/naravni-rezervat-ormoske-lagune-uradno-odprt/56286｜https://spodnjepodravje.si/odprt-naravni-rezervat-ormoske-lagune/｜https://siol.net/trendi/potovanja/ormoske-lagune-od-industrijskega-obmocja-do-zanimive-izletniske-tocke-613269｜https://www.zurnal24.si/popotnik/naravni-rezervat-ki-ocara-410829｜https://ptujinfo.com/novica/lokalno/naravni-rezervat-ormoske-lagune-se-zapira/316162,funding_scale,https://editorial.netmedia.si/s3fs-public/styles/1280x720/public/slike/naslovne/2025/10/29/32105143_1821443891483699_6905281327101116416_o.jpg?h=ac414d4f,Ptujinfo,2026-08-20,https://yusu0326.github.io/terroir-site/p/si-0001.html
sl-0001,植えた木を1本ずつ地図に登録して育て、その記録を売って次の植樹の元手にした,#FreetownTheTreetown,シエラレオネ,西部地域,フリータウン,,不明,お金を地域で回す,自然・緑地・水辺,2020,,継続中,行政,フリータウン市（Freetown City Council）。The Sierra Leone Telegraph（2021年11月14日）に転載された市長イボンヌ・アキ＝サワイヤー氏の文章によれば、この取り組みは Transform Freetown の一部として2020年1月に始まった,hybrid,斜面と海岸に苗木を植える｜1本ずつ位置を記録して追う｜育てた人に携帯で払う｜記録を売って次の元手にする｜追跡の担い手を地区に置く,2025,5,濃い,"2020年1月に Transform Freetown の一部として始まり、2020年に25万本を植えた。2021年に最初の5,000本分の記録が売れている。2025年10月には5年前に植えた木の行方を国会議員が見に行ったと報じられ、市長は回復させた区域を守り続ける必要を述べている。",,,5,https://www.hvsl.org/post/from-freetown-to-treetown-can-urban-reforestation-build-environmental-resilience-in-sierra-leone｜https://www.shiftcities.org/post/freetown-treetown-campaign-using-digital-tools-encourage-tree-cultivation-cities｜https://www.thesierraleonetelegraph.com/mayor-aki-sawyerr-visits-freetownthetreetown-planting-locations/｜https://www.re-tv.org/articles/freetownthetreetown｜https://www.thesierraleonetelegraph.com/sierra-leone-parliamentarians-inspect-freetown-reforestation-efforts,population_current｜population_scale｜funding_scale,https://www.shiftcities.org/sites/default/files/styles/og_image/public/2022-01/freetown%20the%20treetown%20campaign.jpg?itok=g-mIwU18,UrbanShift,2026-08-19,https://yusu0326.github.io/terroir-site/p/sl-0001.html
sn-0001,現地の土を固めた煉瓦で丸天井の教室棟を建て、地域の職人と一緒に中等学校をつくった,CEM Kamanar,セネガル,ジガンショール州,チョンク・エシル,9064,5万人未満,誇りをつくる,学校・公共施設,2014,,継続中,設計事務所・建築家,建築設計事務所 dawoffice（David García・Aina Tugores）と、同事務所がつくった財団 Foundawtion,hard,敷地の土を固めた煉瓦で丸天井を組む｜教室棟を格子状に並べ、あとから足せるようにする｜もとからあった木を囲んで広場をつくる｜木の格子で風を通し、機械の冷房を使わない｜掘った跡地を運動場と菜園にする,2025,11,濃い,ArchDaily は2025年9月9日に、マドリードのカサ・デ・ラ・アルキテクトゥーラで開かれている展覧会がこの学校を取り上げたと伝えている。同記事は工事に地域の164人が加わったことと、2020〜2022年の周期のアガ・カーン建築賞を受けたことを併記している。,,,4,https://foundawtion.org/en/archivos/4604｜https://www.metalocus.es/en/news/sustainable-vaults-cem-kamanar-secondary-school-daw-office｜https://worldarchitecture.org/architecture-news/eneph/winners-announced-for-aga-khan-award-for-architecture-2022.html｜https://www.archdaily.com/1033933/architecture-is-cooperation-collective-projects-that-build-with-communities-and-professionals,population_current の年次（2005年の値しか取れなかった）,https://www.metalocus.es/sites/default/files/styles/mopis_fullslider_desktop/public/lead-images/metalocus_dawoffice_cem-kamanar_12_ph_cm_p.jpg?itok=QkncVBkS,METALOCUS,2026-08-20,https://yusu0326.github.io/terroir-site/p/sn-0001.html
th-0001,排水路の上に遊歩道を架けて公園にしたが、水のにおいの手当てが後回しになった,สวนสาธารณะคลองช่องนนทรี,タイ,バンコク都,バンコク都（バーンラック区・サートーン区・ヤーンナーワー区）,,不明,歩けるようにする,自然・緑地・水辺,2021,,縮小,行政,バンコク都（กทม.）。土木局（สำนักการโยธา）が所管する。着手は当時のアッサウィン・クワンムアン都知事のもとで行われた,hard,排水路の上に遊歩道を架けた｜活動用の広場を並べた｜処理した水で滝をつくった｜汚水を運河の下の管に分けた｜5区間に分けて順に発注した,2024,3,濃い,2021年12月に最初の区間が開いた。2022年に最後の2区間の入札が取り消され、2024年7月にはタイ・ラットが劣化を報じている。都は当初5区間だった計画を4区間に減らしたと説明している。,,,8,https://www.bangkokbiznews.com/news/966201｜https://www.thansettakij.com/property/503590｜https://www.bangkokbiznews.com/social/980575｜https://www.bangkokbiznews.com/politics/1036350｜https://www.thairath.co.th/scoop/theissue/2801701｜https://www.thairath.co.th/scoop/theissue/2803222｜https://www.thairath.co.th/scoop/theissue/2804309｜https://www.thairath.co.th/scoop/theissue/2805083,population_scale｜population_current,https://static.thairath.co.th/media/dFQROr7oWzulq5Fa6rBVncvRFqL0AoUh8EnFdo4KpLe34is5OFu8WfIHOe4sKxRZgdd.jpg,ไทยรัฐ（Thairath）,2026-08-19,https://yusu0326.github.io/terroir-site/p/th-0001.html
th-0002,運河を覆っていた市場を撤去して歩行者天国にしたが、開いた数か月後に市場が閉じた,คลองโอ่งอ่าง,タイ,バンコク都,バンコク都（プラナコーン区とサンパンタウォン区にまたがる）,,不明,人を呼ぶ,商店街・市場,2020,,縮小,行政,バンコク都（กทม.）。現地はプラナコーン区とサンパンタウォン区の2区にまたがり、護岸と運河にかかる工事は都の排水局（สนน.）が所管する,hard,運河を覆っていた市場を撤去した｜両岸に歩ける道をつくった｜壁に地域を描く壁画を入れた｜週末の夕方だけ市を開いた｜カヤックの発着場を置いた,2024,4,濃い,2020年に歩行者天国として開いたが、数か月で新型コロナにより市場が閉じた。2021年に UN-Habitat の賞を受けた一方、住民の参加が無かったとする検証も出た。2024年時点で人出は戻っていないと報じられている。,,,6,https://www.thairath.co.th/news/local/bangkok/1963110｜https://themomentum.co/citycalling-asiantownscapeawards/｜https://www.thairath.co.th/news/sustainable/2769604｜https://www.thairath.co.th/scoop/theissue/2795732｜https://www.thairath.co.th/scoop/theissue/2796467｜https://www.thairath.co.th/scoop/theissue/2810629,population_scale｜population_current,https://static.thairath.co.th/media/dFQROr7oWzulq5Fa5KPcGo4xn5UIDIjTQl9AQp0UTRWwOI20fZ7fxJ9yHgnf6saHKWR.jpg,ไทยรัฐ（Thairath）,2026-08-19,https://yusu0326.github.io/terroir-site/p/th-0002.html
tr-0001,川と岸辺を市の顔につくり替え、路面電車と公園を四半世紀かけて足した,Porsuk Çayı,トルコ,エスキシェヒル県,エスキシェヒル大都市自治体,921630,25万超,誇りをつくる,自然・緑地・水辺,1999,,継続中,行政,エスキシェヒル大都市自治体。1999年から2024年まで Yılmaz Büyükerşen が市長を務めた。Porsuk-1 の一部は Türkiye İş Bankası と組んで進めている,hard,川を改修して使えるようにする｜川沿いを公園と緑地にする｜路面電車の路線を敷く｜川沿いを再開発の区域に定める｜古い町並みの家屋を修復する｜川岸の土地を公有に移す,2026,27,濃い,1999年から2024年までの市長の在任中に川の改修・公園・路面電車が進んだ。2019年に川沿いを2つの再開発区域に指定し、2025年に旧公会堂の解体が始まった。2026年には次の市長が、指定した区域の多くで目立った進展が無かったとする一方、Porsuk-1・2 と Gündoğdu は続いていると述べている。,,,5,https://dergipark.org.tr/tr/pub/idealkent/article/1126927｜https://www.eskisehir.net/eskisehir-bes-ayri-alanda-yeniden-donusuyor｜https://www.eskisehir.net/eskisehirin-simgesi-porsukta-ikinci-buyuk-donusum-basliyor｜https://dergipark.org.tr/en/pub/kared/article/1695237｜https://www.eskisehir.net/eskisehirde-yeni-kentsel-donusum-projesi-binlerce-bina-yenilenecek,,https://www.eskisehir.bel.tr/img_sayfalar/big_54-2015-01-07-1420634582.jpg,エスキシェヒル大都市自治体（eskisehir.bel.tr）,2026-08-19,https://yusu0326.github.io/terroir-site/p/tr-0001.html
tr-0002,市が「困っている」と認めた世帯が水道・ガスの請求書をサイトに置き、払いたい人が選んで肩代わりする,Askıda Fatura,トルコ,イスタンブール県,イスタンブール市,,25万超,お金を地域で回す,デジタル・情報発信,2020,,継続中,行政,イスタンブール大都市自治体（İBB）。BirGün は2021年9月19日に、この事業を実施したのは İBB Bilgi İşlem Daire Başkanlığı（情報処理局）だと書いている。載る請求書は İBB の事業体である İSKİ と İGDAŞ の水道・ガスのもので、2020年5月4日の発表は市長（İBB Başkanı）の Ekrem İmamoğlu が行った,soft,市が認めた世帯の請求書を載せる｜払いたい人が請求書を選んで払う｜水道とガスの請求書を対象にする｜家族向け・母子向けの枠を足す｜学生に一度かぎり現金を渡す,2025,5,濃い,"2021年9月には2020年5月の開始からの累計で払われた請求書が28万件・4,100万トルコリラと報じられ、2024年8月には開設以来およそ1億5,500万トルコリラの寄付が集まったと報じられた。2025年には İmamoğlu らに向けられた容疑の1つの対象にされたと書かれている。",,,7,"https://bianet.org/haber/ibb-askida-fatura-uygulamasi-baslatti-223791｜https://www.birgun.net/haber/askida-fatura-uygulamasinin-odeme-sistemi-acildi-299819｜https://www.sozcu.com.tr/askida-fatura-uygulamasi-ile-41-bin-883-ailenin-faturasi-odendi-wp5798356｜https://www.birgun.net/haber/ibb-nin-askida-fatura-dayanismasinda-41-milyon-liraya-ulasildi-359219｜https://www.birgun.net/haber/ibb-nin-egitim-icin-askida-fatura-uygulamasi-devam-ediyor-550661｜https://www.birgun.net/haber/imamoglu-cagri-yapti-askida-fatura-kampanyasina-binlerce-bagis-yapildi-610329｜https://t24.com.tr/haber/ekrem-imamoglu-nun-cezaevinden-askida-fatura-cagrisina-binlerce-kisiden-destek,1228486",population_current,https://askidafatura.ibb.gov.tr/assets/image/logo.png,İBB Askıda Fatura（イスタンブール大都市自治体）,2026-08-20,https://yusu0326.github.io/terroir-site/p/tr-0002.html
tw-0001,村ぜんぶを美術館と呼び、豚舎を集会所に、空き家や倉庫を展示場にした。デング熱の流行で1年余り止まった,土溝農村美術館,台湾,台南市,台南市後壁區土溝里,1269,5万人未満,誇りをつくる,文化・アート・祭り,2012,,判定不能,混合,台南市土溝農村文化營造協會と、台南藝術大學の大学院を出て土溝に住みついた若者たち。展示の企画は「優雅農夫藝術工廠」が担った。2013年時点の協會理事長は吳冠霖、2017年時点の理事長は黃鼎堯である,hybrid,村ぜんぶを展示場と呼ぶ｜豚舎を改修して集会所にする｜住民が絵を習い自宅を展示場にする｜民間の募金で運営費を集める｜芸術家に村へ住んでもらう｜千人規模の宴会で資金を募る,2019,7,濃い,2013年11月の宴会は門票の所得が約150万台湾元だった。2017年8月の記事は、デング熱の流行で入場料の収入が足りず店がみな一時休業し、美術館に関わる動きが1年余り止まったのち、その年の夏に再び始まったと書いている。,,,7,https://www.newsmarket.com.tw/blog/11719/｜https://www.taiwan-panorama.com/Articles/Details?Guid=67f5bb2a-c2f9-4de7-8ede-4fb982393626&CatId=7｜https://www.newsmarket.com.tw/blog/41970/｜https://www.newsmarket.com.tw/blog/42004/｜https://ourisland.pts.org.tw/content/2427｜https://www.artist-magazine.com/edcontent_d.php?lang=tw&tb=8&id=621｜https://canopi.tw/culture-and-lifestyle/togoartmuseum/,,https://blogger.googleusercontent.com/img/b/R29vZ2xl/AVvXsEi84dpLmLUFd0l3YFC6Vbin2DoWdNzyHi-TVpEZCfVcNdVFwvbVkUwfIaW1FJF_JPmOWrazQFX6FcnO95I6tOakoqeyUvxOijxPM0aFDxUt0z2yNuKfxxFLIsqYPKIb_StSpZSYZGX6YtBH/s1600/DSCN7948.JPG,土溝農村美術館（公式ブログ）,2026-08-19,https://yusu0326.github.io/terroir-site/p/tw-0001.html
tw-0002,土地と収入をぜんぶ分け合う組合をつくり、毎朝の会議で仕事を割り振った。増えすぎた客は自分たちで半分に減らした,司馬庫斯,台湾,新竹県,尖石郷玉峰村（司馬庫斯）,1797,5万人未満,住民が決める,農林水産・食,2004,,継続中,住民組織,前頭目・倚岕．蘇隆（Icyeh Sulung）が部落の結束を呼びかけ、長老教会（台湾基督長老教会）の牧師の仲介や外部の研究者の助言も得て、2004年に土地・仕事・収入を分け合う仕組みを設立した（苦労網2009年、Sustainability誌2018年）。対外名称を苦労網（2009年）は「司馬庫斯部落勞動合作社」、天下雑誌（2023年）は「司馬庫斯部落發展協會」と伝えている。2023年時点の頭目は馬賽．蘇隆、部落発展協会総幹事は前頭目の息子である拉互依．倚岕（天下雑誌2023年）,hybrid,2000年に食堂を共同運営し土台を作る｜土地の使用権を出資分の株に換える｜毎朝の会議で仕事を割り振る｜収入を基金に集め均等の給料を払う｜旅行会社の団体客をやめ客数を半減させる｜教育・医療・冠婚葬祭を基金で賄う,2023,19,濃い,2004年に発足した仕組みは2023年時点で20年目を迎え、参加世帯の給料は月1万台湾元から3万台湾元に上がったと報じられている。,,,3,https://www.cw.com.tw/article/5126152｜https://www.coolloud.org.tw/node/46471｜https://www.mdpi.com/2071-1050/10/9/3259,,https://cdn-www.cw.com.tw/article/202306/article-6487e2495696c.JPG,天下雑誌／王建棟撮影,2026-08-30,https://yusu0326.github.io/terroir-site/p/tw-0002.html
tw-0003,治安の死角だった老朽商業ビルを2016年に爆破解体し、地下駐車場や擁壁を残したまま水盤を敷く広場にして、車道を渡らず行き来できる歩行空間にした,河樂廣場,台湾,台南市,台南市中西區,74859,5万〜25万,歩けるようにする,空き家・空き店舗・遊休不動産,2015,,継続中,混合,"2015年、当時の台南市長・賴清德が「運河星鑽」計画の実施を発表し（台灣英文新聞2020-03-06）、台南市政府が設計競技 「府城軸帶地景改造競圖」（建築師雜誌2020年9月号の表記。CLABO実験波2021-03-24は「國際」を含む 「府城軸帶地景改造國際競圖」と表記）を実施した。この競技でオランダのMVRDV・ 台湾の都市里人規劃設計有限公司（The Urbanists Collaborative）・李麗如建築師事務所（LLJ Architects） の案が採用された（建築師雜誌2020年9月号、設計チーム寄稿）。解体・整備の実務を担ったのは台南市政府 都市発展局で、後任の黃偉哲市長は3月7日の正式開放を控えた2020年3月6日、この広場を「親水空間」と評するコメントを公視新聞網に寄せている。用地の 権利者との調整も都市発展局が担い、局長・莊德樑氏が経緯を説明している（ShoppingDesign 2020-04-24）
",hybrid,老朽商業ビルを爆破解体｜地下駐車場と擁壁を保存し地形に活用｜遺構を白く塗装して保存展示｜循環ろ過した水道水で人工水盤を運用｜半年間の芸術プログラムを併催｜跨区段徴収で200戸超から同意取得,2021,6,濃い,2021年時点で、開幕から約1年後の渇水による断水や、水道水利用・遺構の白色塗装への批判を公視とCLABOが報じている,,,7,https://news.pts.org.tw/article/469359｜https://news.pts.org.tw/article/513489｜https://mag.clab.org.tw/clabo-article/tinan-spring-and-the-city/｜https://www.shoppingdesign.com.tw/post/view/5351｜https://www.twarchitect.org.tw/works/%E6%B2%B3%E6%A8%82%E5%BB%A3%E5%A0%B4/｜https://house.ettoday.net/news/1613164｜https://www.taiwannews.com.tw/ch/news/3891462,,https://cdn2.ettoday.net/images/4611/e4611902.jpg,ETtoday房產雲,2026-08-31,https://yusu0326.github.io/terroir-site/p/tw-0003.html
tw-0004,使われなくなった戦前の公設市場を、市が古蹟指定して改修し、建設会社が公募で運営権を得て、系列の財団がひらいた,新富町文化市場,台湾,台北市,台北市萬華区,167224,5万〜25万,空間をひらく,商店街・市場,2017,,継続中,混合,台北市場処（建物の所有者、2006年に市定古蹟に指定）、忠泰建設（2014年の公募落札者）、忠泰建築文化藝術基金會（忠泰集團傘下の非営利財団で、2017年3月から運営を受託）。誰が改修の実務を担い、誰が9年の運営権を得たかは出典によって書き方が異なる（詳細はdiscrepancies）,hybrid,台北市場処が2006年に市定古蹟に指定した｜忠泰建設が2014年の公募で運営権を得た｜建築家が可逆的な工法で内装を設計した｜精肉店の屋台2つと日式宿舎を保存した｜隣接市場と共存する展覧会を重ねた｜食育イベントで親子を呼び込んでいる,2026,9,濃い,2017年3月の運営開始から、2022年に賃料負担と契約満了(2024年)への言及、2024年に周辺市場との共催行事、2026年に運営10年の企画展が出典で確認できる。,,,4,https://www.taiwan-panorama.com/en/Articles/Details?Guid=eba9d9a5-8bfa-49ce-8a9e-b5f80797fd4f&CatId=10&postname=Taipei%27s+U-Mkt%3A+A+traditional+Market+Reborn｜https://www.gvm.com.tw/article/88370｜https://www.mottimes.com/article/detail/6035｜https://500times.udn.com/wtimes/story/12672/9699245,funding_scale,https://imgs.gvm.com.tw/upload/gallery/20220328/98673.jpg,遠見雜誌,2026-08-31,https://yusu0326.github.io/terroir-site/p/tw-0004.html
tw-0005,1989年に彰化の民俗村へ売られ解体された木造駅舎を、住民が10年以上求め続け、募金と台北市の予算で元位置近くに移築復元し、101歳の誕生日に開館した,新北投車站,台湾,台北市,台北市北投區,234362,5万〜25万,誇りをつくる,交通・道路・駅,2003,,継続中,混合,台北市政府文化局（のち運営は台北市文化基金會）と、北投の住民団体「北投八頭里仁協會」が中心。8頭里仁協會の買い戻し募金活動を、社區議題委員会主委の林冠宏氏（2013年時点）、理事長の戴秀芬氏（2014年時点）がそれぞれの時点で代表して語っている。地元の長安里長・陳章生氏は、2004年に自分が車站を迎え戻す運動を発起したと2018年の取材で述べている,hybrid,住民が10年以上要望を継続｜8頭里仁協會が買い戻し募金｜元位置から50m先へ移築再建｜台北市文化局が改修費を負担｜誕生日に合わせ式典を開催｜開館翌年に歴史建築へ登録,2023,20,濃い,2003年頃から北投の住民が車站を迎え戻す運動を続け、2014年2月に部材が台北へ戻り、2017年4月1日に七星公園で再建・開館した。2018年4月30日に歴史建築へ登録され、2023年3月時点も台北市文化基金會の運営で誕生日の催しが続いている。,,,6,https://www.taiwan-panorama.com/Articles/Details?Guid=36c17bb2-6911-46a2-900a-7f825563f535｜https://news.ltn.com.tw/news/life/paper/756524｜https://news.ltn.com.tw/news/life/breakingnews/2023083｜https://news.ltn.com.tw/news/life/breakingnews/2023541｜https://news.ltn.com.tw/news/life/breakingnews/2410953｜https://news.ltn.com.tw/news/life/breakingnews/4255801,,https://img.ltn.com.tw/Upload/news/600/2017/04/01/phpWq6ysC.jpg,自由時報,2026-08-31,https://yusu0326.github.io/terroir-site/p/tw-0005.html
tw-0006,露天商と住民が商圏発展協会をつくり、改造・禁煙・食材登録・仕入れ会社まで自分たちで決めてきた,寧夏夜市,台湾,臺北市,臺北市大同區,,不明,住民が決める,商店街・市場,2001,,継続中,住民組織,台北市寧夏商圈發展協會（2001年設立。大同区星明里の里長だった李秀男氏らが設立を主導した）。露天商の家庭に育ち、保険会社員から転身した林定国氏が2004年からこの協会に加わり、以後の改革を推進する中心人物になったと今周刊は伝えている,hybrid,里長らが商圏発展協会を設立した｜市の改造事業で歩道・配置を組み替えた｜千歳宴レストランを自ら開業した｜禁煙区域化を協会主導で進めた｜食材の産地登録を独自に広めた｜露天商2代目らが仕入れ会社を設立,2021,20,濃い,2021年3月に理事長が第4期から第5期に交代し、同年に経済部評価で全国5カ所のみの五つ星優良市集に選ばれたと報じられた。,,,6,https://www.gvm.com.tw/article/49700｜https://www.businesstoday.com.tw/article/category/183030/post/201408280012/｜https://www.gvm.com.tw/article/52114｜https://b2b.travelrich.tw/newweb/news_into.aspx?Second_classification_id=32&Subject_id=25417｜https://www.president.gov.tw/NEWS/25974｜https://www.cmmedia.com.tw/home/articles/26373,population_current｜population_scale,https://doqvf81n9htmm.cloudfront.net/data/crop_article/50684/9231082.jpg_600x450.jpg,今周刊（Business Today）,2026-09-01,https://yusu0326.github.io/terroir-site/p/tw-0006.html
tw-0007,日本向け輸出が細った黒鮪魚を、文化局長の発案で観光季の看板産品に据え、開始当初は総統も開幕に招いて四半世紀続く全国区の名物に育てた,屏東黑鮪魚文化觀光季,台湾,屏東県,屏東県東港鎮,45625,5万人未満,誇りをつくる,農林水産・食,2001,,継続中,行政,開始時（2001年）の主催は屏東県文化局で、発案者として名前が挙がるのは当時の局長・洪萬隆（台灣光華雑誌2005年7月。 同誌時点で洪は既に局長を退いている）。現在の主催は屏東県政府傳播暨国際事務処で（GVM城市学2024年4月22日、 自由時報2026年4月28日、三立新聞網2026年5月5日）、東港区漁会が「第一鮪」の認定・競りの実務を共催者として担っている （GVM城市学2024年4月22日）。文化局から現在の主管部局に至る間の変遷は、参照した出典からは確認できない。,soft,既存産品を3条件で選び直した｜近い産品を束ねてブランド名を与えた｜開幕に話題性のある人物を招いた｜週単位で記者会見を重ねた｜料理コンテストで郷土料理を競わせた｜保育議論を受けて体験型企画を広げた,2026,25,濃い,2005年の開幕行事、2019年の漁獲量減少への懸念、2024年の観光署認定と周辺地域への波及、 2026年の開幕音楽会の来場者数が出典で確認できる。,,,6,https://www.taiwan-panorama.com/Articles/Details?Guid=ce41334d-a133-4521-9d63-c5fd87ce23b2｜https://pansci.asia/archives/165734｜https://city.gvm.com.tw/article/112031｜https://news.ltn.com.tw/news/life/paper/1752719｜https://www.nownews.com/news/6817322｜https://www.setn.com/News.aspx?NewsID=1833852,funding_scale,https://imgs.gvm.com.tw/upload/gallery/20240421/168394.jpg,城市學（遠見雜誌）,2026-09-01,https://yusu0326.github.io/terroir-site/p/tw-0007.html
tw-0008,国防部所有の廃屋（元将官の官舎）を高齢者の共同食堂に変えた。食品銀行と学習室、非行少年向けカフェも同じ団地から生まれた,南機場樂活園地,台湾,台北市,台北市中正區忠勤里（南機場）,5526,5万人未満,空間をひらく,住まいと暮らし（住宅・医療・福祉・子育て）,,,継続中,混合,忠勤里里長の方荷生（1998年に里長に当選）。運営組織の名称は出典によって書き方が割れる。ETtoday（2017年）は「社團法人台北市臻佶祥社會服務協會」、MOT TIMES（2021年）は「南機場社區發展協會」と書いている。Right Plusの本文（2019年）も「社團法人臺北市臻佶祥社會服務協會」としているが、同記事の編集部による前書きだけは「南機場社區發展協會」としており、同一記事の中でも書き方が割れている,hybrid,廃屋の官舎を清掃し改修する｜高齢者向け共同食堂を開く｜余剰食品を集め食品銀行にする｜放課後の学習室を設ける｜非行少年向けカフェで職業訓練する｜寄付と募金で運営費を賄う,2023,,濃い,開始年は出典から確認できず、報道は2017年から2023年にわたる。2021年のMOT TIMESは自宅を担保にした多額の借入れを報じ、2023年の天下雜誌は毎日150人超が並ぶ無料パン配布と、廃校危機を機にした新しい福祉拠点の建設を報じている。,,,4,https://www.ettoday.net/news/20171210/1069289.htm｜https://rightplus.org/2019/11/10/fang-he-sheng-1/｜https://www.mottimes.com/article/detail/2305｜https://www.cw.com.tw/article/5125431,start_year｜elapsed_years｜funding_scale_total,https://cdn2.ettoday.net/images/2980/e2980162.jpg,ETtoday新聞雲,2026-09-01,https://yusu0326.github.io/terroir-site/p/tw-0008.html
tz-0001,通学路の交通事故を防ぐため、学校のまわりに横断歩道と歩道をNGOが作り続けている,Amend,タンザニア,全国（出典に出るのはダルエスサラーム州とタンガ州）,全国の学校周辺（出典に出る例はダルエスサラーム州テメケ区のマデンゲ小学校・ルヴマ小学校と、タンガ州タンガ市の複数の小学校）,,不明,歩けるようにする,学校・公共施設,,,継続中,NPO,Amend（タンザニアではAmend Tanzaniaとして活動する国際NGO）。Daily News（2022年11月13日）によれば、タンガ市の行動計画ではAmend Tanzaniaが事務局を務め、タンガ市議会・Botnar財団・ジュネーブに拠点を置くGlobal Road Safety Partnership（GRSP）が協力した。Bloomberg（2019年4月11日）によれば、Amendが運営するSARSAIという通学路安全化プログラムが、World Resources Institute（WRI）のWRI Ross Prize for Citiesの第1回受賞団体に選ばれた。,hybrid,学校前に横断歩道を作る｜歩道・歩道橋を新設する｜車道にハンプを設置する｜制限速度を時速30kmにする｜児童と運転手に安全教育をする｜バイクの歩道進入を柵で防ぐ,2022,,濃い,開始年は出典から確認できず、出典の掲載年は2019年から2022年にわたる。2022年11月17日の記事は児童・教員の証言で変化を伝えている。,,,4,https://www.bloomberg.com/news/articles/2019-04-11/how-walking-to-school-got-safer-in-dar-es-salaam｜https://www.michuzi.co.tz/2021/10/dc-jokate-awapongeza-amend-kuweka-alama.html｜https://dailynews.co.tz/tanga-launches-action-plan-to-ensure-road-safety-to-children-youths/｜https://dailynews.co.tz/ngo-raises-students-road-safety-awareness/,start_year｜elapsed_years｜population_scale｜population_current,https://assets.bwbx.io/images/users/iqjWHBFdfxIU/iCRd_g71cbUc/v0/1200x802.jpg,Bloomberg CityLab,2026-09-04,https://yusu0326.github.io/terroir-site/p/tz-0001.html
ua-0001,長く空いていた寮や幼稚園を直して、戦争で家を失った人の長期の住まいにした,КО-ХАТИ,ウクライナ,イヴァーノ＝フランキーウシク州,イヴァーノ＝フランキーウシク,257477,25万超,住む人を増やす・戻す,住まいと暮らし（住宅・医療・福祉・子育て）,2022,,継続中,NPO,METALAB（イヴァーノ＝フランキーウシクの都市ラボ）と Urban Curators（キーウ）。のちに慈善基金「КО-ХАТИ」,hard,空いた建物を探して住戸に作り替える｜自治体と組んで対象の建物を選ぶ｜間取りを引き直し家具まで入れる｜避難した人が修繕の担い手になる｜入居は自治体が受け持つ,2025,3,濃い,"ZAXID.NET は2025年11月5日に、カルーシュの「Зірочка」の入居申込みを12月5日まで受け付けていると伝えている。同記事によれば、入居は2026年1月より前にはならない予定で、月々の負担はおよそ1,900〜6,600フリヴニャとされている。",,,7,https://report.if.ua/statti/ko-haty-aby-zhyty-yak-volontery-u-frankivsku-ta-kamyanci-peretvoryuyut-zanedbani-budynky-v-zhytlo-dlya-vpo/｜https://report.if.ua/socium/ko-haty-oblashtovuyut-zhytlo-dlya-130-vpo-u-tlumachi/｜https://pragmatika.media/news/proiekt-tymchasovoho-zhytla-dlia-vpo-ko-khaty-otrymav-prestyzhnu-nahorodu-world-habitat-awards-2024/｜https://report.if.ua/socium/iniciatyva-ko-haty-vidremontuye-pryhystky-dlya-vpo-na-prykarpatti-yak-podaty-zayavku/｜https://report.if.ua/lyudy/u-kalushi-kolyshnij-zhytsadok-peretvoryuyut-na-zhytlo-dlya-vpo-video/｜https://zaxid.net/stalo_vidomo_skilki_koshtuvatime_prozhivannya_u_novomu_zhk_dlya_pereselentsiv_na_prikarpatti_n1622973｜https://galka.if.ua/u-frankivsku-volonteri-dlya-pereselencziv-vidnovili-starij-gurtozhitok-foto/,,https://report.if.ua/wp-content/uploads/2023/03/hotel-makuhy-e1729237001956.jpeg,Репортер,2026-08-19,https://yusu0326.github.io/terroir-site/p/ua-0001.html
ua-0002,公共のレストランの純利益の8割を、市内の事業の助成に回した,Urban Space 100,ウクライナ,イヴァーノ＝フランキーウシク州,イヴァーノ＝フランキーウシク,257477,25万超,お金を地域で回す,商店街・市場,2014,,継続中,混合,市民プラットフォーム「Тепле місто」と100人の共同創設者、運営会社「23.Ресторани」,soft,純利益の8割を助成に回す｜食事や土産の代金が原資になる｜共同創設者の投票で選ぶ｜市内の事業だけを対象にする｜季節ごとに公募を開く,2026,12,濃い,"Репортер は2026年7月26日に、夏の回では11件の応募から5件が選ばれ、総額202,105フリヴニャが配られたと伝えている。同記事によれば、累計では196件・8,982,519フリヴニャになった。",,,6,https://galka.if.ua/v-urban-space-oholosyly-peremozhtsiv-litnoho-sezonu-hrantiv/｜https://report.if.ua/lyudy/pidtrymka-vijskovyh-urban-space-100-ogolosyv-peremozhciv-zymovogo-grantovogo-sezonu/｜https://galka.if.ua/nazvaly-peremozhtsiv-osinnoho-grantovoho-sezonu-urban-space-100/｜https://report.if.ua/socium/ponad-200-tysyach-na-drony-ta-skvery-urban-space-100-vyznachyv-peremozhciv-litnogo-%D2%91rantovogo-sezonu/｜https://ain.ua/2025/08/23/iak-praciuje-urban-space-100/｜https://hromadske.ua/posts/stati-drajverom-zmin-yak-teple-misto-transformuye-ivano-frankivsk,,https://cdn.ain.ua/ua/og-images/TXfKAdLGymw4GapkjAdZ2Ne3eCKRRPpOdyI1iYuC.jpg,AIN.UA,2026-08-19,https://yusu0326.github.io/terroir-site/p/ua-0002.html
ua-0003,毎年秋の市民マラソンに慈善の部を置き、その参加費を全額寄付に回した,Франківський півмарафон,ウクライナ,イヴァーノ＝フランキーウシク州,イヴァーノ＝フランキーウシク,257477,25万超,人を呼ぶ,文化・アート・祭り,2014,,継続中,混合,Frankivsk Half Marathon（FHM）の運営と、退役軍人と市民の団体「ветераницивільні Петрос」,soft,毎年秋に市内にコースを敷く｜100mから21kmまで揃える｜子どもの部を無料にする｜慈善の部の参加費を全額渡す,2025,11,濃い,"Галка は2025年9月28日に、12年目の大会に1,800人が参加し、これは大会の歴史で最も多いと伝えている。Репортер は同じ日に、参加者は1,500人を超えたこと、運営者の話として21.1キロには650を超える登録があったことを書いている。",,,6,https://kurs.if.ua/sport/startuvav-shostyj-frankivskyj-pivmarafon/｜https://report.if.ua/socium/na-zabigu-imeni-sergiya-karavancya-u-frankivsku-zbyratymut-1-miljon-na-sportyvne-obladnannya-dlya-veteraniv/｜https://galka.if.ua/frankivskyy-pivmarafon-2024-ob-iednav-1750-uchasnykiv-fotoreportazh/｜https://kurs.if.ua/society/big-zarady-tyh-hto-ne-zupynyayetsya-frankivsk-half-marathon-2025-pidtrymuye-adaptyvnyj-sport/｜https://galka.if.ua/frankivskyy-pivmarafon-2025-ob-iednav-1800-uchasnykiv-fotoreportazh/｜https://report.if.ua/statti/z-borshchem-vbolivalnykamy-ta-zborom-dlya-veteraniv-12-frankivsk-half-marathon-zibrav-rekordnu-kilkist-uchasnykiv-foto/,,https://kurs.if.ua/wp-content/uploads/2025/07/img_5437.jpg,КУРС,2026-08-19,https://yusu0326.github.io/terroir-site/p/ua-0003.html
ug-0001,コーヒー生産者協同組合が自前のラジオ局と信用協同組合(SACCO)を立ち上げ、農家への融資と支払いを組合経由で回す仕組みを作った,Bugisu Cooperative Union,ウガンダ,ウガンダ東部地域（ブギス準地域 / Bugisu Sub-region）,ムバレ市（Mbale City）,289941,25万超,お金を地域で回す,農林水産・食,2019,,継続中,住民組織,Bugisu Cooperative Union（BCU、1954年設立の農業協同組合）。The Cooperator News（2019年11月11日）によれば、議長はナンダラ・マファビ氏（Budadiri West選出国会議員）で、ラジオ局の運営はJames Kutosi理事が担当した。同紙（2020年1月8日）によれば、SACCO設立はJohny Isaiah Sasaga理事が担当した。2026年時点でSasaga氏はシロンコ・バレー・ゾーン理事とBudadiri East選出国会議員を兼ねているとThe Independentは伝えている。,hybrid,自前のラジオ局BCU FMを開局｜信用協同組合(SACCO)を新設｜農家への前貸し融資を開始｜ゾーン別に農家を訪問し説得｜コーヒー加工機械の導入を要請,2026,7,濃い,2026年4月時点でBCUは、2022〜2024年分の農家への追加払いを準備中とし、加工機械の導入へ1億2000万米ドルの政府支援を求めていると述べた。,,,7,https://thecooperator.news/bugisu-cooperative-union-opens-ugandas-first-cooperative-radio-station/｜https://thecooperator.news/bugisu-cooperative-union-to-launch-sacco-to-support-member-farmers/｜https://thecooperator.news/bcu-mobilises-coffee-farmers-offers-cheap-loans/｜https://www.independent.co.ug/farmers-resume-selling-coffee-to-bugisu-cooperative-union/｜https://www.monitor.co.ug/uganda/news/national/farmers-accuse-nandala-led-bcu-of-stifling-coffee-farming--4298636｜https://thecooperator.news/we-owe-coffee-farmers-shs-6bln-says-bcu/｜https://www.independent.co.ug/bcu-seeks-120m-govt-support-for-coffee-value-addition/,,https://thecooperator.news/wp-content/uploads/2022/09/BCU-Chairman-Nathan-Nandala-Mafabi-addressing-some-of-the-coffee-farmers-in-Nyondo-Sub-county-Courtesy-photo..jpg,The Cooperator News,2026-09-03,https://yusu0326.github.io/terroir-site/p/ug-0001.html
us-0001,廃止された高架貨物線を、そのまま2.4kmの公園にした,High Line,アメリカ合衆国,ニューヨーク州,ニューヨーク市（マンハッタン）,8585000,25万超,空間をひらく,交通・道路・駅,2009,,継続中,混合,ニューヨーク市と Friends of the High Line（501(c)3）,hard,廃止された高架貨物線を公園にした｜非営利団体が運営を引き受けた｜2.4kmの遊歩道として通した｜沿線に美術館と大規模開発が付いた,2024,15,濃い,2009年6月に開園し、2014年9月にレールヤード区間、2019年6月に最後の Spur 区間が加わった。2019年6月の報道は年間約800万人が訪れる一方でジェントリフィケーションの原因だとする批判があると伝え、2024年7月の15年目の検証では、運営団体がその影響を認めて他都市に助言する High Line Network を立ち上げたことが語られている。,,,4,https://nonprofitquarterly.org/2014/09/25/controversial-nyc-high-line-completed-to-fanfare-and-debate｜https://globalnews.ca/news/5371763/new-york-high-line-park-10-years/｜https://www.architectmagazine.com/design/urbanism-planning/the-high-line-at-10_o｜https://gothamist.com/arts-entertainment/how-the-high-line-changed-nyc-a-poster-child-for-gentrification-and-adaptive-reuse,,https://nonprofitquarterly.org/wp-content/uploads/2014/09/High-Line.jpg,Nonprofit Quarterly,2026-08-17,https://yusu0326.github.io/terroir-site/p/us-0001.html
us-0002,市街地を囲む22マイルの帯を緑道に変え、沿線に安価な住宅を作ると約束した,Atlanta BeltLine,アメリカ合衆国,ジョージア州,アトランタ,529110,25万超,歩けるようにする,交通・道路・駅,2006,,継続中,混合,"Atlanta BeltLine, Inc.（アトランタ市の事業体）",hard,22マイルの環状の帯に緑道を通す｜沿線に公園と自転車道を作る｜税の増収分を沿線の整備にあてる｜沿線に安価な住宅を作るか保つ｜路面交通を通す計画を持ち続ける,2026,20,濃い,"2017年8月の AJC は、市議会が求めた5,600戸のうち資金が付いたのはごく一部だったと書いている。2022年3月には53%、2026年4月には79%（4,425戸）に達したと事業体が発表したと報じられた。",,,8,https://www.atlantamagazine.com/list/where-does-atlanta-beltline-go-from-here/atlanta-beltline-timeline/｜https://saportareport.com/ryan-gravel-nathaniel-smith-resign-beltline-partnership-board-equity-concerns/sections/reports/maria_saporta/｜https://www.ajc.com/news/local/how-the-atlanta-beltline-broke-its-promise-affordable-housing/0VXnu1BlYC0IbA9U4u2CEM/｜https://www.ajc.com/blog/investigations/beltline-ceo-put-affordable-housing-first-but-deserve-for-effort/4oqPTgSyGs9J59LhhSICSI/｜https://www.ajc.com/blog/investigations/advocates-data-reveals-signs-that-poor-are-being-pushed-out-atlanta-beltline-neighborhoods/QQ2cKwb1f8o91E9Z3KXSzK/｜https://www.cogitatiopress.com/urbanplanning/article/view/999｜https://atlantaciviccircle.org/2022/03/23/peoplestown-project-puts-beltline-halfway-to-affordable-housing-goal-but-more-units-needed/｜https://saportareport.com/beltline-on-track-to-exceed-goal-of-5600-affordable-homes-by-2030/columnists/delaney-tarr/delaneytarr/,,https://saportakinsta.s3.amazonaws.com/wp-content/uploads/2016/03/old-fourth-ward-beltline.jpg,SaportaReport,2026-08-19,https://yusu0326.github.io/terroir-site/p/us-0002.html
us-0003,採石場の跡地を市でいちばん大きな公園にし、非常用の貯水池をそなえた,Westside Park,アメリカ合衆国,ジョージア州,アトランタ,,不明,誇りをつくる,自然・緑地・水辺,2006,,継続中,混合,アトランタ市（第1期には民間財団からの寄付が入っている）,hard,"採石場の跡地を市の公園にする｜非常用の貯水池をそなえる｜第1期を4,400万ドルで開く｜既存の緑道と園路をつなぐ",2025,19,濃い,Urbanize Atlanta は2025年7月3日に、この公園を Shirley Clarke Franklin Park と呼び（以前は Westside Park と呼ばれていたと同記事は書いている）、開園から4年になるのに合わせて期待に応えてきたかを問うている。同記事によれば、貯水池はアトランタの水の備えを3日分から1か月分以上に延ばした。,,,4,https://saportareport.com/westside-park-surrounding-communities-at-a-critical-juncture-deserve-complete-leadership/｜https://atlanta.urbanize.city/post/24-photos-wandering-atlantas-largest-public-park-now-open｜https://www.atlantamagazine.com/news-culture-articles/everything-you-need-to-know-about-atlantas-new-westside-park/｜https://atlanta.urbanize.city/post/westside-park-four-years-later-ATL-largest-greenspace-met-expectations,population_current｜population_scale,https://atlanta.urbanize.city/sites/default/files/styles/social_1200x630/public/background/2025-07/lead%20Shirley%20Clarke%20Franklin%20Park%20Westside%20Park%20June%202025.png?itok=yrhvASRx,Urbanize Atlanta,2026-08-20,https://yusu0326.github.io/terroir-site/p/us-0003.html
us-0004,州が地引き網漁を禁じ、職を失った漁師たちが州有の水面をリースしてハマグリ養殖という商いを興した,Cedar Key,アメリカ合衆国,フロリダ州,シーダーキー,875,5万人未満,商いを起こす,自然・緑地・水辺,1994,,継続中,混合,フロリダ大学IFAS（農業・食料科学研究所）の水産養殖普及員レスリー・スターマー氏が、フォートピアースの民間海洋研究機関ハーバーブランチ海洋研究所とともに元漁師の転換研修を主導し、それを経た漁師たちが個々にハマグリ養殖業を始めた,hybrid,州が地引き網漁を禁止した｜元漁師に養殖の転換研修をした｜州有水面を10年契約でリースした｜ふ化場から稚貝を仕入れて育てた｜家族経営の養殖業者が乱立した｜気温上昇に耐える品種を選抜した,2026,32,濃い,1994年の禁漁から2026年まで報道が続き、1998年の急成長、2006年のハリケーン耐性、2024年の壊滅的被害、2026年の高水温対策までを一続きの記録として追える。,,,5,https://archive.news.ufl.edu/articles/1998/02/clams-turn-florida-fishermen-into-farmers-production-could-lead-nation-in-98.html｜https://archive.news.ufl.edu/articles/2006/04/uf-extension-agent-says-new-pickup-trucks-in-cedar-key-reflect-economic-impact-.html｜https://www.wusf.org/weather/2024-09-30/complete-devastation-cedar-key-assesses-hurricane-helene-impact-local-businesses｜https://www.globalseafood.org/advocate/floridas-weatherbeaten-clam-farming-community-may-be-hanging-by-a-thread-but-its-a-strong-one/｜https://www.wusf.org/environment/2026-04-26/why-cedar-key-became-a-major-aquaculture-site-known-as-a-working-waterfront-generating-millions-each-year,funding_scale,https://npr.brightspotcdn.com/dims4/default/01acf13/2147483647/strip/true/crop/5251x2757+0+99/resize/1200x630!/quality/90/?url=https%3A%2F%2Fnpr.brightspotcdn.com%2Fdims3%2Fdefault%2Fstrip%2Ffalse%2Fcrop%2F5251x2954%200%20270%2Fresize%2F5251x2954%21%2F%3Furl%3Dhttp%3A%2F%2Fnpr-brightspot.s3.amazonaws.com%2F93%2Fb5%2Fac574a3c48b18eb1e208c273fba9%2Flantor-clammingexplainer-8.jpg,WUFT News,2026-09-02,https://yusu0326.github.io/terroir-site/p/us-0004.html
uy-0001,モンテビデオ旧市街シウダー・ビエハで、市が3本の街路の車道を縮小し歩道を広げる「Late Ciudad Vieja」計画を2021年に始動、2024年までに順次工事を終えた,Late Ciudad Vieja,ウルグアイ,モンテビデオ県（Departamento de Montevideo）,モンテビデオ市 シウダー・ビエハ地区（Municipio B管轄内、リンコン通り・コロン通り・レコンキスタ通りの周辺）,1302954,25万超,歩けるようにする,交通・道路・駅,2021,,継続中,行政,モンテビデオ市庁（Intendencia de Montevideo）。2021年8月30日の計画発表はカロリーナ・コッセ市長（当時）が行い、詳細説明は都市計画局長ルイス・オレジオーニ氏が担当した（Teledoce、2021年8月30日）。2024年6月のコロン通り開通式には後任のマウリシオ・スニーノ暫定市長（当時、intendente interino）が他の局長らとともに出席し、同年10月のレコンキスタ公園開通式にも同氏が他の局長らとともに出席した（モンテビデオ市公式サイト、2024年6月10日／モンテビデオ・ポルタル、2024年10月17日）。,hybrid,3街路の車道幅を縮小｜段階的に半歩行者専用化｜154店舗の税を1年免除｜住宅改修へ無利子融資、外壁改修へ別途補助金｜廉価賃貸住宅80戸を提供｜簡易宿泊所18軒の改善を支援,2024,3,濃い,2021年8月の計画発表後、2023年5月にリンコン通りから着工し、2024年10月までにコロン通り・レコンキスタ通りを含む3街路すべてが開通した。,,,9,https://www.montevideo.com.uy/Noticias/Se-inauguro-el-programa-Late-Ciudad-Vieja-para-cuidar-el-futuro-del-barrio-uc796727｜https://www.teledoce.com/telemundo/nacionales/el-plan-de-la-intendencia-para-ciudad-vieja-mas-calles-peatonales-refaccion-de-fachadas-y-alquileres-accesibles/｜https://www.infobae.com/america/america-latina/2023/07/25/lanzan-un-plan-para-revertir-el-deterioro-del-barrio-historico-de-montevideo-hay-edificios-que-dan-pena/｜https://970universal.com/2023/09/12/iniciaron-las-obras-de-peatonalizacion-en-la-calle-reconquista/｜https://montevideo.gub.uy/noticias/urbanismo-y-obras/inicio-de-obras-en-ciudad-vieja｜https://montevideo.gub.uy/noticias/urbanismo-y-obras/comercios-ubicados-en-las-calles-rincon-colon-y-reconquista-seran-exonerados-por-un-ano-del-pago-del｜https://montevideo.gub.uy/noticias/urbanismo-y-obras/inauguracion-de-las-obras-obra-en-la-calle-rincon｜https://montevideo.gub.uy/noticias/urbanismo-y-obras/inauguracion-de-la-obra-en-calle-colon｜https://www.montevideo.com.uy/Noticias/IM-inauguro-nuevo-parque-lineal-en-calle-Reconquista-asi-quedo-esa-zona-de-Ciudad-Vieja-uc903617,,https://imagenes.montevideo.com.uy/imgnoticias/202410/_W1200/898527.jpg,Montevideo Portal,2026-09-03,https://yusu0326.github.io/terroir-site/p/uy-0001.html
vn-0001,湖のまわりの通りを週末だけ歩行者にひらいた,phố đi bộ hồ Hoàn Kiếm,ベトナム,ハノイ市,Hoàn Kiếm（ハノイ市ホアンキエム区）,8400000,25万超,歩けるようにする,交通・道路・駅,2016,,継続中,行政,UBND quận Hoàn Kiếm（ホアンキエム区人民委員会）,soft,週末だけ車を止めて通りを開ける｜区の人民委員会が試行として始めた｜飲食店の営業を深夜2時まで延ばした｜文化行事の会場として貸し出した,2025,9,濃い,"2016年9月に年末までの試行として始まり、2017年にホアンキエム区が暫定の運営規則を定めた。区における国家予算収入は2016年の5,387十億ドンから2019年の推計9,749十億ドンへ増えたと2020年1月に報じられている。2025年3月時点でも運営時間の調整が続く。",,,5,https://tuoitre.vn/toi-19-thi-diem-pho-di-bo-quanh-ho-hoan-kiem-1163428.htm｜https://tuoitre.vn/toi-19-khai-mac-pho-di-bo-quanh-ho-hoan-kiem-1163569.htm｜https://nhandan.vn/phat-huy-khong-gian-pho-di-bo-post472923.html｜https://vietnamnet.vn/pho-di-bo-ho-hoan-kiem-mo-lien-tuc-6-ngay-dip-le-30-4-va-1-5-2274270.html｜https://nhandan.vn/dieu-chinh-thoi-gian-hoat-dong-khong-gian-di-bo-khu-vuc-ho-hoan-kiem-post863652.html,funding_scale,https://cdn.nhandan.vn/images/IvCZyovHroGqKo00FqhL-DZMLcfLFywYTnYuu8LLdUsz-21oRU7knxgIEgO5Qek_b5JSMGFH9PIS66BjDdibMGFIXDuzWjEgt13iMxMcB5c/img-1943-7340-7428-6629.jpg.webp,Nhân Dân,2026-08-16,https://yusu0326.github.io/terroir-site/p/vn-0001.html
vn-0002,洪水に沈む集落を洪水ごと見せる観光地にした,Tân Hóa,ベトナム,クアンビン省,Tân Hóa（ミンホア県タンホア社）,3075,5万人未満,人を呼ぶ,自然・緑地・水辺,2011,,継続中,民間（その他）,Công ty Oxalis,soft,洞窟の探検ツアーを外部企業が始めた｜住民が食事と宿泊を受け持った｜観光客を浮く家に泊まらせた,2024,13,薄い,2011年にオクサリス社が洞窟ツアーの調査と試験運行の許可を得て観光が始まり、2014年からクアンビン省が事業者と組んで段階的な戦略をつくった。2022年末に国の観光当局が応募を勧め、2023年10月19日にUNWTOの世界最良の観光村に選ばれた。,,,4,https://thanhnien.vn/tan-hoa-ron-lu-quang-binh-co-gi-ma-thanh-lang-du-lich-tot-nhat-the-gioi-185231019184624329.htm｜https://nhandan.vn/tan-hoa-quang-binh-duoc-vinh-danh-la-lang-du-lich-tot-nhat-the-gioi-post778477.html｜https://baochinhphu.vn/tan-hoa-quang-binh-mot-trong-nhung-lang-du-lich-tot-nhat-the-gioi-10223101917111112.htm｜https://danviet.vn/du-khach-cheo-sup-o-nha-phao-trai-nghiem-vung-ron-lu-quang-binh-20240923132454727.htm,funding_scale,https://danviet.ex-cdn.com/files/f1/296231569849192448/2024/9/23/lu-tan-hoa2-17270677413071084859988-0-0-720-1152-crop-17270713426191980642535.jpg,Dân Việt,2026-08-16,https://yusu0326.github.io/terroir-site/p/vn-0002.html
vn-0003,400年続く野菜の村を、市が売る体験の場に切り替えた,Trà Quế,ベトナム,クアンナム省,ホイアン市,110000,5万〜25万,人を呼ぶ,農林水産・食,2020,,継続中,混合,ホイアン市（文化・スポーツ・放送センター）と Trà Quế の栽培農家,soft,入場券の販売を市の事業体に移した｜畑での農作業を体験に組み込んだ｜化学肥料を使わない申し合わせを守った｜国の無形文化遺産の認定を取った,2025,5,濃い,2020年に入場券の販売と投資がホイアン市の事業体に移り、2022年4月には野菜栽培が国の無形文化遺産に認定された。2024年11月には国連観光機関が世界最良の観光村に選び、同年の来訪は3万人を超えたと2025年1月に報じられている。,,,6,https://danviet.vn/quang-nam-lang-rau-300-tuoi-nam-ke-di-san-cua-viet-nam-de-xuat-la-lang-du-lich-tot-nhat-the-gioi-20240818140210432.htm｜https://tuoitre.vn/lang-rau-co-gan-400-nam-o-hoi-an-thanh-lang-du-lich-tot-nhat-the-gioi-20241105110641204.htm｜https://thanhnien.vn/lang-rau-tra-que-la-lang-du-lich-tot-nhat-the-gioi-185241115100532981.htm｜https://nhandan.vn/lang-rau-tra-que-net-dep-xanh-giua-long-hoi-an-post855216.html｜https://baochinhphu.vn/lang-nong-nghiep-hut-khach-quoc-te-10225011411491589.htm｜https://thanhnien.vn/du-xuan-o-lang-rau-di-san-khach-tay-hao-hung-hoa-than-thanh-nong-dan-185250127155922847.htm,funding_scale,https://images2.thanhnien.vn/zoom/1200_630/528068263637045248/2024/11/15/z6032911888634e2e0347359e37d5ac243596175ea9717-1731639742433587742305-85-0-1365-2048-crop-173163992825382777069.jpg,Thanh Niên,2026-08-17,https://yusu0326.github.io/terroir-site/p/vn-0003.html
vn-0004,海沿いの村の家の壁に絵を描いて、村ごと壁画の村にした,làng bích họa Tam Thanh,ベトナム,クアンナム省,"タムキー市タムタン社（xã Tam Thanh, TP Tam Kỳ）",6067,5万人未満,人を呼ぶ,文化・アート・祭り,2016,,継続中,混合,UBND TP Tam Kỳ（タムキー市人民委員会）と Quỹ giao lưu quốc tế Hàn Quốc（Korea Foundation）,hybrid,住民の家の壁に100枚超の絵を描いた｜毎年の絵画キャンプを制度にした｜韓国の財団と市が組んで始めた｜色あせた絵を描き足しに戻った,2024,8,濃い,2016年6月に始まり、2018年に描き足された。2019年には色あせや落書き、壁画のある家の取り壊しが報じられ、2023年には一部の絵が論争になった。2024年にも画家が入って描き足している。,,,4,https://tuoitre.vn/dap-bo-xay-moi-o-lang-bich-hoa-tam-thanh-20191212092538173.htm｜https://nhandan.vn/bi-an-ngo-nghinh-lang-bich-hoa-tam-thanh-post461164.html｜https://thanhnien.vn/tranh-lang-bich-hoa-gay-tranh-cai-buc-nao-chua-phu-hop-se-xin-dieu-chinh-185230425082455041.htm｜https://tuoitre.vn/hoa-si-ve-lang-bich-hoa-tam-thanh-ve-them-tranh-tuong-20240523122956751.htm,funding_scale,https://cdn2.tuoitre.vn/zoom/1200_630/471584752817336320/2024/5/23/hoa-si-ve-lang-bich-hoa-tam-thanh-ve-them-tranh-tren-tuong-nha-dan-le-trung-2024-05-23-5-17164417913961308257288-308-0-1355-2000-crop-17164420088611174052822.jpg,Tuổi Trẻ,2026-08-17,https://yusu0326.github.io/terroir-site/p/vn-0004.html
vn-0005,車の少ない短い通りを、常設の書店街に作り替えた,Đường sách TP.HCM,ベトナム,ホーチミン市,ホーチミン市1区（Nguyễn Văn Bình 通り）,9521886,25万超,商いを起こす,商店街・市場,2016,,継続中,混合,Công ty Đường sách TP.HCM（運営会社）。市党委・市人民委員会の指導と、ベトナム出版協会（Hội Xuất bản Việt Nam）の協力による,hard,車の少ない通りを書店街にした｜出版社ごとに常設の売り場を置いた｜出店者に催しの開催を求めた｜売上と来場を毎年公表した,2026,10,濃い,"2016年1月9日に開業し、2018年には各地が同じ方式に注目していると報じられた。2023年には1日8,000人を超える来場、2024年には開業から2024年6月までの売上3,450億ドン・販売570万冊が公表され、2026年1月の10周年では10年間の売上が4,330億ドンを超えたとされた。",,,5,https://thanhnien.vn/van-hoa/tphcm-phu-song-duong-sach-921777.html｜https://tuoitre.vn/thanh-cong-cua-duong-sach-tp-hcm-truyen-cam-hung-muon-noi-20180111083955177.htm｜https://tuoitre.vn/moi-ngay-duong-sach-tp-hcm-don-hon-8-000-luot-khach-20230223134220797.htm｜https://tuoitre.vn/sau-hon-8-nam-duong-sach-tp-hcm-ban-gan-6-trieu-cuon-sach-20240911145543023.htm｜https://tuoitre.vn/10-nam-hoat-dong-duong-sach-tp-hcm-thu-tren-433-ti-dong-20260108141811215.htm,funding_scale,https://cdn2.tuoitre.vn/zoom/1200_630/471584752817336320/2024/9/11/z5819787296086756752dd1523467b684066347f3cbc24-17260417536981842354883-186-0-1045-1640-crop-1726041824950604368727.jpg,Tuổi Trẻ,2026-08-17,https://yusu0326.github.io/terroir-site/p/vn-0005.html
vn-0006,鉄道高架の19のアーチに絵を描き、5年で色が落ちて駐車場になった,phố bích họa Phùng Hưng,ベトナム,ハノイ市,ハノイ市ホアンキエム区フンフン通り,8400000,25万超,空間をひらく,文化・アート・祭り,2017,,縮小,混合,ホアンキエム区人民委員会、国連ハビタット（UN-Habitat）、韓国国際交流財団（Korea Foundation）、ハノイ旧市街管理委員会と画家グループ,hybrid,高架のアーチ19面に絵を描いた｜韓国と越の画家が共同で描いた｜高架下の歩道を石張りにした｜歩行者専用の通りにつないだ,2022,5,濃い,2017年11月に韓国の画家が描き始め、2018年2月に開通した。同じ2018年には旧市街の趣を損なうのではという問いが報じられ、2022年には絵の一部が消え、残りも劣化し、高架下は駐車に使われていると伝えられた。,,,4,https://tuoitre.vn/trien-khai-du-an-bich-hoa-gam-cau-phung-hung-20171104180959473.htm｜https://tuoitre.vn/pho-bich-hoa-phung-hung-co-lam-bien-dang-hon-pho-co-20181021172201996.htm｜https://danviet.vn/hang-loat-khong-gian-van-hoa-nghe-thuat-tai-ha-noi-bi-boi-ban-xuong-cap-khien-nhieu-nguoi-xot-xa-20220815123155621-d1037457.html｜https://tuoitre.vn/plo/pho-bich-hoa-phung-hung-o-ha-noi-xuong-cap-post709676.html,funding_scale,https://cdn2.tuoitre.vn/plo/image/Uploaded/phihung/2022_11_27/dsc03876-7653.jpg,Pháp Luật TP.HCM（Tuổi Trẻ Online 転載面）,2026-08-17,https://yusu0326.github.io/terroir-site/p/vn-0006.html
vn-0007,ゴミ捨て場と空き地を、住民が持ち主になる遊び場に変え続けた,Think Playgrounds,ベトナム,全国（ハノイが起点）,ハノイ（起点）。ホーチミン市ビンタン区、ハノイ市ドンアイン県などへ広がった,,不明,住民が決める,学校・公共施設,2014,,継続中,混合,Think Playgrounds（有志の集まりから社会的企業になった設計組織）。共同設立者のグエン・ティエウ・クオック・ダット氏。据え付けは企業の社員と地域の青年団、その後の手入れは住民の団体が担う,hard,ゴミ捨て場と空き地を遊び場に変えた｜古タイヤと廃材で遊具をつくる｜住民が持ち主になる形をとる｜企業と青年団が据え付けを担う｜障害のある子ども向けの遊び場も作る,2025,11,濃い,2014年に有志の集まりとして始まり、社会的企業になった。2024年6月には10年で240か所と報じられ、2025年5月には2024年時点で公共空間と遊び場が270か所を超え、うち20か所以上が障害のある人も使えるものだと伝えられている。,,,4,https://www.sggp.org.vn/basf-viet-nam-va-think-playgrounds-ra-mat-san-choi-cong-dong-thu-7-post693462.html｜https://nhandan.vn/nhung-cong-vien-0-dong-post812285.html｜https://tuoitre.vn/cuoc-thi-tai-tao-xanh-bien-nhung-bai-dat-trong-thanh-san-choi-cho-tre-em-2024070117255003.htm｜https://hanoigrapevine.com/2025/05/finest-organisers-2024-2025-think-playgrounds/,population_scale｜population_current｜funding_scale,https://cdn.nhandan.vn/images/IvCZyovHroGqKo00FqhL-ASKmEGehqCrebyxnAvbkyyS7DbMNwJCLzi9bQ3Fi2iJ2uC71-b8sGsF2rENnybhTreuE82jM7GmWKSqCdvYVHc/d0206ncv-3317.jpg.webp,Nhân Dân,2026-08-19,https://yusu0326.github.io/terroir-site/p/vn-0007.html
vn-0008,1980年から土砂で封鎖されていた鉄道高架のアーチ壁に2017年から壁画を設置して歩行者路にし、2019年には1区画のアーチ自体も開通させた,phố bích họa Phùng Hưng,ベトナム,ハノイ市,Hoàn Kiếm（ハノイ市ホアンキエム区）,212921,5万〜25万,歩けるようにする,空き家・空き店舗・遊休不動産,2017,,判定不能,混合,"壁画の設置は、ハノイ市ホアンキエム区人民委員会（UBND quận Hoàn Kiếm）が国連人間居住計画（UN-Habitat）および 韓国国際交流財団（Korea Foundation）と共同で実施し、2017年11月から着手、2018年2月に開幕した（Tuổi Trẻ 2018-10-22）。 実務はハノイ旧市街管理委員会（Ban Quản lý Phố cổ Hà Nội）が担った。壁画の劣化修復（2022年12月開始）も同管理委員会が 修復チームと共同で行っている（Dân Trí 2022-12-21）。 アーチ内部の開通（「đục thông」）は、鉄道インフラを所管するベトナム鉄道局（Cục Đường sắt Việt Nam）の許可 （2020年4月9日付・文書番号568号）とベトナム鉄道総公社（Tổng công ty Đường sắt Việt Nam）の施工許可決定 （2020年5月26日付・決定359号）にもとづき、ハノイ旧市街管理委員会が施工を主導した（Tiền Phong 2020-07-07）。 ホアンキエム区副委員長のPhạm Tuấn Long氏がVTV（2020-07-07）とTiền Phong（2020-07-07）に経緯を説明している。 2025年時点の計画では、区画の引き渡し後はベトナム鉄道総公社（VNR）が店舗貸出などの商業活用に向けた再設計を 担うとされる（Tiền Phong 2025-10-22）。
",hybrid,取り外し可能な板に壁画19点を設置｜ドンスアン市場に通じる歩行者路に指定｜封鎖アーチ1区画を試験的に開通｜続く5区画の穿孔工事再開を承認｜劣化した壁画を修復し歩道の不法占用を撤去,2025,8,濃い,2022年に壁画修復と歩道の不法占用撤去が伝えられたが、2025年の記事は一帯の文化空間が停滞し劣化したままだと報じている,,,6,https://tuoitre.vn/pho-bich-hoa-phung-hung-co-lam-bien-dang-hon-pho-co-20181021172201996.htm｜https://kenh14.vn/pho-bich-hoa-phung-hung-hoi-sinh-tro-thanh-pho-di-bo-ket-noi-voi-khong-gian-cho-dong-xuan-20180203012025728.chn｜https://vtv.vn/xa-hoi/duc-thong-5-vom-cau-mo-rong-khong-gian-pho-di-bo-phung-hung-20200707104223928.htm｜https://tienphong.vn/mo-tiep-5-vom-cau-phung-hung-them-pho-di-bo-trong-tuong-lai-post1254242.tpo｜https://dantri.com.vn/xa-hoi/tranh-bich-hoa-pho-phung-hung-duoc-phuc-hoi-sau-thoi-gian-dai-xuong-cap-20221221125546070.htm｜https://tienphong.vn/khong-gian-van-hoa-vom-cau-phung-hung-dang-do-sau-8-nam-thi-diem-post1789329.tpo,funding_scale,https://kenh14cdn.com/thumb_w/1200/2018/2/3/photo1517597215643-15175972156431656333880.jpg,Trí Thức Trẻ（Kênh14 に転載）,2026-09-01,https://yusu0326.github.io/terroir-site/p/vn-0008.html
vn-0009,200年前の古城の堀のまわりを週末だけ歩行者に開き、祭りと公演で3年に130万人を集めた,phố đi bộ Thành cổ Sơn Tây,ベトナム,ハノイ市,ハノイ市ソンタイ市社（thị xã Sơn Tây）。フォー・ドゥック・チン－ファン・チュー・チン－グエン・タイ・ホックの3通り一帯,156480,5万〜25万,歩けるようにする,文化・アート・祭り,2022,,継続中,行政,UBND thị xã Sơn Tây（ソンタイ市社人民委員会）。開幕式ではソンタイ市社党委書記チャン・アイン・トゥアン氏（Trần Anh Tuấn – Bí thư Thị ủy Sơn Tây）が趣旨を述べ、その後の運営は市社の文化情報スポーツセンター・市社青年団・各種クラブ団体が担っている,hybrid,週末だけ車両を締め出す歩行者街にした｜遊歩道・植樹・堀への注水など整備した｜週末ごとに文化芸術公演を開催した｜OCOP産品店や土産物店を通りに配置した,2025,3,濃い,2022年4月30日の開業から2025年4月の3周年報道まで、来場者数（4か月で25万人超→1年弱で42万人超→3年で130万人超）と公演回数の推移を複数年にわたって追える。,,,5,https://tuoitre.vn/kham-pha-pho-di-bo-ben-thanh-co-son-tay-hon-200-nam-tuoi-20220501181612084.htm｜https://www.vietnamplus.vn/ha-noi-pho-di-bo-thanh-co-son-tay-nhon-nhip-trong-ngay-dau-mo-cua-post787723.vnp｜https://www.vietnamplus.vn/pho-di-bo-thanh-co-son-tay-thu-hut-25-van-khach-sau-4-thang-hoat-dong-post822097.vnp｜https://nhandan.vn/tang-suc-hap-dan-cho-pho-di-bo-quanh-thanh-co-son-tay-post746614.html｜https://sovhtt.hanoi.gov.vn/tuyen-pho-di-bo-thanh-co-son-tay-thu-hut-gan-1-van-khach-moi-toi/,funding_scale,https://cdn.nhandan.vn/images/IvCZyovHroGqKo00FqhL-DZMLcfLFywYTnYuu8LLdUvBlHkqWSEQEOxh-zlw6pumcsuKaMrGJ0R-ddhpTPM6NLeuE82jM7GmWKSqCdvYVHc/hn3-6978.jpg.webp,Nhân Dân điện tử,2026-09-03,https://yusu0326.github.io/terroir-site/p/vn-0009.html
za-0001,モールに壊されかけた100年市場を、露天商たちが守り続けている,Warwick Junction,南アフリカ,クワズール・ナタール州,eThekwini（ダーバン）,4239901,25万超,商いを起こす,商店街・市場,2009,,継続中,混合,露天商・労働組合・NGO・研究者らによる反対運動（Early Morning Market Support Group）と、NPO Asiye eTafuleni（共同設立者の一人 Patrick Ndlovu）,hybrid,1994年からの参加型都市再生で整備された｜2009年、モール建設計画に抵抗した｜支援グループが反対運動を組織した｜NPOが露天商の権利獲得を支援した｜NPOが仮設の衛生設備を設置した,2026,17,濃い,"2009年のモール化計画への抵抗から17年。2020年の封鎖では9市場・約8,000人の露天商が影響を受け、2026年6月時点でも壊れた水回りをNPOが仮設で補っている。",,,4,https://journals.openedition.org/echogeo/12043?lang=en｜https://groundup.org.za/article/covid-19-informal-traders-will-need-support-beyond-lockdown/｜https://www.tandfonline.com/doi/full/10.1080/13604813.2023.2223884｜https://www.dailymaverick.co.za/article/2026-06-16-cooked-the-precarious-life-of-informal-traders-in-a-heating-world/,funding_scale,https://cdn.dailymaverick.co.za/i/zzHdyNNtpHvHAGC06qQSdU6bXIY=/800x0/smart/filters:strip_exif()/file/attachments/orphans/1aIMG_5479_604435.jpg,Daily Maverick,2026-09-02,https://yusu0326.github.io/terroir-site/p/za-0001.html
zm-0001,6MW水力発電所を15MWへ増強する事業に、老朽施設を観光客向け博物館へ転用する計画を組み込んだ,Chishimba Falls Hydro-Power Station,ザンビア,北部州,カサマ県（Kasama District）,89023,5万〜25万,人を呼ぶ,エネルギー・資源循環,2016,,判定不能,混合,ZESCO Limited（ザンビア電力供給公社）とドイツ復興金融公庫（KfW）,hard,6MW発電所を15MWへ増強する計画を立てた｜老朽区画を観光客向け博物館に転用する計画を立てた｜発電所までの街灯を改修する計画を立てた｜住民向けの育苗施設を新設する計画を立てた｜ドイツ開発銀行KfWから融資・贈与を受けた,2021,5,濃い,2016年の融資合意ののち、2019年の追加合意、2020年のコンサルタント公募、2021年の計画内容の報道と、更新が続いている。,,,4,https://www.lusakatimes.com/2016/02/04/zesco-gets/｜https://diggers.news/business/2019/09/12/zesco-gets-46m-grant-to-rehabilitate-chishimba-falls-hydro-power-station/｜https://www.hydropower-dams.com/news/owners-engineer-sought-for-chishimba-falls-hydro-project-in-zambia/｜https://constructionreviewonline.com/news/zambia-to-rehabilitate-us-46m-chishimba-falls-power-station/,,,,2026-09-03,https://yusu0326.github.io/terroir-site/p/zm-0001.html
